solid sphere_r150
  facet normal 0.000000 -0.000000 0.000000
    outer loop
      vertex 0.000000 0.000000 150.000000
      vertex 14.631774 1.441104 149.277709
      vertex 0.000000 0.000000 150.000000
    endloop
  endfacet
  facet normal 0.000000 -0.000000 0.000000
    outer loop
      vertex 0.000000 0.000000 150.000000
      vertex 14.420065 2.868329 149.277709
      vertex 0.000000 0.000000 150.000000
    endloop
  endfacet
  facet normal 0.000000 -0.000000 0.000000
    outer loop
      vertex 0.000000 0.000000 150.000000
      vertex 14.069483 4.267931 149.277709
      vertex 0.000000 0.000000 150.000000
    endloop
  endfacet
  facet normal 0.000000 -0.000000 0.000000
    outer loop
      vertex 0.000000 0.000000 150.000000
      vertex 13.583404 5.626430 149.277709
      vertex 0.000000 0.000000 150.000000
    endloop
  endfacet
  facet normal 0.000000 -0.000000 0.000000
    outer loop
      vertex 0.000000 0.000000 150.000000
      vertex 12.966510 6.930744 149.277709
      vertex 0.000000 0.000000 150.000000
    endloop
  endfacet
  facet normal 0.000000 -0.000000 0.000000
    outer loop
      vertex 0.000000 0.000000 150.000000
      vertex 12.224741 8.168311 149.277709
      vertex 0.000000 0.000000 150.000000
    endloop
  endfacet
  facet normal 0.000000 -0.000000 0.000000
    outer loop
      vertex 0.000000 0.000000 150.000000
      vertex 11.365241 9.327212 149.277709
      vertex 0.000000 0.000000 150.000000
    endloop
  endfacet
  facet normal 0.000000 -0.000000 0.000000
    outer loop
      vertex 0.000000 0.000000 150.000000
      vertex 10.396288 10.396288 149.277709
      vertex 0.000000 0.000000 150.000000
    endloop
  endfacet
  facet normal 0.000000 -0.000000 0.000000
    outer loop
      vertex 0.000000 0.000000 150.000000
      vertex 9.327212 11.365241 149.277709
      vertex 0.000000 0.000000 150.000000
    endloop
  endfacet
  facet normal 0.000000 -0.000000 0.000000
    outer loop
      vertex 0.000000 0.000000 150.000000
      vertex 8.168311 12.224741 149.277709
      vertex 0.000000 0.000000 150.000000
    endloop
  endfacet
  facet normal 0.000000 -0.000000 0.000000
    outer loop
      vertex 0.000000 0.000000 150.000000
      vertex 6.930744 12.966510 149.277709
      vertex 0.000000 0.000000 150.000000
    endloop
  endfacet
  facet normal 0.000000 -0.000000 0.000000
    outer loop
      vertex 0.000000 0.000000 150.000000
      vertex 5.626430 13.583404 149.277709
      vertex 0.000000 0.000000 150.000000
    endloop
  endfacet
  facet normal 0.000000 -0.000000 0.000000
    outer loop
      vertex 0.000000 0.000000 150.000000
      vertex 4.267931 14.069483 149.277709
      vertex 0.000000 0.000000 150.000000
    endloop
  endfacet
  facet normal 0.000000 -0.000000 0.000000
    outer loop
      vertex 0.000000 0.000000 150.000000
      vertex 2.868329 14.420065 149.277709
      vertex 0.000000 0.000000 150.000000
    endloop
  endfacet
  facet normal 0.000000 -0.000000 0.000000
    outer loop
      vertex 0.000000 0.000000 150.000000
      vertex 1.441104 14.631774 149.277709
      vertex 0.000000 0.000000 150.000000
    endloop
  endfacet
  facet normal 0.000000 -0.000000 0.000000
    outer loop
      vertex 0.000000 0.000000 150.000000
      vertex 0.000000 14.702571 149.277709
      vertex 0.000000 0.000000 150.000000
    endloop
  endfacet
  facet normal 0.000000 0.000000 0.000000
    outer loop
      vertex 0.000000 0.000000 150.000000
      vertex -1.441104 14.631774 149.277709
      vertex -0.000000 0.000000 150.000000
    endloop
  endfacet
  facet normal 0.000000 0.000000 -0.000000
    outer loop
      vertex -0.000000 0.000000 150.000000
      vertex -2.868329 14.420065 149.277709
      vertex -0.000000 0.000000 150.000000
    endloop
  endfacet
  facet normal 0.000000 0.000000 -0.000000
    outer loop
      vertex -0.000000 0.000000 150.000000
      vertex -4.267931 14.069483 149.277709
      vertex -0.000000 0.000000 150.000000
    endloop
  endfacet
  facet normal 0.000000 0.000000 -0.000000
    outer loop
      vertex -0.000000 0.000000 150.000000
      vertex -5.626430 13.583404 149.277709
      vertex -0.000000 0.000000 150.000000
    endloop
  endfacet
  facet normal 0.000000 0.000000 -0.000000
    outer loop
      vertex -0.000000 0.000000 150.000000
      vertex -6.930744 12.966510 149.277709
      vertex -0.000000 0.000000 150.000000
    endloop
  endfacet
  facet normal 0.000000 0.000000 -0.000000
    outer loop
      vertex -0.000000 0.000000 150.000000
      vertex -8.168311 12.224741 149.277709
      vertex -0.000000 0.000000 150.000000
    endloop
  endfacet
  facet normal 0.000000 0.000000 -0.000000
    outer loop
      vertex -0.000000 0.000000 150.000000
      vertex -9.327212 11.365241 149.277709
      vertex -0.000000 0.000000 150.000000
    endloop
  endfacet
  facet normal 0.000000 0.000000 -0.000000
    outer loop
      vertex -0.000000 0.000000 150.000000
      vertex -10.396288 10.396288 149.277709
      vertex -0.000000 0.000000 150.000000
    endloop
  endfacet
  facet normal 0.000000 0.000000 -0.000000
    outer loop
      vertex -0.000000 0.000000 150.000000
      vertex -11.365241 9.327212 149.277709
      vertex -0.000000 0.000000 150.000000
    endloop
  endfacet
  facet normal 0.000000 0.000000 -0.000000
    outer loop
      vertex -0.000000 0.000000 150.000000
      vertex -12.224741 8.168311 149.277709
      vertex -0.000000 0.000000 150.000000
    endloop
  endfacet
  facet normal 0.000000 0.000000 -0.000000
    outer loop
      vertex -0.000000 0.000000 150.000000
      vertex -12.966510 6.930744 149.277709
      vertex -0.000000 0.000000 150.000000
    endloop
  endfacet
  facet normal 0.000000 0.000000 -0.000000
    outer loop
      vertex -0.000000 0.000000 150.000000
      vertex -13.583404 5.626430 149.277709
      vertex -0.000000 0.000000 150.000000
    endloop
  endfacet
  facet normal 0.000000 0.000000 -0.000000
    outer loop
      vertex -0.000000 0.000000 150.000000
      vertex -14.069483 4.267931 149.277709
      vertex -0.000000 0.000000 150.000000
    endloop
  endfacet
  facet normal 0.000000 0.000000 -0.000000
    outer loop
      vertex -0.000000 0.000000 150.000000
      vertex -14.420065 2.868329 149.277709
      vertex -0.000000 0.000000 150.000000
    endloop
  endfacet
  facet normal 0.000000 0.000000 -0.000000
    outer loop
      vertex -0.000000 0.000000 150.000000
      vertex -14.631774 1.441104 149.277709
      vertex -0.000000 0.000000 150.000000
    endloop
  endfacet
  facet normal 0.000000 0.000000 -0.000000
    outer loop
      vertex -0.000000 0.000000 150.000000
      vertex -14.702571 0.000000 149.277709
      vertex -0.000000 0.000000 150.000000
    endloop
  endfacet
  facet normal -0.000000 0.000000 0.000000
    outer loop
      vertex -0.000000 0.000000 150.000000
      vertex -14.631774 -1.441104 149.277709
      vertex -0.000000 -0.000000 150.000000
    endloop
  endfacet
  facet normal 0.000000 0.000000 0.000000
    outer loop
      vertex -0.000000 -0.000000 150.000000
      vertex -14.420065 -2.868329 149.277709
      vertex -0.000000 -0.000000 150.000000
    endloop
  endfacet
  facet normal 0.000000 0.000000 0.000000
    outer loop
      vertex -0.000000 -0.000000 150.000000
      vertex -14.069483 -4.267931 149.277709
      vertex -0.000000 -0.000000 150.000000
    endloop
  endfacet
  facet normal 0.000000 0.000000 0.000000
    outer loop
      vertex -0.000000 -0.000000 150.000000
      vertex -13.583404 -5.626430 149.277709
      vertex -0.000000 -0.000000 150.000000
    endloop
  endfacet
  facet normal 0.000000 0.000000 0.000000
    outer loop
      vertex -0.000000 -0.000000 150.000000
      vertex -12.966510 -6.930744 149.277709
      vertex -0.000000 -0.000000 150.000000
    endloop
  endfacet
  facet normal 0.000000 0.000000 0.000000
    outer loop
      vertex -0.000000 -0.000000 150.000000
      vertex -12.224741 -8.168311 149.277709
      vertex -0.000000 -0.000000 150.000000
    endloop
  endfacet
  facet normal 0.000000 0.000000 0.000000
    outer loop
      vertex -0.000000 -0.000000 150.000000
      vertex -11.365241 -9.327212 149.277709
      vertex -0.000000 -0.000000 150.000000
    endloop
  endfacet
  facet normal 0.000000 0.000000 0.000000
    outer loop
      vertex -0.000000 -0.000000 150.000000
      vertex -10.396288 -10.396288 149.277709
      vertex -0.000000 -0.000000 150.000000
    endloop
  endfacet
  facet normal 0.000000 0.000000 0.000000
    outer loop
      vertex -0.000000 -0.000000 150.000000
      vertex -9.327212 -11.365241 149.277709
      vertex -0.000000 -0.000000 150.000000
    endloop
  endfacet
  facet normal 0.000000 0.000000 0.000000
    outer loop
      vertex -0.000000 -0.000000 150.000000
      vertex -8.168311 -12.224741 149.277709
      vertex -0.000000 -0.000000 150.000000
    endloop
  endfacet
  facet normal 0.000000 0.000000 0.000000
    outer loop
      vertex -0.000000 -0.000000 150.000000
      vertex -6.930744 -12.966510 149.277709
      vertex -0.000000 -0.000000 150.000000
    endloop
  endfacet
  facet normal 0.000000 0.000000 0.000000
    outer loop
      vertex -0.000000 -0.000000 150.000000
      vertex -5.626430 -13.583404 149.277709
      vertex -0.000000 -0.000000 150.000000
    endloop
  endfacet
  facet normal 0.000000 0.000000 0.000000
    outer loop
      vertex -0.000000 -0.000000 150.000000
      vertex -4.267931 -14.069483 149.277709
      vertex -0.000000 -0.000000 150.000000
    endloop
  endfacet
  facet normal 0.000000 0.000000 0.000000
    outer loop
      vertex -0.000000 -0.000000 150.000000
      vertex -2.868329 -14.420065 149.277709
      vertex -0.000000 -0.000000 150.000000
    endloop
  endfacet
  facet normal 0.000000 0.000000 0.000000
    outer loop
      vertex -0.000000 -0.000000 150.000000
      vertex -1.441104 -14.631774 149.277709
      vertex -0.000000 -0.000000 150.000000
    endloop
  endfacet
  facet normal 0.000000 0.000000 0.000000
    outer loop
      vertex -0.000000 -0.000000 150.000000
      vertex -0.000000 -14.702571 149.277709
      vertex -0.000000 -0.000000 150.000000
    endloop
  endfacet
  facet normal 0.000000 -0.000000 0.000000
    outer loop
      vertex -0.000000 -0.000000 150.000000
      vertex 1.441104 -14.631774 149.277709
      vertex 0.000000 -0.000000 150.000000
    endloop
  endfacet
  facet normal 0.000000 -0.000000 0.000000
    outer loop
      vertex 0.000000 -0.000000 150.000000
      vertex 2.868329 -14.420065 149.277709
      vertex 0.000000 -0.000000 150.000000
    endloop
  endfacet
  facet normal 0.000000 -0.000000 0.000000
    outer loop
      vertex 0.000000 -0.000000 150.000000
      vertex 4.267931 -14.069483 149.277709
      vertex 0.000000 -0.000000 150.000000
    endloop
  endfacet
  facet normal 0.000000 -0.000000 0.000000
    outer loop
      vertex 0.000000 -0.000000 150.000000
      vertex 5.626430 -13.583404 149.277709
      vertex 0.000000 -0.000000 150.000000
    endloop
  endfacet
  facet normal 0.000000 -0.000000 0.000000
    outer loop
      vertex 0.000000 -0.000000 150.000000
      vertex 6.930744 -12.966510 149.277709
      vertex 0.000000 -0.000000 150.000000
    endloop
  endfacet
  facet normal 0.000000 -0.000000 0.000000
    outer loop
      vertex 0.000000 -0.000000 150.000000
      vertex 8.168311 -12.224741 149.277709
      vertex 0.000000 -0.000000 150.000000
    endloop
  endfacet
  facet normal 0.000000 -0.000000 0.000000
    outer loop
      vertex 0.000000 -0.000000 150.000000
      vertex 9.327212 -11.365241 149.277709
      vertex 0.000000 -0.000000 150.000000
    endloop
  endfacet
  facet normal 0.000000 -0.000000 0.000000
    outer loop
      vertex 0.000000 -0.000000 150.000000
      vertex 10.396288 -10.396288 149.277709
      vertex 0.000000 -0.000000 150.000000
    endloop
  endfacet
  facet normal 0.000000 -0.000000 0.000000
    outer loop
      vertex 0.000000 -0.000000 150.000000
      vertex 11.365241 -9.327212 149.277709
      vertex 0.000000 -0.000000 150.000000
    endloop
  endfacet
  facet normal 0.000000 -0.000000 0.000000
    outer loop
      vertex 0.000000 -0.000000 150.000000
      vertex 12.224741 -8.168311 149.277709
      vertex 0.000000 -0.000000 150.000000
    endloop
  endfacet
  facet normal 0.000000 -0.000000 0.000000
    outer loop
      vertex 0.000000 -0.000000 150.000000
      vertex 12.966510 -6.930744 149.277709
      vertex 0.000000 -0.000000 150.000000
    endloop
  endfacet
  facet normal 0.000000 -0.000000 0.000000
    outer loop
      vertex 0.000000 -0.000000 150.000000
      vertex 13.583404 -5.626430 149.277709
      vertex 0.000000 -0.000000 150.000000
    endloop
  endfacet
  facet normal 0.000000 -0.000000 0.000000
    outer loop
      vertex 0.000000 -0.000000 150.000000
      vertex 14.069483 -4.267931 149.277709
      vertex 0.000000 -0.000000 150.000000
    endloop
  endfacet
  facet normal 0.000000 -0.000000 0.000000
    outer loop
      vertex 0.000000 -0.000000 150.000000
      vertex 14.420065 -2.868329 149.277709
      vertex 0.000000 -0.000000 150.000000
    endloop
  endfacet
  facet normal 0.000000 -0.000000 0.000000
    outer loop
      vertex 0.000000 -0.000000 150.000000
      vertex 14.631774 -1.441104 149.277709
      vertex 0.000000 -0.000000 150.000000
    endloop
  endfacet
  facet normal 0.000000 -0.000000 0.000000
    outer loop
      vertex 0.000000 -0.000000 150.000000
      vertex 14.702571 -0.000000 149.277709
      vertex 0.000000 -0.000000 150.000000
    endloop
  endfacet
  facet normal 0.146727 0.007208 0.989151
    outer loop
      vertex 14.702571 0.000000 149.277709
      vertex 29.263548 0.000000 147.117792
      vertex 29.122636 2.868329 147.117792
    endloop
  endfacet
  facet normal 0.146727 0.007208 0.989151
    outer loop
      vertex 14.702571 0.000000 149.277709
      vertex 29.122636 2.868329 147.117792
      vertex 14.631774 1.441104 149.277709
    endloop
  endfacet
  facet normal 0.145314 0.021555 0.989151
    outer loop
      vertex 14.631774 1.441104 149.277709
      vertex 29.122636 2.868329 147.117792
      vertex 28.701257 5.709035 147.117792
    endloop
  endfacet
  facet normal 0.145314 0.021555 0.989151
    outer loop
      vertex 14.631774 1.441104 149.277709
      vertex 28.701257 5.709035 147.117792
      vertex 14.420065 2.868329 149.277709
    endloop
  endfacet
  facet normal 0.142501 0.035695 0.989151
    outer loop
      vertex 14.420065 2.868329 149.277709
      vertex 28.701257 5.709035 147.117792
      vertex 28.003470 8.494760 147.117792
    endloop
  endfacet
  facet normal 0.142501 0.035695 0.989151
    outer loop
      vertex 14.420065 2.868329 149.277709
      vertex 28.003470 8.494760 147.117792
      vertex 14.069483 4.267931 149.277709
    endloop
  endfacet
  facet normal 0.138316 0.049490 0.989151
    outer loop
      vertex 14.069483 4.267931 149.277709
      vertex 28.003470 8.494760 147.117792
      vertex 27.035993 11.198675 147.117792
    endloop
  endfacet
  facet normal 0.138316 0.049490 0.989151
    outer loop
      vertex 14.069483 4.267931 149.277709
      vertex 27.035993 11.198675 147.117792
      vertex 13.583404 5.626430 149.277709
    endloop
  endfacet
  facet normal 0.132799 0.062809 0.989151
    outer loop
      vertex 13.583404 5.626430 149.277709
      vertex 27.035993 11.198675 147.117792
      vertex 25.808146 13.794741 147.117792
    endloop
  endfacet
  facet normal 0.132799 0.062809 0.989151
    outer loop
      vertex 13.583404 5.626430 149.277709
      vertex 25.808146 13.794741 147.117792
      vertex 12.966510 6.930744 149.277709
    endloop
  endfacet
  facet normal 0.126003 0.075524 0.989151
    outer loop
      vertex 12.966510 6.930744 149.277709
      vertex 25.808146 13.794741 147.117792
      vertex 24.331751 16.257956 147.117792
    endloop
  endfacet
  facet normal 0.126003 0.075524 0.989151
    outer loop
      vertex 12.966510 6.930744 149.277709
      vertex 24.331751 16.257956 147.117792
      vertex 12.224741 8.168311 149.277709
    endloop
  endfacet
  facet normal 0.117994 0.087510 0.989151
    outer loop
      vertex 12.224741 8.168311 149.277709
      vertex 24.331751 16.257956 147.117792
      vertex 22.621029 18.564599 147.117792
    endloop
  endfacet
  facet normal 0.117994 0.087510 0.989151
    outer loop
      vertex 12.224741 8.168311 149.277709
      vertex 22.621029 18.564599 147.117792
      vertex 11.365241 9.327212 149.277709
    endloop
  endfacet
  facet normal 0.108848 0.098654 0.989151
    outer loop
      vertex 11.365241 9.327212 149.277709
      vertex 22.621029 18.564599 147.117792
      vertex 20.692453 20.692453 147.117792
    endloop
  endfacet
  facet normal 0.108848 0.098654 0.989151
    outer loop
      vertex 11.365241 9.327212 149.277709
      vertex 20.692453 20.692453 147.117792
      vertex 10.396288 10.396288 149.277709
    endloop
  endfacet
  facet normal 0.098654 0.108848 0.989151
    outer loop
      vertex 10.396288 10.396288 149.277709
      vertex 20.692453 20.692453 147.117792
      vertex 18.564599 22.621029 147.117792
    endloop
  endfacet
  facet normal 0.098654 0.108848 0.989151
    outer loop
      vertex 10.396288 10.396288 149.277709
      vertex 18.564599 22.621029 147.117792
      vertex 9.327212 11.365241 149.277709
    endloop
  endfacet
  facet normal 0.087510 0.117994 0.989151
    outer loop
      vertex 9.327212 11.365241 149.277709
      vertex 18.564599 22.621029 147.117792
      vertex 16.257956 24.331751 147.117792
    endloop
  endfacet
  facet normal 0.087510 0.117994 0.989151
    outer loop
      vertex 9.327212 11.365241 149.277709
      vertex 16.257956 24.331751 147.117792
      vertex 8.168311 12.224741 149.277709
    endloop
  endfacet
  facet normal 0.075524 0.126003 0.989151
    outer loop
      vertex 8.168311 12.224741 149.277709
      vertex 16.257956 24.331751 147.117792
      vertex 13.794741 25.808146 147.117792
    endloop
  endfacet
  facet normal 0.075524 0.126003 0.989151
    outer loop
      vertex 8.168311 12.224741 149.277709
      vertex 13.794741 25.808146 147.117792
      vertex 6.930744 12.966510 149.277709
    endloop
  endfacet
  facet normal 0.062809 0.132799 0.989151
    outer loop
      vertex 6.930744 12.966510 149.277709
      vertex 13.794741 25.808146 147.117792
      vertex 11.198675 27.035993 147.117792
    endloop
  endfacet
  facet normal 0.062809 0.132799 0.989151
    outer loop
      vertex 6.930744 12.966510 149.277709
      vertex 11.198675 27.035993 147.117792
      vertex 5.626430 13.583404 149.277709
    endloop
  endfacet
  facet normal 0.049490 0.138316 0.989151
    outer loop
      vertex 5.626430 13.583404 149.277709
      vertex 11.198675 27.035993 147.117792
      vertex 8.494760 28.003470 147.117792
    endloop
  endfacet
  facet normal 0.049490 0.138316 0.989151
    outer loop
      vertex 5.626430 13.583404 149.277709
      vertex 8.494760 28.003470 147.117792
      vertex 4.267931 14.069483 149.277709
    endloop
  endfacet
  facet normal 0.035695 0.142501 0.989151
    outer loop
      vertex 4.267931 14.069483 149.277709
      vertex 8.494760 28.003470 147.117792
      vertex 5.709035 28.701257 147.117792
    endloop
  endfacet
  facet normal 0.035695 0.142501 0.989151
    outer loop
      vertex 4.267931 14.069483 149.277709
      vertex 5.709035 28.701257 147.117792
      vertex 2.868329 14.420065 149.277709
    endloop
  endfacet
  facet normal 0.021555 0.145314 0.989151
    outer loop
      vertex 2.868329 14.420065 149.277709
      vertex 5.709035 28.701257 147.117792
      vertex 2.868329 29.122636 147.117792
    endloop
  endfacet
  facet normal 0.021555 0.145314 0.989151
    outer loop
      vertex 2.868329 14.420065 149.277709
      vertex 2.868329 29.122636 147.117792
      vertex 1.441104 14.631774 149.277709
    endloop
  endfacet
  facet normal 0.007208 0.146727 0.989151
    outer loop
      vertex 1.441104 14.631774 149.277709
      vertex 2.868329 29.122636 147.117792
      vertex 0.000000 29.263548 147.117792
    endloop
  endfacet
  facet normal 0.007208 0.146727 0.989151
    outer loop
      vertex 1.441104 14.631774 149.277709
      vertex 0.000000 29.263548 147.117792
      vertex 0.000000 14.702571 149.277709
    endloop
  endfacet
  facet normal -0.007208 0.146727 0.989151
    outer loop
      vertex 0.000000 14.702571 149.277709
      vertex 0.000000 29.263548 147.117792
      vertex -2.868329 29.122636 147.117792
    endloop
  endfacet
  facet normal -0.007208 0.146727 0.989151
    outer loop
      vertex 0.000000 14.702571 149.277709
      vertex -2.868329 29.122636 147.117792
      vertex -1.441104 14.631774 149.277709
    endloop
  endfacet
  facet normal -0.021555 0.145314 0.989151
    outer loop
      vertex -1.441104 14.631774 149.277709
      vertex -2.868329 29.122636 147.117792
      vertex -5.709035 28.701257 147.117792
    endloop
  endfacet
  facet normal -0.021555 0.145314 0.989151
    outer loop
      vertex -1.441104 14.631774 149.277709
      vertex -5.709035 28.701257 147.117792
      vertex -2.868329 14.420065 149.277709
    endloop
  endfacet
  facet normal -0.035695 0.142501 0.989151
    outer loop
      vertex -2.868329 14.420065 149.277709
      vertex -5.709035 28.701257 147.117792
      vertex -8.494760 28.003470 147.117792
    endloop
  endfacet
  facet normal -0.035695 0.142501 0.989151
    outer loop
      vertex -2.868329 14.420065 149.277709
      vertex -8.494760 28.003470 147.117792
      vertex -4.267931 14.069483 149.277709
    endloop
  endfacet
  facet normal -0.049490 0.138316 0.989151
    outer loop
      vertex -4.267931 14.069483 149.277709
      vertex -8.494760 28.003470 147.117792
      vertex -11.198675 27.035993 147.117792
    endloop
  endfacet
  facet normal -0.049490 0.138316 0.989151
    outer loop
      vertex -4.267931 14.069483 149.277709
      vertex -11.198675 27.035993 147.117792
      vertex -5.626430 13.583404 149.277709
    endloop
  endfacet
  facet normal -0.062809 0.132799 0.989151
    outer loop
      vertex -5.626430 13.583404 149.277709
      vertex -11.198675 27.035993 147.117792
      vertex -13.794741 25.808146 147.117792
    endloop
  endfacet
  facet normal -0.062809 0.132799 0.989151
    outer loop
      vertex -5.626430 13.583404 149.277709
      vertex -13.794741 25.808146 147.117792
      vertex -6.930744 12.966510 149.277709
    endloop
  endfacet
  facet normal -0.075524 0.126003 0.989151
    outer loop
      vertex -6.930744 12.966510 149.277709
      vertex -13.794741 25.808146 147.117792
      vertex -16.257956 24.331751 147.117792
    endloop
  endfacet
  facet normal -0.075524 0.126003 0.989151
    outer loop
      vertex -6.930744 12.966510 149.277709
      vertex -16.257956 24.331751 147.117792
      vertex -8.168311 12.224741 149.277709
    endloop
  endfacet
  facet normal -0.087510 0.117994 0.989151
    outer loop
      vertex -8.168311 12.224741 149.277709
      vertex -16.257956 24.331751 147.117792
      vertex -18.564599 22.621029 147.117792
    endloop
  endfacet
  facet normal -0.087510 0.117994 0.989151
    outer loop
      vertex -8.168311 12.224741 149.277709
      vertex -18.564599 22.621029 147.117792
      vertex -9.327212 11.365241 149.277709
    endloop
  endfacet
  facet normal -0.098654 0.108848 0.989151
    outer loop
      vertex -9.327212 11.365241 149.277709
      vertex -18.564599 22.621029 147.117792
      vertex -20.692453 20.692453 147.117792
    endloop
  endfacet
  facet normal -0.098654 0.108848 0.989151
    outer loop
      vertex -9.327212 11.365241 149.277709
      vertex -20.692453 20.692453 147.117792
      vertex -10.396288 10.396288 149.277709
    endloop
  endfacet
  facet normal -0.108848 0.098654 0.989151
    outer loop
      vertex -10.396288 10.396288 149.277709
      vertex -20.692453 20.692453 147.117792
      vertex -22.621029 18.564599 147.117792
    endloop
  endfacet
  facet normal -0.108848 0.098654 0.989151
    outer loop
      vertex -10.396288 10.396288 149.277709
      vertex -22.621029 18.564599 147.117792
      vertex -11.365241 9.327212 149.277709
    endloop
  endfacet
  facet normal -0.117994 0.087510 0.989151
    outer loop
      vertex -11.365241 9.327212 149.277709
      vertex -22.621029 18.564599 147.117792
      vertex -24.331751 16.257956 147.117792
    endloop
  endfacet
  facet normal -0.117994 0.087510 0.989151
    outer loop
      vertex -11.365241 9.327212 149.277709
      vertex -24.331751 16.257956 147.117792
      vertex -12.224741 8.168311 149.277709
    endloop
  endfacet
  facet normal -0.126003 0.075524 0.989151
    outer loop
      vertex -12.224741 8.168311 149.277709
      vertex -24.331751 16.257956 147.117792
      vertex -25.808146 13.794741 147.117792
    endloop
  endfacet
  facet normal -0.126003 0.075524 0.989151
    outer loop
      vertex -12.224741 8.168311 149.277709
      vertex -25.808146 13.794741 147.117792
      vertex -12.966510 6.930744 149.277709
    endloop
  endfacet
  facet normal -0.132799 0.062809 0.989151
    outer loop
      vertex -12.966510 6.930744 149.277709
      vertex -25.808146 13.794741 147.117792
      vertex -27.035993 11.198675 147.117792
    endloop
  endfacet
  facet normal -0.132799 0.062809 0.989151
    outer loop
      vertex -12.966510 6.930744 149.277709
      vertex -27.035993 11.198675 147.117792
      vertex -13.583404 5.626430 149.277709
    endloop
  endfacet
  facet normal -0.138316 0.049490 0.989151
    outer loop
      vertex -13.583404 5.626430 149.277709
      vertex -27.035993 11.198675 147.117792
      vertex -28.003470 8.494760 147.117792
    endloop
  endfacet
  facet normal -0.138316 0.049490 0.989151
    outer loop
      vertex -13.583404 5.626430 149.277709
      vertex -28.003470 8.494760 147.117792
      vertex -14.069483 4.267931 149.277709
    endloop
  endfacet
  facet normal -0.142501 0.035695 0.989151
    outer loop
      vertex -14.069483 4.267931 149.277709
      vertex -28.003470 8.494760 147.117792
      vertex -28.701257 5.709035 147.117792
    endloop
  endfacet
  facet normal -0.142501 0.035695 0.989151
    outer loop
      vertex -14.069483 4.267931 149.277709
      vertex -28.701257 5.709035 147.117792
      vertex -14.420065 2.868329 149.277709
    endloop
  endfacet
  facet normal -0.145314 0.021555 0.989151
    outer loop
      vertex -14.420065 2.868329 149.277709
      vertex -28.701257 5.709035 147.117792
      vertex -29.122636 2.868329 147.117792
    endloop
  endfacet
  facet normal -0.145314 0.021555 0.989151
    outer loop
      vertex -14.420065 2.868329 149.277709
      vertex -29.122636 2.868329 147.117792
      vertex -14.631774 1.441104 149.277709
    endloop
  endfacet
  facet normal -0.146727 0.007208 0.989151
    outer loop
      vertex -14.631774 1.441104 149.277709
      vertex -29.122636 2.868329 147.117792
      vertex -29.263548 0.000000 147.117792
    endloop
  endfacet
  facet normal -0.146727 0.007208 0.989151
    outer loop
      vertex -14.631774 1.441104 149.277709
      vertex -29.263548 0.000000 147.117792
      vertex -14.702571 0.000000 149.277709
    endloop
  endfacet
  facet normal -0.146727 -0.007208 0.989151
    outer loop
      vertex -14.702571 0.000000 149.277709
      vertex -29.263548 0.000000 147.117792
      vertex -29.122636 -2.868329 147.117792
    endloop
  endfacet
  facet normal -0.146727 -0.007208 0.989151
    outer loop
      vertex -14.702571 0.000000 149.277709
      vertex -29.122636 -2.868329 147.117792
      vertex -14.631774 -1.441104 149.277709
    endloop
  endfacet
  facet normal -0.145314 -0.021555 0.989151
    outer loop
      vertex -14.631774 -1.441104 149.277709
      vertex -29.122636 -2.868329 147.117792
      vertex -28.701257 -5.709035 147.117792
    endloop
  endfacet
  facet normal -0.145314 -0.021555 0.989151
    outer loop
      vertex -14.631774 -1.441104 149.277709
      vertex -28.701257 -5.709035 147.117792
      vertex -14.420065 -2.868329 149.277709
    endloop
  endfacet
  facet normal -0.142501 -0.035695 0.989151
    outer loop
      vertex -14.420065 -2.868329 149.277709
      vertex -28.701257 -5.709035 147.117792
      vertex -28.003470 -8.494760 147.117792
    endloop
  endfacet
  facet normal -0.142501 -0.035695 0.989151
    outer loop
      vertex -14.420065 -2.868329 149.277709
      vertex -28.003470 -8.494760 147.117792
      vertex -14.069483 -4.267931 149.277709
    endloop
  endfacet
  facet normal -0.138316 -0.049490 0.989151
    outer loop
      vertex -14.069483 -4.267931 149.277709
      vertex -28.003470 -8.494760 147.117792
      vertex -27.035993 -11.198675 147.117792
    endloop
  endfacet
  facet normal -0.138316 -0.049490 0.989151
    outer loop
      vertex -14.069483 -4.267931 149.277709
      vertex -27.035993 -11.198675 147.117792
      vertex -13.583404 -5.626430 149.277709
    endloop
  endfacet
  facet normal -0.132799 -0.062809 0.989151
    outer loop
      vertex -13.583404 -5.626430 149.277709
      vertex -27.035993 -11.198675 147.117792
      vertex -25.808146 -13.794741 147.117792
    endloop
  endfacet
  facet normal -0.132799 -0.062809 0.989151
    outer loop
      vertex -13.583404 -5.626430 149.277709
      vertex -25.808146 -13.794741 147.117792
      vertex -12.966510 -6.930744 149.277709
    endloop
  endfacet
  facet normal -0.126003 -0.075524 0.989151
    outer loop
      vertex -12.966510 -6.930744 149.277709
      vertex -25.808146 -13.794741 147.117792
      vertex -24.331751 -16.257956 147.117792
    endloop
  endfacet
  facet normal -0.126003 -0.075524 0.989151
    outer loop
      vertex -12.966510 -6.930744 149.277709
      vertex -24.331751 -16.257956 147.117792
      vertex -12.224741 -8.168311 149.277709
    endloop
  endfacet
  facet normal -0.117994 -0.087510 0.989151
    outer loop
      vertex -12.224741 -8.168311 149.277709
      vertex -24.331751 -16.257956 147.117792
      vertex -22.621029 -18.564599 147.117792
    endloop
  endfacet
  facet normal -0.117994 -0.087510 0.989151
    outer loop
      vertex -12.224741 -8.168311 149.277709
      vertex -22.621029 -18.564599 147.117792
      vertex -11.365241 -9.327212 149.277709
    endloop
  endfacet
  facet normal -0.108848 -0.098654 0.989151
    outer loop
      vertex -11.365241 -9.327212 149.277709
      vertex -22.621029 -18.564599 147.117792
      vertex -20.692453 -20.692453 147.117792
    endloop
  endfacet
  facet normal -0.108848 -0.098654 0.989151
    outer loop
      vertex -11.365241 -9.327212 149.277709
      vertex -20.692453 -20.692453 147.117792
      vertex -10.396288 -10.396288 149.277709
    endloop
  endfacet
  facet normal -0.098654 -0.108848 0.989151
    outer loop
      vertex -10.396288 -10.396288 149.277709
      vertex -20.692453 -20.692453 147.117792
      vertex -18.564599 -22.621029 147.117792
    endloop
  endfacet
  facet normal -0.098654 -0.108848 0.989151
    outer loop
      vertex -10.396288 -10.396288 149.277709
      vertex -18.564599 -22.621029 147.117792
      vertex -9.327212 -11.365241 149.277709
    endloop
  endfacet
  facet normal -0.087510 -0.117994 0.989151
    outer loop
      vertex -9.327212 -11.365241 149.277709
      vertex -18.564599 -22.621029 147.117792
      vertex -16.257956 -24.331751 147.117792
    endloop
  endfacet
  facet normal -0.087510 -0.117994 0.989151
    outer loop
      vertex -9.327212 -11.365241 149.277709
      vertex -16.257956 -24.331751 147.117792
      vertex -8.168311 -12.224741 149.277709
    endloop
  endfacet
  facet normal -0.075524 -0.126003 0.989151
    outer loop
      vertex -8.168311 -12.224741 149.277709
      vertex -16.257956 -24.331751 147.117792
      vertex -13.794741 -25.808146 147.117792
    endloop
  endfacet
  facet normal -0.075524 -0.126003 0.989151
    outer loop
      vertex -8.168311 -12.224741 149.277709
      vertex -13.794741 -25.808146 147.117792
      vertex -6.930744 -12.966510 149.277709
    endloop
  endfacet
  facet normal -0.062809 -0.132799 0.989151
    outer loop
      vertex -6.930744 -12.966510 149.277709
      vertex -13.794741 -25.808146 147.117792
      vertex -11.198675 -27.035993 147.117792
    endloop
  endfacet
  facet normal -0.062809 -0.132799 0.989151
    outer loop
      vertex -6.930744 -12.966510 149.277709
      vertex -11.198675 -27.035993 147.117792
      vertex -5.626430 -13.583404 149.277709
    endloop
  endfacet
  facet normal -0.049490 -0.138316 0.989151
    outer loop
      vertex -5.626430 -13.583404 149.277709
      vertex -11.198675 -27.035993 147.117792
      vertex -8.494760 -28.003470 147.117792
    endloop
  endfacet
  facet normal -0.049490 -0.138316 0.989151
    outer loop
      vertex -5.626430 -13.583404 149.277709
      vertex -8.494760 -28.003470 147.117792
      vertex -4.267931 -14.069483 149.277709
    endloop
  endfacet
  facet normal -0.035695 -0.142501 0.989151
    outer loop
      vertex -4.267931 -14.069483 149.277709
      vertex -8.494760 -28.003470 147.117792
      vertex -5.709035 -28.701257 147.117792
    endloop
  endfacet
  facet normal -0.035695 -0.142501 0.989151
    outer loop
      vertex -4.267931 -14.069483 149.277709
      vertex -5.709035 -28.701257 147.117792
      vertex -2.868329 -14.420065 149.277709
    endloop
  endfacet
  facet normal -0.021555 -0.145314 0.989151
    outer loop
      vertex -2.868329 -14.420065 149.277709
      vertex -5.709035 -28.701257 147.117792
      vertex -2.868329 -29.122636 147.117792
    endloop
  endfacet
  facet normal -0.021555 -0.145314 0.989151
    outer loop
      vertex -2.868329 -14.420065 149.277709
      vertex -2.868329 -29.122636 147.117792
      vertex -1.441104 -14.631774 149.277709
    endloop
  endfacet
  facet normal -0.007208 -0.146727 0.989151
    outer loop
      vertex -1.441104 -14.631774 149.277709
      vertex -2.868329 -29.122636 147.117792
      vertex -0.000000 -29.263548 147.117792
    endloop
  endfacet
  facet normal -0.007208 -0.146727 0.989151
    outer loop
      vertex -1.441104 -14.631774 149.277709
      vertex -0.000000 -29.263548 147.117792
      vertex -0.000000 -14.702571 149.277709
    endloop
  endfacet
  facet normal 0.007208 -0.146727 0.989151
    outer loop
      vertex -0.000000 -14.702571 149.277709
      vertex -0.000000 -29.263548 147.117792
      vertex 2.868329 -29.122636 147.117792
    endloop
  endfacet
  facet normal 0.007208 -0.146727 0.989151
    outer loop
      vertex -0.000000 -14.702571 149.277709
      vertex 2.868329 -29.122636 147.117792
      vertex 1.441104 -14.631774 149.277709
    endloop
  endfacet
  facet normal 0.021555 -0.145314 0.989151
    outer loop
      vertex 1.441104 -14.631774 149.277709
      vertex 2.868329 -29.122636 147.117792
      vertex 5.709035 -28.701257 147.117792
    endloop
  endfacet
  facet normal 0.021555 -0.145314 0.989151
    outer loop
      vertex 1.441104 -14.631774 149.277709
      vertex 5.709035 -28.701257 147.117792
      vertex 2.868329 -14.420065 149.277709
    endloop
  endfacet
  facet normal 0.035695 -0.142501 0.989151
    outer loop
      vertex 2.868329 -14.420065 149.277709
      vertex 5.709035 -28.701257 147.117792
      vertex 8.494760 -28.003470 147.117792
    endloop
  endfacet
  facet normal 0.035695 -0.142501 0.989151
    outer loop
      vertex 2.868329 -14.420065 149.277709
      vertex 8.494760 -28.003470 147.117792
      vertex 4.267931 -14.069483 149.277709
    endloop
  endfacet
  facet normal 0.049490 -0.138316 0.989151
    outer loop
      vertex 4.267931 -14.069483 149.277709
      vertex 8.494760 -28.003470 147.117792
      vertex 11.198675 -27.035993 147.117792
    endloop
  endfacet
  facet normal 0.049490 -0.138316 0.989151
    outer loop
      vertex 4.267931 -14.069483 149.277709
      vertex 11.198675 -27.035993 147.117792
      vertex 5.626430 -13.583404 149.277709
    endloop
  endfacet
  facet normal 0.062809 -0.132799 0.989151
    outer loop
      vertex 5.626430 -13.583404 149.277709
      vertex 11.198675 -27.035993 147.117792
      vertex 13.794741 -25.808146 147.117792
    endloop
  endfacet
  facet normal 0.062809 -0.132799 0.989151
    outer loop
      vertex 5.626430 -13.583404 149.277709
      vertex 13.794741 -25.808146 147.117792
      vertex 6.930744 -12.966510 149.277709
    endloop
  endfacet
  facet normal 0.075524 -0.126003 0.989151
    outer loop
      vertex 6.930744 -12.966510 149.277709
      vertex 13.794741 -25.808146 147.117792
      vertex 16.257956 -24.331751 147.117792
    endloop
  endfacet
  facet normal 0.075524 -0.126003 0.989151
    outer loop
      vertex 6.930744 -12.966510 149.277709
      vertex 16.257956 -24.331751 147.117792
      vertex 8.168311 -12.224741 149.277709
    endloop
  endfacet
  facet normal 0.087510 -0.117994 0.989151
    outer loop
      vertex 8.168311 -12.224741 149.277709
      vertex 16.257956 -24.331751 147.117792
      vertex 18.564599 -22.621029 147.117792
    endloop
  endfacet
  facet normal 0.087510 -0.117994 0.989151
    outer loop
      vertex 8.168311 -12.224741 149.277709
      vertex 18.564599 -22.621029 147.117792
      vertex 9.327212 -11.365241 149.277709
    endloop
  endfacet
  facet normal 0.098654 -0.108848 0.989151
    outer loop
      vertex 9.327212 -11.365241 149.277709
      vertex 18.564599 -22.621029 147.117792
      vertex 20.692453 -20.692453 147.117792
    endloop
  endfacet
  facet normal 0.098654 -0.108848 0.989151
    outer loop
      vertex 9.327212 -11.365241 149.277709
      vertex 20.692453 -20.692453 147.117792
      vertex 10.396288 -10.396288 149.277709
    endloop
  endfacet
  facet normal 0.108848 -0.098654 0.989151
    outer loop
      vertex 10.396288 -10.396288 149.277709
      vertex 20.692453 -20.692453 147.117792
      vertex 22.621029 -18.564599 147.117792
    endloop
  endfacet
  facet normal 0.108848 -0.098654 0.989151
    outer loop
      vertex 10.396288 -10.396288 149.277709
      vertex 22.621029 -18.564599 147.117792
      vertex 11.365241 -9.327212 149.277709
    endloop
  endfacet
  facet normal 0.117994 -0.087510 0.989151
    outer loop
      vertex 11.365241 -9.327212 149.277709
      vertex 22.621029 -18.564599 147.117792
      vertex 24.331751 -16.257956 147.117792
    endloop
  endfacet
  facet normal 0.117994 -0.087510 0.989151
    outer loop
      vertex 11.365241 -9.327212 149.277709
      vertex 24.331751 -16.257956 147.117792
      vertex 12.224741 -8.168311 149.277709
    endloop
  endfacet
  facet normal 0.126003 -0.075524 0.989151
    outer loop
      vertex 12.224741 -8.168311 149.277709
      vertex 24.331751 -16.257956 147.117792
      vertex 25.808146 -13.794741 147.117792
    endloop
  endfacet
  facet normal 0.126003 -0.075524 0.989151
    outer loop
      vertex 12.224741 -8.168311 149.277709
      vertex 25.808146 -13.794741 147.117792
      vertex 12.966510 -6.930744 149.277709
    endloop
  endfacet
  facet normal 0.132799 -0.062809 0.989151
    outer loop
      vertex 12.966510 -6.930744 149.277709
      vertex 25.808146 -13.794741 147.117792
      vertex 27.035993 -11.198675 147.117792
    endloop
  endfacet
  facet normal 0.132799 -0.062809 0.989151
    outer loop
      vertex 12.966510 -6.930744 149.277709
      vertex 27.035993 -11.198675 147.117792
      vertex 13.583404 -5.626430 149.277709
    endloop
  endfacet
  facet normal 0.138316 -0.049490 0.989151
    outer loop
      vertex 13.583404 -5.626430 149.277709
      vertex 27.035993 -11.198675 147.117792
      vertex 28.003470 -8.494760 147.117792
    endloop
  endfacet
  facet normal 0.138316 -0.049490 0.989151
    outer loop
      vertex 13.583404 -5.626430 149.277709
      vertex 28.003470 -8.494760 147.117792
      vertex 14.069483 -4.267931 149.277709
    endloop
  endfacet
  facet normal 0.142501 -0.035695 0.989151
    outer loop
      vertex 14.069483 -4.267931 149.277709
      vertex 28.003470 -8.494760 147.117792
      vertex 28.701257 -5.709035 147.117792
    endloop
  endfacet
  facet normal 0.142501 -0.035695 0.989151
    outer loop
      vertex 14.069483 -4.267931 149.277709
      vertex 28.701257 -5.709035 147.117792
      vertex 14.420065 -2.868329 149.277709
    endloop
  endfacet
  facet normal 0.145314 -0.021555 0.989151
    outer loop
      vertex 14.420065 -2.868329 149.277709
      vertex 28.701257 -5.709035 147.117792
      vertex 29.122636 -2.868329 147.117792
    endloop
  endfacet
  facet normal 0.145314 -0.021555 0.989151
    outer loop
      vertex 14.420065 -2.868329 149.277709
      vertex 29.122636 -2.868329 147.117792
      vertex 14.631774 -1.441104 149.277709
    endloop
  endfacet
  facet normal 0.146727 -0.007208 0.989151
    outer loop
      vertex 14.631774 -1.441104 149.277709
      vertex 29.122636 -2.868329 147.117792
      vertex 29.263548 -0.000000 147.117792
    endloop
  endfacet
  facet normal 0.146727 -0.007208 0.989151
    outer loop
      vertex 14.631774 -1.441104 149.277709
      vertex 29.263548 -0.000000 147.117792
      vertex 14.702571 -0.000000 149.277709
    endloop
  endfacet
  facet normal 0.242963 0.011936 0.969962
    outer loop
      vertex 29.263548 0.000000 147.117792
      vertex 43.542702 0.000000 143.541050
      vertex 43.333032 4.267931 143.541050
    endloop
  endfacet
  facet normal 0.242963 0.011936 0.969962
    outer loop
      vertex 29.263548 0.000000 147.117792
      vertex 43.333032 4.267931 143.541050
      vertex 29.122636 2.868329 147.117792
    endloop
  endfacet
  facet normal 0.240623 0.035693 0.969962
    outer loop
      vertex 29.122636 2.868329 147.117792
      vertex 43.333032 4.267931 143.541050
      vertex 42.706041 8.494760 143.541050
    endloop
  endfacet
  facet normal 0.240623 0.035693 0.969962
    outer loop
      vertex 29.122636 2.868329 147.117792
      vertex 42.706041 8.494760 143.541050
      vertex 28.701257 5.709035 147.117792
    endloop
  endfacet
  facet normal 0.235966 0.059106 0.969962
    outer loop
      vertex 28.701257 5.709035 147.117792
      vertex 42.706041 8.494760 143.541050
      vertex 41.667767 12.639779 143.541050
    endloop
  endfacet
  facet normal 0.235966 0.059106 0.969962
    outer loop
      vertex 28.701257 5.709035 147.117792
      vertex 41.667767 12.639779 143.541050
      vertex 28.003470 8.494760 147.117792
    endloop
  endfacet
  facet normal 0.229036 0.081950 0.969962
    outer loop
      vertex 28.003470 8.494760 147.117792
      vertex 41.667767 12.639779 143.541050
      vertex 40.228211 16.663070 143.541050
    endloop
  endfacet
  facet normal 0.229036 0.081950 0.969962
    outer loop
      vertex 28.003470 8.494760 147.117792
      vertex 40.228211 16.663070 143.541050
      vertex 27.035993 11.198675 147.117792
    endloop
  endfacet
  facet normal 0.219901 0.104005 0.969962
    outer loop
      vertex 27.035993 11.198675 147.117792
      vertex 40.228211 16.663070 143.541050
      vertex 38.401234 20.525887 143.541050
    endloop
  endfacet
  facet normal 0.219901 0.104005 0.969962
    outer loop
      vertex 27.035993 11.198675 147.117792
      vertex 38.401234 20.525887 143.541050
      vertex 25.808146 13.794741 147.117792
    endloop
  endfacet
  facet normal 0.208648 0.125059 0.969962
    outer loop
      vertex 25.808146 13.794741 147.117792
      vertex 38.401234 20.525887 143.541050
      vertex 36.204433 24.191029 143.541050
    endloop
  endfacet
  facet normal 0.208648 0.125059 0.969962
    outer loop
      vertex 25.808146 13.794741 147.117792
      vertex 36.204433 24.191029 143.541050
      vertex 24.331751 16.257956 147.117792
    endloop
  endfacet
  facet normal 0.195385 0.144907 0.969962
    outer loop
      vertex 24.331751 16.257956 147.117792
      vertex 36.204433 24.191029 143.541050
      vertex 33.658963 27.623197 143.541050
    endloop
  endfacet
  facet normal 0.195385 0.144907 0.969962
    outer loop
      vertex 24.331751 16.257956 147.117792
      vertex 33.658963 27.623197 143.541050
      vertex 22.621029 18.564599 147.117792
    endloop
  endfacet
  facet normal 0.180241 0.163361 0.969962
    outer loop
      vertex 22.621029 18.564599 147.117792
      vertex 33.658963 27.623197 143.541050
      vertex 30.789340 30.789340 143.541050
    endloop
  endfacet
  facet normal 0.180241 0.163361 0.969962
    outer loop
      vertex 22.621029 18.564599 147.117792
      vertex 30.789340 30.789340 143.541050
      vertex 20.692453 20.692453 147.117792
    endloop
  endfacet
  facet normal 0.163361 0.180241 0.969962
    outer loop
      vertex 20.692453 20.692453 147.117792
      vertex 30.789340 30.789340 143.541050
      vertex 27.623197 33.658963 143.541050
    endloop
  endfacet
  facet normal 0.163361 0.180241 0.969962
    outer loop
      vertex 20.692453 20.692453 147.117792
      vertex 27.623197 33.658963 143.541050
      vertex 18.564599 22.621029 147.117792
    endloop
  endfacet
  facet normal 0.144907 0.195385 0.969962
    outer loop
      vertex 18.564599 22.621029 147.117792
      vertex 27.623197 33.658963 143.541050
      vertex 24.191029 36.204433 143.541050
    endloop
  endfacet
  facet normal 0.144907 0.195385 0.969962
    outer loop
      vertex 18.564599 22.621029 147.117792
      vertex 24.191029 36.204433 143.541050
      vertex 16.257956 24.331751 147.117792
    endloop
  endfacet
  facet normal 0.125059 0.208648 0.969962
    outer loop
      vertex 16.257956 24.331751 147.117792
      vertex 24.191029 36.204433 143.541050
      vertex 20.525887 38.401234 143.541050
    endloop
  endfacet
  facet normal 0.125059 0.208648 0.969962
    outer loop
      vertex 16.257956 24.331751 147.117792
      vertex 20.525887 38.401234 143.541050
      vertex 13.794741 25.808146 147.117792
    endloop
  endfacet
  facet normal 0.104005 0.219901 0.969962
    outer loop
      vertex 13.794741 25.808146 147.117792
      vertex 20.525887 38.401234 143.541050
      vertex 16.663070 40.228211 143.541050
    endloop
  endfacet
  facet normal 0.104005 0.219901 0.969962
    outer loop
      vertex 13.794741 25.808146 147.117792
      vertex 16.663070 40.228211 143.541050
      vertex 11.198675 27.035993 147.117792
    endloop
  endfacet
  facet normal 0.081950 0.229036 0.969962
    outer loop
      vertex 11.198675 27.035993 147.117792
      vertex 16.663070 40.228211 143.541050
      vertex 12.639779 41.667767 143.541050
    endloop
  endfacet
  facet normal 0.081950 0.229036 0.969962
    outer loop
      vertex 11.198675 27.035993 147.117792
      vertex 12.639779 41.667767 143.541050
      vertex 8.494760 28.003470 147.117792
    endloop
  endfacet
  facet normal 0.059106 0.235966 0.969962
    outer loop
      vertex 8.494760 28.003470 147.117792
      vertex 12.639779 41.667767 143.541050
      vertex 8.494760 42.706041 143.541050
    endloop
  endfacet
  facet normal 0.059106 0.235966 0.969962
    outer loop
      vertex 8.494760 28.003470 147.117792
      vertex 8.494760 42.706041 143.541050
      vertex 5.709035 28.701257 147.117792
    endloop
  endfacet
  facet normal 0.035693 0.240623 0.969962
    outer loop
      vertex 5.709035 28.701257 147.117792
      vertex 8.494760 42.706041 143.541050
      vertex 4.267931 43.333032 143.541050
    endloop
  endfacet
  facet normal 0.035693 0.240623 0.969962
    outer loop
      vertex 5.709035 28.701257 147.117792
      vertex 4.267931 43.333032 143.541050
      vertex 2.868329 29.122636 147.117792
    endloop
  endfacet
  facet normal 0.011936 0.242963 0.969962
    outer loop
      vertex 2.868329 29.122636 147.117792
      vertex 4.267931 43.333032 143.541050
      vertex 0.000000 43.542702 143.541050
    endloop
  endfacet
  facet normal 0.011936 0.242963 0.969962
    outer loop
      vertex 2.868329 29.122636 147.117792
      vertex 0.000000 43.542702 143.541050
      vertex 0.000000 29.263548 147.117792
    endloop
  endfacet
  facet normal -0.011936 0.242963 0.969962
    outer loop
      vertex 0.000000 29.263548 147.117792
      vertex 0.000000 43.542702 143.541050
      vertex -4.267931 43.333032 143.541050
    endloop
  endfacet
  facet normal -0.011936 0.242963 0.969962
    outer loop
      vertex 0.000000 29.263548 147.117792
      vertex -4.267931 43.333032 143.541050
      vertex -2.868329 29.122636 147.117792
    endloop
  endfacet
  facet normal -0.035693 0.240623 0.969962
    outer loop
      vertex -2.868329 29.122636 147.117792
      vertex -4.267931 43.333032 143.541050
      vertex -8.494760 42.706041 143.541050
    endloop
  endfacet
  facet normal -0.035693 0.240623 0.969962
    outer loop
      vertex -2.868329 29.122636 147.117792
      vertex -8.494760 42.706041 143.541050
      vertex -5.709035 28.701257 147.117792
    endloop
  endfacet
  facet normal -0.059106 0.235966 0.969962
    outer loop
      vertex -5.709035 28.701257 147.117792
      vertex -8.494760 42.706041 143.541050
      vertex -12.639779 41.667767 143.541050
    endloop
  endfacet
  facet normal -0.059106 0.235966 0.969962
    outer loop
      vertex -5.709035 28.701257 147.117792
      vertex -12.639779 41.667767 143.541050
      vertex -8.494760 28.003470 147.117792
    endloop
  endfacet
  facet normal -0.081950 0.229036 0.969962
    outer loop
      vertex -8.494760 28.003470 147.117792
      vertex -12.639779 41.667767 143.541050
      vertex -16.663070 40.228211 143.541050
    endloop
  endfacet
  facet normal -0.081950 0.229036 0.969962
    outer loop
      vertex -8.494760 28.003470 147.117792
      vertex -16.663070 40.228211 143.541050
      vertex -11.198675 27.035993 147.117792
    endloop
  endfacet
  facet normal -0.104005 0.219901 0.969962
    outer loop
      vertex -11.198675 27.035993 147.117792
      vertex -16.663070 40.228211 143.541050
      vertex -20.525887 38.401234 143.541050
    endloop
  endfacet
  facet normal -0.104005 0.219901 0.969962
    outer loop
      vertex -11.198675 27.035993 147.117792
      vertex -20.525887 38.401234 143.541050
      vertex -13.794741 25.808146 147.117792
    endloop
  endfacet
  facet normal -0.125059 0.208648 0.969962
    outer loop
      vertex -13.794741 25.808146 147.117792
      vertex -20.525887 38.401234 143.541050
      vertex -24.191029 36.204433 143.541050
    endloop
  endfacet
  facet normal -0.125059 0.208648 0.969962
    outer loop
      vertex -13.794741 25.808146 147.117792
      vertex -24.191029 36.204433 143.541050
      vertex -16.257956 24.331751 147.117792
    endloop
  endfacet
  facet normal -0.144907 0.195385 0.969962
    outer loop
      vertex -16.257956 24.331751 147.117792
      vertex -24.191029 36.204433 143.541050
      vertex -27.623197 33.658963 143.541050
    endloop
  endfacet
  facet normal -0.144907 0.195385 0.969962
    outer loop
      vertex -16.257956 24.331751 147.117792
      vertex -27.623197 33.658963 143.541050
      vertex -18.564599 22.621029 147.117792
    endloop
  endfacet
  facet normal -0.163361 0.180241 0.969962
    outer loop
      vertex -18.564599 22.621029 147.117792
      vertex -27.623197 33.658963 143.541050
      vertex -30.789340 30.789340 143.541050
    endloop
  endfacet
  facet normal -0.163361 0.180241 0.969962
    outer loop
      vertex -18.564599 22.621029 147.117792
      vertex -30.789340 30.789340 143.541050
      vertex -20.692453 20.692453 147.117792
    endloop
  endfacet
  facet normal -0.180241 0.163361 0.969962
    outer loop
      vertex -20.692453 20.692453 147.117792
      vertex -30.789340 30.789340 143.541050
      vertex -33.658963 27.623197 143.541050
    endloop
  endfacet
  facet normal -0.180241 0.163361 0.969962
    outer loop
      vertex -20.692453 20.692453 147.117792
      vertex -33.658963 27.623197 143.541050
      vertex -22.621029 18.564599 147.117792
    endloop
  endfacet
  facet normal -0.195385 0.144907 0.969962
    outer loop
      vertex -22.621029 18.564599 147.117792
      vertex -33.658963 27.623197 143.541050
      vertex -36.204433 24.191029 143.541050
    endloop
  endfacet
  facet normal -0.195385 0.144907 0.969962
    outer loop
      vertex -22.621029 18.564599 147.117792
      vertex -36.204433 24.191029 143.541050
      vertex -24.331751 16.257956 147.117792
    endloop
  endfacet
  facet normal -0.208648 0.125059 0.969962
    outer loop
      vertex -24.331751 16.257956 147.117792
      vertex -36.204433 24.191029 143.541050
      vertex -38.401234 20.525887 143.541050
    endloop
  endfacet
  facet normal -0.208648 0.125059 0.969962
    outer loop
      vertex -24.331751 16.257956 147.117792
      vertex -38.401234 20.525887 143.541050
      vertex -25.808146 13.794741 147.117792
    endloop
  endfacet
  facet normal -0.219901 0.104005 0.969962
    outer loop
      vertex -25.808146 13.794741 147.117792
      vertex -38.401234 20.525887 143.541050
      vertex -40.228211 16.663070 143.541050
    endloop
  endfacet
  facet normal -0.219901 0.104005 0.969962
    outer loop
      vertex -25.808146 13.794741 147.117792
      vertex -40.228211 16.663070 143.541050
      vertex -27.035993 11.198675 147.117792
    endloop
  endfacet
  facet normal -0.229036 0.081950 0.969962
    outer loop
      vertex -27.035993 11.198675 147.117792
      vertex -40.228211 16.663070 143.541050
      vertex -41.667767 12.639779 143.541050
    endloop
  endfacet
  facet normal -0.229036 0.081950 0.969962
    outer loop
      vertex -27.035993 11.198675 147.117792
      vertex -41.667767 12.639779 143.541050
      vertex -28.003470 8.494760 147.117792
    endloop
  endfacet
  facet normal -0.235966 0.059106 0.969962
    outer loop
      vertex -28.003470 8.494760 147.117792
      vertex -41.667767 12.639779 143.541050
      vertex -42.706041 8.494760 143.541050
    endloop
  endfacet
  facet normal -0.235966 0.059106 0.969962
    outer loop
      vertex -28.003470 8.494760 147.117792
      vertex -42.706041 8.494760 143.541050
      vertex -28.701257 5.709035 147.117792
    endloop
  endfacet
  facet normal -0.240623 0.035693 0.969962
    outer loop
      vertex -28.701257 5.709035 147.117792
      vertex -42.706041 8.494760 143.541050
      vertex -43.333032 4.267931 143.541050
    endloop
  endfacet
  facet normal -0.240623 0.035693 0.969962
    outer loop
      vertex -28.701257 5.709035 147.117792
      vertex -43.333032 4.267931 143.541050
      vertex -29.122636 2.868329 147.117792
    endloop
  endfacet
  facet normal -0.242963 0.011936 0.969962
    outer loop
      vertex -29.122636 2.868329 147.117792
      vertex -43.333032 4.267931 143.541050
      vertex -43.542702 0.000000 143.541050
    endloop
  endfacet
  facet normal -0.242963 0.011936 0.969962
    outer loop
      vertex -29.122636 2.868329 147.117792
      vertex -43.542702 0.000000 143.541050
      vertex -29.263548 0.000000 147.117792
    endloop
  endfacet
  facet normal -0.242963 -0.011936 0.969962
    outer loop
      vertex -29.263548 0.000000 147.117792
      vertex -43.542702 0.000000 143.541050
      vertex -43.333032 -4.267931 143.541050
    endloop
  endfacet
  facet normal -0.242963 -0.011936 0.969962
    outer loop
      vertex -29.263548 0.000000 147.117792
      vertex -43.333032 -4.267931 143.541050
      vertex -29.122636 -2.868329 147.117792
    endloop
  endfacet
  facet normal -0.240623 -0.035693 0.969962
    outer loop
      vertex -29.122636 -2.868329 147.117792
      vertex -43.333032 -4.267931 143.541050
      vertex -42.706041 -8.494760 143.541050
    endloop
  endfacet
  facet normal -0.240623 -0.035693 0.969962
    outer loop
      vertex -29.122636 -2.868329 147.117792
      vertex -42.706041 -8.494760 143.541050
      vertex -28.701257 -5.709035 147.117792
    endloop
  endfacet
  facet normal -0.235966 -0.059106 0.969962
    outer loop
      vertex -28.701257 -5.709035 147.117792
      vertex -42.706041 -8.494760 143.541050
      vertex -41.667767 -12.639779 143.541050
    endloop
  endfacet
  facet normal -0.235966 -0.059106 0.969962
    outer loop
      vertex -28.701257 -5.709035 147.117792
      vertex -41.667767 -12.639779 143.541050
      vertex -28.003470 -8.494760 147.117792
    endloop
  endfacet
  facet normal -0.229036 -0.081950 0.969962
    outer loop
      vertex -28.003470 -8.494760 147.117792
      vertex -41.667767 -12.639779 143.541050
      vertex -40.228211 -16.663070 143.541050
    endloop
  endfacet
  facet normal -0.229036 -0.081950 0.969962
    outer loop
      vertex -28.003470 -8.494760 147.117792
      vertex -40.228211 -16.663070 143.541050
      vertex -27.035993 -11.198675 147.117792
    endloop
  endfacet
  facet normal -0.219901 -0.104005 0.969962
    outer loop
      vertex -27.035993 -11.198675 147.117792
      vertex -40.228211 -16.663070 143.541050
      vertex -38.401234 -20.525887 143.541050
    endloop
  endfacet
  facet normal -0.219901 -0.104005 0.969962
    outer loop
      vertex -27.035993 -11.198675 147.117792
      vertex -38.401234 -20.525887 143.541050
      vertex -25.808146 -13.794741 147.117792
    endloop
  endfacet
  facet normal -0.208648 -0.125059 0.969962
    outer loop
      vertex -25.808146 -13.794741 147.117792
      vertex -38.401234 -20.525887 143.541050
      vertex -36.204433 -24.191029 143.541050
    endloop
  endfacet
  facet normal -0.208648 -0.125059 0.969962
    outer loop
      vertex -25.808146 -13.794741 147.117792
      vertex -36.204433 -24.191029 143.541050
      vertex -24.331751 -16.257956 147.117792
    endloop
  endfacet
  facet normal -0.195385 -0.144907 0.969962
    outer loop
      vertex -24.331751 -16.257956 147.117792
      vertex -36.204433 -24.191029 143.541050
      vertex -33.658963 -27.623197 143.541050
    endloop
  endfacet
  facet normal -0.195385 -0.144907 0.969962
    outer loop
      vertex -24.331751 -16.257956 147.117792
      vertex -33.658963 -27.623197 143.541050
      vertex -22.621029 -18.564599 147.117792
    endloop
  endfacet
  facet normal -0.180241 -0.163361 0.969962
    outer loop
      vertex -22.621029 -18.564599 147.117792
      vertex -33.658963 -27.623197 143.541050
      vertex -30.789340 -30.789340 143.541050
    endloop
  endfacet
  facet normal -0.180241 -0.163361 0.969962
    outer loop
      vertex -22.621029 -18.564599 147.117792
      vertex -30.789340 -30.789340 143.541050
      vertex -20.692453 -20.692453 147.117792
    endloop
  endfacet
  facet normal -0.163361 -0.180241 0.969962
    outer loop
      vertex -20.692453 -20.692453 147.117792
      vertex -30.789340 -30.789340 143.541050
      vertex -27.623197 -33.658963 143.541050
    endloop
  endfacet
  facet normal -0.163361 -0.180241 0.969962
    outer loop
      vertex -20.692453 -20.692453 147.117792
      vertex -27.623197 -33.658963 143.541050
      vertex -18.564599 -22.621029 147.117792
    endloop
  endfacet
  facet normal -0.144907 -0.195385 0.969962
    outer loop
      vertex -18.564599 -22.621029 147.117792
      vertex -27.623197 -33.658963 143.541050
      vertex -24.191029 -36.204433 143.541050
    endloop
  endfacet
  facet normal -0.144907 -0.195385 0.969962
    outer loop
      vertex -18.564599 -22.621029 147.117792
      vertex -24.191029 -36.204433 143.541050
      vertex -16.257956 -24.331751 147.117792
    endloop
  endfacet
  facet normal -0.125059 -0.208648 0.969962
    outer loop
      vertex -16.257956 -24.331751 147.117792
      vertex -24.191029 -36.204433 143.541050
      vertex -20.525887 -38.401234 143.541050
    endloop
  endfacet
  facet normal -0.125059 -0.208648 0.969962
    outer loop
      vertex -16.257956 -24.331751 147.117792
      vertex -20.525887 -38.401234 143.541050
      vertex -13.794741 -25.808146 147.117792
    endloop
  endfacet
  facet normal -0.104005 -0.219901 0.969962
    outer loop
      vertex -13.794741 -25.808146 147.117792
      vertex -20.525887 -38.401234 143.541050
      vertex -16.663070 -40.228211 143.541050
    endloop
  endfacet
  facet normal -0.104005 -0.219901 0.969962
    outer loop
      vertex -13.794741 -25.808146 147.117792
      vertex -16.663070 -40.228211 143.541050
      vertex -11.198675 -27.035993 147.117792
    endloop
  endfacet
  facet normal -0.081950 -0.229036 0.969962
    outer loop
      vertex -11.198675 -27.035993 147.117792
      vertex -16.663070 -40.228211 143.541050
      vertex -12.639779 -41.667767 143.541050
    endloop
  endfacet
  facet normal -0.081950 -0.229036 0.969962
    outer loop
      vertex -11.198675 -27.035993 147.117792
      vertex -12.639779 -41.667767 143.541050
      vertex -8.494760 -28.003470 147.117792
    endloop
  endfacet
  facet normal -0.059106 -0.235966 0.969962
    outer loop
      vertex -8.494760 -28.003470 147.117792
      vertex -12.639779 -41.667767 143.541050
      vertex -8.494760 -42.706041 143.541050
    endloop
  endfacet
  facet normal -0.059106 -0.235966 0.969962
    outer loop
      vertex -8.494760 -28.003470 147.117792
      vertex -8.494760 -42.706041 143.541050
      vertex -5.709035 -28.701257 147.117792
    endloop
  endfacet
  facet normal -0.035693 -0.240623 0.969962
    outer loop
      vertex -5.709035 -28.701257 147.117792
      vertex -8.494760 -42.706041 143.541050
      vertex -4.267931 -43.333032 143.541050
    endloop
  endfacet
  facet normal -0.035693 -0.240623 0.969962
    outer loop
      vertex -5.709035 -28.701257 147.117792
      vertex -4.267931 -43.333032 143.541050
      vertex -2.868329 -29.122636 147.117792
    endloop
  endfacet
  facet normal -0.011936 -0.242963 0.969962
    outer loop
      vertex -2.868329 -29.122636 147.117792
      vertex -4.267931 -43.333032 143.541050
      vertex -0.000000 -43.542702 143.541050
    endloop
  endfacet
  facet normal -0.011936 -0.242963 0.969962
    outer loop
      vertex -2.868329 -29.122636 147.117792
      vertex -0.000000 -43.542702 143.541050
      vertex -0.000000 -29.263548 147.117792
    endloop
  endfacet
  facet normal 0.011936 -0.242963 0.969962
    outer loop
      vertex -0.000000 -29.263548 147.117792
      vertex -0.000000 -43.542702 143.541050
      vertex 4.267931 -43.333032 143.541050
    endloop
  endfacet
  facet normal 0.011936 -0.242963 0.969962
    outer loop
      vertex -0.000000 -29.263548 147.117792
      vertex 4.267931 -43.333032 143.541050
      vertex 2.868329 -29.122636 147.117792
    endloop
  endfacet
  facet normal 0.035693 -0.240623 0.969962
    outer loop
      vertex 2.868329 -29.122636 147.117792
      vertex 4.267931 -43.333032 143.541050
      vertex 8.494760 -42.706041 143.541050
    endloop
  endfacet
  facet normal 0.035693 -0.240623 0.969962
    outer loop
      vertex 2.868329 -29.122636 147.117792
      vertex 8.494760 -42.706041 143.541050
      vertex 5.709035 -28.701257 147.117792
    endloop
  endfacet
  facet normal 0.059106 -0.235966 0.969962
    outer loop
      vertex 5.709035 -28.701257 147.117792
      vertex 8.494760 -42.706041 143.541050
      vertex 12.639779 -41.667767 143.541050
    endloop
  endfacet
  facet normal 0.059106 -0.235966 0.969962
    outer loop
      vertex 5.709035 -28.701257 147.117792
      vertex 12.639779 -41.667767 143.541050
      vertex 8.494760 -28.003470 147.117792
    endloop
  endfacet
  facet normal 0.081950 -0.229036 0.969962
    outer loop
      vertex 8.494760 -28.003470 147.117792
      vertex 12.639779 -41.667767 143.541050
      vertex 16.663070 -40.228211 143.541050
    endloop
  endfacet
  facet normal 0.081950 -0.229036 0.969962
    outer loop
      vertex 8.494760 -28.003470 147.117792
      vertex 16.663070 -40.228211 143.541050
      vertex 11.198675 -27.035993 147.117792
    endloop
  endfacet
  facet normal 0.104005 -0.219901 0.969962
    outer loop
      vertex 11.198675 -27.035993 147.117792
      vertex 16.663070 -40.228211 143.541050
      vertex 20.525887 -38.401234 143.541050
    endloop
  endfacet
  facet normal 0.104005 -0.219901 0.969962
    outer loop
      vertex 11.198675 -27.035993 147.117792
      vertex 20.525887 -38.401234 143.541050
      vertex 13.794741 -25.808146 147.117792
    endloop
  endfacet
  facet normal 0.125059 -0.208648 0.969962
    outer loop
      vertex 13.794741 -25.808146 147.117792
      vertex 20.525887 -38.401234 143.541050
      vertex 24.191029 -36.204433 143.541050
    endloop
  endfacet
  facet normal 0.125059 -0.208648 0.969962
    outer loop
      vertex 13.794741 -25.808146 147.117792
      vertex 24.191029 -36.204433 143.541050
      vertex 16.257956 -24.331751 147.117792
    endloop
  endfacet
  facet normal 0.144907 -0.195385 0.969962
    outer loop
      vertex 16.257956 -24.331751 147.117792
      vertex 24.191029 -36.204433 143.541050
      vertex 27.623197 -33.658963 143.541050
    endloop
  endfacet
  facet normal 0.144907 -0.195385 0.969962
    outer loop
      vertex 16.257956 -24.331751 147.117792
      vertex 27.623197 -33.658963 143.541050
      vertex 18.564599 -22.621029 147.117792
    endloop
  endfacet
  facet normal 0.163361 -0.180241 0.969962
    outer loop
      vertex 18.564599 -22.621029 147.117792
      vertex 27.623197 -33.658963 143.541050
      vertex 30.789340 -30.789340 143.541050
    endloop
  endfacet
  facet normal 0.163361 -0.180241 0.969962
    outer loop
      vertex 18.564599 -22.621029 147.117792
      vertex 30.789340 -30.789340 143.541050
      vertex 20.692453 -20.692453 147.117792
    endloop
  endfacet
  facet normal 0.180241 -0.163361 0.969962
    outer loop
      vertex 20.692453 -20.692453 147.117792
      vertex 30.789340 -30.789340 143.541050
      vertex 33.658963 -27.623197 143.541050
    endloop
  endfacet
  facet normal 0.180241 -0.163361 0.969962
    outer loop
      vertex 20.692453 -20.692453 147.117792
      vertex 33.658963 -27.623197 143.541050
      vertex 22.621029 -18.564599 147.117792
    endloop
  endfacet
  facet normal 0.195385 -0.144907 0.969962
    outer loop
      vertex 22.621029 -18.564599 147.117792
      vertex 33.658963 -27.623197 143.541050
      vertex 36.204433 -24.191029 143.541050
    endloop
  endfacet
  facet normal 0.195385 -0.144907 0.969962
    outer loop
      vertex 22.621029 -18.564599 147.117792
      vertex 36.204433 -24.191029 143.541050
      vertex 24.331751 -16.257956 147.117792
    endloop
  endfacet
  facet normal 0.208648 -0.125059 0.969962
    outer loop
      vertex 24.331751 -16.257956 147.117792
      vertex 36.204433 -24.191029 143.541050
      vertex 38.401234 -20.525887 143.541050
    endloop
  endfacet
  facet normal 0.208648 -0.125059 0.969962
    outer loop
      vertex 24.331751 -16.257956 147.117792
      vertex 38.401234 -20.525887 143.541050
      vertex 25.808146 -13.794741 147.117792
    endloop
  endfacet
  facet normal 0.219901 -0.104005 0.969962
    outer loop
      vertex 25.808146 -13.794741 147.117792
      vertex 38.401234 -20.525887 143.541050
      vertex 40.228211 -16.663070 143.541050
    endloop
  endfacet
  facet normal 0.219901 -0.104005 0.969962
    outer loop
      vertex 25.808146 -13.794741 147.117792
      vertex 40.228211 -16.663070 143.541050
      vertex 27.035993 -11.198675 147.117792
    endloop
  endfacet
  facet normal 0.229036 -0.081950 0.969962
    outer loop
      vertex 27.035993 -11.198675 147.117792
      vertex 40.228211 -16.663070 143.541050
      vertex 41.667767 -12.639779 143.541050
    endloop
  endfacet
  facet normal 0.229036 -0.081950 0.969962
    outer loop
      vertex 27.035993 -11.198675 147.117792
      vertex 41.667767 -12.639779 143.541050
      vertex 28.003470 -8.494760 147.117792
    endloop
  endfacet
  facet normal 0.235966 -0.059106 0.969962
    outer loop
      vertex 28.003470 -8.494760 147.117792
      vertex 41.667767 -12.639779 143.541050
      vertex 42.706041 -8.494760 143.541050
    endloop
  endfacet
  facet normal 0.235966 -0.059106 0.969962
    outer loop
      vertex 28.003470 -8.494760 147.117792
      vertex 42.706041 -8.494760 143.541050
      vertex 28.701257 -5.709035 147.117792
    endloop
  endfacet
  facet normal 0.240623 -0.035693 0.969962
    outer loop
      vertex 28.701257 -5.709035 147.117792
      vertex 42.706041 -8.494760 143.541050
      vertex 43.333032 -4.267931 143.541050
    endloop
  endfacet
  facet normal 0.240623 -0.035693 0.969962
    outer loop
      vertex 28.701257 -5.709035 147.117792
      vertex 43.333032 -4.267931 143.541050
      vertex 29.122636 -2.868329 147.117792
    endloop
  endfacet
  facet normal 0.242963 -0.011936 0.969962
    outer loop
      vertex 29.122636 -2.868329 147.117792
      vertex 43.333032 -4.267931 143.541050
      vertex 43.542702 -0.000000 143.541050
    endloop
  endfacet
  facet normal 0.242963 -0.011936 0.969962
    outer loop
      vertex 29.122636 -2.868329 147.117792
      vertex 43.542702 -0.000000 143.541050
      vertex 29.263548 -0.000000 147.117792
    endloop
  endfacet
  facet normal 0.336844 0.016548 0.941415
    outer loop
      vertex 43.542702 0.000000 143.541050
      vertex 57.402515 0.000000 138.581930
      vertex 57.126106 5.626430 138.581930
    endloop
  endfacet
  facet normal 0.336844 0.016548 0.941415
    outer loop
      vertex 43.542702 0.000000 143.541050
      vertex 57.126106 5.626430 138.581930
      vertex 43.333032 4.267931 143.541050
    endloop
  endfacet
  facet normal 0.333600 0.049485 0.941415
    outer loop
      vertex 43.333032 4.267931 143.541050
      vertex 57.126106 5.626430 138.581930
      vertex 56.299542 11.198675 138.581930
    endloop
  endfacet
  facet normal 0.333600 0.049485 0.941415
    outer loop
      vertex 43.333032 4.267931 143.541050
      vertex 56.299542 11.198675 138.581930
      vertex 42.706041 8.494760 143.541050
    endloop
  endfacet
  facet normal 0.327143 0.081945 0.941415
    outer loop
      vertex 42.706041 8.494760 143.541050
      vertex 56.299542 11.198675 138.581930
      vertex 54.930782 16.663070 138.581930
    endloop
  endfacet
  facet normal 0.327143 0.081945 0.941415
    outer loop
      vertex 42.706041 8.494760 143.541050
      vertex 54.930782 16.663070 138.581930
      vertex 41.667767 12.639779 143.541050
    endloop
  endfacet
  facet normal 0.317536 0.113616 0.941415
    outer loop
      vertex 41.667767 12.639779 143.541050
      vertex 54.930782 16.663070 138.581930
      vertex 53.033009 21.966991 138.581930
    endloop
  endfacet
  facet normal 0.317536 0.113616 0.941415
    outer loop
      vertex 41.667767 12.639779 143.541050
      vertex 53.033009 21.966991 138.581930
      vertex 40.228211 16.663070 143.541050
    endloop
  endfacet
  facet normal 0.304870 0.144193 0.941415
    outer loop
      vertex 40.228211 16.663070 143.541050
      vertex 53.033009 21.966991 138.581930
      vertex 50.624498 27.059358 138.581930
    endloop
  endfacet
  facet normal 0.304870 0.144193 0.941415
    outer loop
      vertex 40.228211 16.663070 143.541050
      vertex 50.624498 27.059358 138.581930
      vertex 38.401234 20.525887 143.541050
    endloop
  endfacet
  facet normal 0.289269 0.173381 0.941415
    outer loop
      vertex 38.401234 20.525887 143.541050
      vertex 50.624498 27.059358 138.581930
      vertex 47.728447 31.891129 138.581930
    endloop
  endfacet
  facet normal 0.289269 0.173381 0.941415
    outer loop
      vertex 38.401234 20.525887 143.541050
      vertex 47.728447 31.891129 138.581930
      vertex 36.204433 24.191029 143.541050
    endloop
  endfacet
  facet normal 0.270882 0.200900 0.941415
    outer loop
      vertex 36.204433 24.191029 143.541050
      vertex 47.728447 31.891129 138.581930
      vertex 44.372744 36.415770 138.581930
    endloop
  endfacet
  facet normal 0.270882 0.200900 0.941415
    outer loop
      vertex 36.204433 24.191029 143.541050
      vertex 44.372744 36.415770 138.581930
      vertex 33.658963 27.623197 143.541050
    endloop
  endfacet
  facet normal 0.249886 0.226483 0.941415
    outer loop
      vertex 33.658963 27.623197 143.541050
      vertex 44.372744 36.415770 138.581930
      vertex 40.589708 40.589708 138.581930
    endloop
  endfacet
  facet normal 0.249886 0.226483 0.941415
    outer loop
      vertex 33.658963 27.623197 143.541050
      vertex 40.589708 40.589708 138.581930
      vertex 30.789340 30.789340 143.541050
    endloop
  endfacet
  facet normal 0.226483 0.249886 0.941415
    outer loop
      vertex 30.789340 30.789340 143.541050
      vertex 40.589708 40.589708 138.581930
      vertex 36.415770 44.372744 138.581930
    endloop
  endfacet
  facet normal 0.226483 0.249886 0.941415
    outer loop
      vertex 30.789340 30.789340 143.541050
      vertex 36.415770 44.372744 138.581930
      vertex 27.623197 33.658963 143.541050
    endloop
  endfacet
  facet normal 0.200900 0.270882 0.941415
    outer loop
      vertex 27.623197 33.658963 143.541050
      vertex 36.415770 44.372744 138.581930
      vertex 31.891129 47.728447 138.581930
    endloop
  endfacet
  facet normal 0.200900 0.270882 0.941415
    outer loop
      vertex 27.623197 33.658963 143.541050
      vertex 31.891129 47.728447 138.581930
      vertex 24.191029 36.204433 143.541050
    endloop
  endfacet
  facet normal 0.173381 0.289269 0.941415
    outer loop
      vertex 24.191029 36.204433 143.541050
      vertex 31.891129 47.728447 138.581930
      vertex 27.059358 50.624498 138.581930
    endloop
  endfacet
  facet normal 0.173381 0.289269 0.941415
    outer loop
      vertex 24.191029 36.204433 143.541050
      vertex 27.059358 50.624498 138.581930
      vertex 20.525887 38.401234 143.541050
    endloop
  endfacet
  facet normal 0.144193 0.304870 0.941415
    outer loop
      vertex 20.525887 38.401234 143.541050
      vertex 27.059358 50.624498 138.581930
      vertex 21.966991 53.033009 138.581930
    endloop
  endfacet
  facet normal 0.144193 0.304870 0.941415
    outer loop
      vertex 20.525887 38.401234 143.541050
      vertex 21.966991 53.033009 138.581930
      vertex 16.663070 40.228211 143.541050
    endloop
  endfacet
  facet normal 0.113616 0.317536 0.941415
    outer loop
      vertex 16.663070 40.228211 143.541050
      vertex 21.966991 53.033009 138.581930
      vertex 16.663070 54.930782 138.581930
    endloop
  endfacet
  facet normal 0.113616 0.317536 0.941415
    outer loop
      vertex 16.663070 40.228211 143.541050
      vertex 16.663070 54.930782 138.581930
      vertex 12.639779 41.667767 143.541050
    endloop
  endfacet
  facet normal 0.081945 0.327143 0.941415
    outer loop
      vertex 12.639779 41.667767 143.541050
      vertex 16.663070 54.930782 138.581930
      vertex 11.198675 56.299542 138.581930
    endloop
  endfacet
  facet normal 0.081945 0.327143 0.941415
    outer loop
      vertex 12.639779 41.667767 143.541050
      vertex 11.198675 56.299542 138.581930
      vertex 8.494760 42.706041 143.541050
    endloop
  endfacet
  facet normal 0.049485 0.333600 0.941415
    outer loop
      vertex 8.494760 42.706041 143.541050
      vertex 11.198675 56.299542 138.581930
      vertex 5.626430 57.126106 138.581930
    endloop
  endfacet
  facet normal 0.049485 0.333600 0.941415
    outer loop
      vertex 8.494760 42.706041 143.541050
      vertex 5.626430 57.126106 138.581930
      vertex 4.267931 43.333032 143.541050
    endloop
  endfacet
  facet normal 0.016548 0.336844 0.941415
    outer loop
      vertex 4.267931 43.333032 143.541050
      vertex 5.626430 57.126106 138.581930
      vertex 0.000000 57.402515 138.581930
    endloop
  endfacet
  facet normal 0.016548 0.336844 0.941415
    outer loop
      vertex 4.267931 43.333032 143.541050
      vertex 0.000000 57.402515 138.581930
      vertex 0.000000 43.542702 143.541050
    endloop
  endfacet
  facet normal -0.016548 0.336844 0.941415
    outer loop
      vertex 0.000000 43.542702 143.541050
      vertex 0.000000 57.402515 138.581930
      vertex -5.626430 57.126106 138.581930
    endloop
  endfacet
  facet normal -0.016548 0.336844 0.941415
    outer loop
      vertex 0.000000 43.542702 143.541050
      vertex -5.626430 57.126106 138.581930
      vertex -4.267931 43.333032 143.541050
    endloop
  endfacet
  facet normal -0.049485 0.333600 0.941415
    outer loop
      vertex -4.267931 43.333032 143.541050
      vertex -5.626430 57.126106 138.581930
      vertex -11.198675 56.299542 138.581930
    endloop
  endfacet
  facet normal -0.049485 0.333600 0.941415
    outer loop
      vertex -4.267931 43.333032 143.541050
      vertex -11.198675 56.299542 138.581930
      vertex -8.494760 42.706041 143.541050
    endloop
  endfacet
  facet normal -0.081945 0.327143 0.941415
    outer loop
      vertex -8.494760 42.706041 143.541050
      vertex -11.198675 56.299542 138.581930
      vertex -16.663070 54.930782 138.581930
    endloop
  endfacet
  facet normal -0.081945 0.327143 0.941415
    outer loop
      vertex -8.494760 42.706041 143.541050
      vertex -16.663070 54.930782 138.581930
      vertex -12.639779 41.667767 143.541050
    endloop
  endfacet
  facet normal -0.113616 0.317536 0.941415
    outer loop
      vertex -12.639779 41.667767 143.541050
      vertex -16.663070 54.930782 138.581930
      vertex -21.966991 53.033009 138.581930
    endloop
  endfacet
  facet normal -0.113616 0.317536 0.941415
    outer loop
      vertex -12.639779 41.667767 143.541050
      vertex -21.966991 53.033009 138.581930
      vertex -16.663070 40.228211 143.541050
    endloop
  endfacet
  facet normal -0.144193 0.304870 0.941415
    outer loop
      vertex -16.663070 40.228211 143.541050
      vertex -21.966991 53.033009 138.581930
      vertex -27.059358 50.624498 138.581930
    endloop
  endfacet
  facet normal -0.144193 0.304870 0.941415
    outer loop
      vertex -16.663070 40.228211 143.541050
      vertex -27.059358 50.624498 138.581930
      vertex -20.525887 38.401234 143.541050
    endloop
  endfacet
  facet normal -0.173381 0.289269 0.941415
    outer loop
      vertex -20.525887 38.401234 143.541050
      vertex -27.059358 50.624498 138.581930
      vertex -31.891129 47.728447 138.581930
    endloop
  endfacet
  facet normal -0.173381 0.289269 0.941415
    outer loop
      vertex -20.525887 38.401234 143.541050
      vertex -31.891129 47.728447 138.581930
      vertex -24.191029 36.204433 143.541050
    endloop
  endfacet
  facet normal -0.200900 0.270882 0.941415
    outer loop
      vertex -24.191029 36.204433 143.541050
      vertex -31.891129 47.728447 138.581930
      vertex -36.415770 44.372744 138.581930
    endloop
  endfacet
  facet normal -0.200900 0.270882 0.941415
    outer loop
      vertex -24.191029 36.204433 143.541050
      vertex -36.415770 44.372744 138.581930
      vertex -27.623197 33.658963 143.541050
    endloop
  endfacet
  facet normal -0.226483 0.249886 0.941415
    outer loop
      vertex -27.623197 33.658963 143.541050
      vertex -36.415770 44.372744 138.581930
      vertex -40.589708 40.589708 138.581930
    endloop
  endfacet
  facet normal -0.226483 0.249886 0.941415
    outer loop
      vertex -27.623197 33.658963 143.541050
      vertex -40.589708 40.589708 138.581930
      vertex -30.789340 30.789340 143.541050
    endloop
  endfacet
  facet normal -0.249886 0.226483 0.941415
    outer loop
      vertex -30.789340 30.789340 143.541050
      vertex -40.589708 40.589708 138.581930
      vertex -44.372744 36.415770 138.581930
    endloop
  endfacet
  facet normal -0.249886 0.226483 0.941415
    outer loop
      vertex -30.789340 30.789340 143.541050
      vertex -44.372744 36.415770 138.581930
      vertex -33.658963 27.623197 143.541050
    endloop
  endfacet
  facet normal -0.270882 0.200900 0.941415
    outer loop
      vertex -33.658963 27.623197 143.541050
      vertex -44.372744 36.415770 138.581930
      vertex -47.728447 31.891129 138.581930
    endloop
  endfacet
  facet normal -0.270882 0.200900 0.941415
    outer loop
      vertex -33.658963 27.623197 143.541050
      vertex -47.728447 31.891129 138.581930
      vertex -36.204433 24.191029 143.541050
    endloop
  endfacet
  facet normal -0.289269 0.173381 0.941415
    outer loop
      vertex -36.204433 24.191029 143.541050
      vertex -47.728447 31.891129 138.581930
      vertex -50.624498 27.059358 138.581930
    endloop
  endfacet
  facet normal -0.289269 0.173381 0.941415
    outer loop
      vertex -36.204433 24.191029 143.541050
      vertex -50.624498 27.059358 138.581930
      vertex -38.401234 20.525887 143.541050
    endloop
  endfacet
  facet normal -0.304870 0.144193 0.941415
    outer loop
      vertex -38.401234 20.525887 143.541050
      vertex -50.624498 27.059358 138.581930
      vertex -53.033009 21.966991 138.581930
    endloop
  endfacet
  facet normal -0.304870 0.144193 0.941415
    outer loop
      vertex -38.401234 20.525887 143.541050
      vertex -53.033009 21.966991 138.581930
      vertex -40.228211 16.663070 143.541050
    endloop
  endfacet
  facet normal -0.317536 0.113616 0.941415
    outer loop
      vertex -40.228211 16.663070 143.541050
      vertex -53.033009 21.966991 138.581930
      vertex -54.930782 16.663070 138.581930
    endloop
  endfacet
  facet normal -0.317536 0.113616 0.941415
    outer loop
      vertex -40.228211 16.663070 143.541050
      vertex -54.930782 16.663070 138.581930
      vertex -41.667767 12.639779 143.541050
    endloop
  endfacet
  facet normal -0.327143 0.081945 0.941415
    outer loop
      vertex -41.667767 12.639779 143.541050
      vertex -54.930782 16.663070 138.581930
      vertex -56.299542 11.198675 138.581930
    endloop
  endfacet
  facet normal -0.327143 0.081945 0.941415
    outer loop
      vertex -41.667767 12.639779 143.541050
      vertex -56.299542 11.198675 138.581930
      vertex -42.706041 8.494760 143.541050
    endloop
  endfacet
  facet normal -0.333600 0.049485 0.941415
    outer loop
      vertex -42.706041 8.494760 143.541050
      vertex -56.299542 11.198675 138.581930
      vertex -57.126106 5.626430 138.581930
    endloop
  endfacet
  facet normal -0.333600 0.049485 0.941415
    outer loop
      vertex -42.706041 8.494760 143.541050
      vertex -57.126106 5.626430 138.581930
      vertex -43.333032 4.267931 143.541050
    endloop
  endfacet
  facet normal -0.336844 0.016548 0.941415
    outer loop
      vertex -43.333032 4.267931 143.541050
      vertex -57.126106 5.626430 138.581930
      vertex -57.402515 0.000000 138.581930
    endloop
  endfacet
  facet normal -0.336844 0.016548 0.941415
    outer loop
      vertex -43.333032 4.267931 143.541050
      vertex -57.402515 0.000000 138.581930
      vertex -43.542702 0.000000 143.541050
    endloop
  endfacet
  facet normal -0.336844 -0.016548 0.941415
    outer loop
      vertex -43.542702 0.000000 143.541050
      vertex -57.402515 0.000000 138.581930
      vertex -57.126106 -5.626430 138.581930
    endloop
  endfacet
  facet normal -0.336844 -0.016548 0.941415
    outer loop
      vertex -43.542702 0.000000 143.541050
      vertex -57.126106 -5.626430 138.581930
      vertex -43.333032 -4.267931 143.541050
    endloop
  endfacet
  facet normal -0.333600 -0.049485 0.941415
    outer loop
      vertex -43.333032 -4.267931 143.541050
      vertex -57.126106 -5.626430 138.581930
      vertex -56.299542 -11.198675 138.581930
    endloop
  endfacet
  facet normal -0.333600 -0.049485 0.941415
    outer loop
      vertex -43.333032 -4.267931 143.541050
      vertex -56.299542 -11.198675 138.581930
      vertex -42.706041 -8.494760 143.541050
    endloop
  endfacet
  facet normal -0.327143 -0.081945 0.941415
    outer loop
      vertex -42.706041 -8.494760 143.541050
      vertex -56.299542 -11.198675 138.581930
      vertex -54.930782 -16.663070 138.581930
    endloop
  endfacet
  facet normal -0.327143 -0.081945 0.941415
    outer loop
      vertex -42.706041 -8.494760 143.541050
      vertex -54.930782 -16.663070 138.581930
      vertex -41.667767 -12.639779 143.541050
    endloop
  endfacet
  facet normal -0.317536 -0.113616 0.941415
    outer loop
      vertex -41.667767 -12.639779 143.541050
      vertex -54.930782 -16.663070 138.581930
      vertex -53.033009 -21.966991 138.581930
    endloop
  endfacet
  facet normal -0.317536 -0.113616 0.941415
    outer loop
      vertex -41.667767 -12.639779 143.541050
      vertex -53.033009 -21.966991 138.581930
      vertex -40.228211 -16.663070 143.541050
    endloop
  endfacet
  facet normal -0.304870 -0.144193 0.941415
    outer loop
      vertex -40.228211 -16.663070 143.541050
      vertex -53.033009 -21.966991 138.581930
      vertex -50.624498 -27.059358 138.581930
    endloop
  endfacet
  facet normal -0.304870 -0.144193 0.941415
    outer loop
      vertex -40.228211 -16.663070 143.541050
      vertex -50.624498 -27.059358 138.581930
      vertex -38.401234 -20.525887 143.541050
    endloop
  endfacet
  facet normal -0.289269 -0.173381 0.941415
    outer loop
      vertex -38.401234 -20.525887 143.541050
      vertex -50.624498 -27.059358 138.581930
      vertex -47.728447 -31.891129 138.581930
    endloop
  endfacet
  facet normal -0.289269 -0.173381 0.941415
    outer loop
      vertex -38.401234 -20.525887 143.541050
      vertex -47.728447 -31.891129 138.581930
      vertex -36.204433 -24.191029 143.541050
    endloop
  endfacet
  facet normal -0.270882 -0.200900 0.941415
    outer loop
      vertex -36.204433 -24.191029 143.541050
      vertex -47.728447 -31.891129 138.581930
      vertex -44.372744 -36.415770 138.581930
    endloop
  endfacet
  facet normal -0.270882 -0.200900 0.941415
    outer loop
      vertex -36.204433 -24.191029 143.541050
      vertex -44.372744 -36.415770 138.581930
      vertex -33.658963 -27.623197 143.541050
    endloop
  endfacet
  facet normal -0.249886 -0.226483 0.941415
    outer loop
      vertex -33.658963 -27.623197 143.541050
      vertex -44.372744 -36.415770 138.581930
      vertex -40.589708 -40.589708 138.581930
    endloop
  endfacet
  facet normal -0.249886 -0.226483 0.941415
    outer loop
      vertex -33.658963 -27.623197 143.541050
      vertex -40.589708 -40.589708 138.581930
      vertex -30.789340 -30.789340 143.541050
    endloop
  endfacet
  facet normal -0.226483 -0.249886 0.941415
    outer loop
      vertex -30.789340 -30.789340 143.541050
      vertex -40.589708 -40.589708 138.581930
      vertex -36.415770 -44.372744 138.581930
    endloop
  endfacet
  facet normal -0.226483 -0.249886 0.941415
    outer loop
      vertex -30.789340 -30.789340 143.541050
      vertex -36.415770 -44.372744 138.581930
      vertex -27.623197 -33.658963 143.541050
    endloop
  endfacet
  facet normal -0.200900 -0.270882 0.941415
    outer loop
      vertex -27.623197 -33.658963 143.541050
      vertex -36.415770 -44.372744 138.581930
      vertex -31.891129 -47.728447 138.581930
    endloop
  endfacet
  facet normal -0.200900 -0.270882 0.941415
    outer loop
      vertex -27.623197 -33.658963 143.541050
      vertex -31.891129 -47.728447 138.581930
      vertex -24.191029 -36.204433 143.541050
    endloop
  endfacet
  facet normal -0.173381 -0.289269 0.941415
    outer loop
      vertex -24.191029 -36.204433 143.541050
      vertex -31.891129 -47.728447 138.581930
      vertex -27.059358 -50.624498 138.581930
    endloop
  endfacet
  facet normal -0.173381 -0.289269 0.941415
    outer loop
      vertex -24.191029 -36.204433 143.541050
      vertex -27.059358 -50.624498 138.581930
      vertex -20.525887 -38.401234 143.541050
    endloop
  endfacet
  facet normal -0.144193 -0.304870 0.941415
    outer loop
      vertex -20.525887 -38.401234 143.541050
      vertex -27.059358 -50.624498 138.581930
      vertex -21.966991 -53.033009 138.581930
    endloop
  endfacet
  facet normal -0.144193 -0.304870 0.941415
    outer loop
      vertex -20.525887 -38.401234 143.541050
      vertex -21.966991 -53.033009 138.581930
      vertex -16.663070 -40.228211 143.541050
    endloop
  endfacet
  facet normal -0.113616 -0.317536 0.941415
    outer loop
      vertex -16.663070 -40.228211 143.541050
      vertex -21.966991 -53.033009 138.581930
      vertex -16.663070 -54.930782 138.581930
    endloop
  endfacet
  facet normal -0.113616 -0.317536 0.941415
    outer loop
      vertex -16.663070 -40.228211 143.541050
      vertex -16.663070 -54.930782 138.581930
      vertex -12.639779 -41.667767 143.541050
    endloop
  endfacet
  facet normal -0.081945 -0.327143 0.941415
    outer loop
      vertex -12.639779 -41.667767 143.541050
      vertex -16.663070 -54.930782 138.581930
      vertex -11.198675 -56.299542 138.581930
    endloop
  endfacet
  facet normal -0.081945 -0.327143 0.941415
    outer loop
      vertex -12.639779 -41.667767 143.541050
      vertex -11.198675 -56.299542 138.581930
      vertex -8.494760 -42.706041 143.541050
    endloop
  endfacet
  facet normal -0.049485 -0.333600 0.941415
    outer loop
      vertex -8.494760 -42.706041 143.541050
      vertex -11.198675 -56.299542 138.581930
      vertex -5.626430 -57.126106 138.581930
    endloop
  endfacet
  facet normal -0.049485 -0.333600 0.941415
    outer loop
      vertex -8.494760 -42.706041 143.541050
      vertex -5.626430 -57.126106 138.581930
      vertex -4.267931 -43.333032 143.541050
    endloop
  endfacet
  facet normal -0.016548 -0.336844 0.941415
    outer loop
      vertex -4.267931 -43.333032 143.541050
      vertex -5.626430 -57.126106 138.581930
      vertex -0.000000 -57.402515 138.581930
    endloop
  endfacet
  facet normal -0.016548 -0.336844 0.941415
    outer loop
      vertex -4.267931 -43.333032 143.541050
      vertex -0.000000 -57.402515 138.581930
      vertex -0.000000 -43.542702 143.541050
    endloop
  endfacet
  facet normal 0.016548 -0.336844 0.941415
    outer loop
      vertex -0.000000 -43.542702 143.541050
      vertex -0.000000 -57.402515 138.581930
      vertex 5.626430 -57.126106 138.581930
    endloop
  endfacet
  facet normal 0.016548 -0.336844 0.941415
    outer loop
      vertex -0.000000 -43.542702 143.541050
      vertex 5.626430 -57.126106 138.581930
      vertex 4.267931 -43.333032 143.541050
    endloop
  endfacet
  facet normal 0.049485 -0.333600 0.941415
    outer loop
      vertex 4.267931 -43.333032 143.541050
      vertex 5.626430 -57.126106 138.581930
      vertex 11.198675 -56.299542 138.581930
    endloop
  endfacet
  facet normal 0.049485 -0.333600 0.941415
    outer loop
      vertex 4.267931 -43.333032 143.541050
      vertex 11.198675 -56.299542 138.581930
      vertex 8.494760 -42.706041 143.541050
    endloop
  endfacet
  facet normal 0.081945 -0.327143 0.941415
    outer loop
      vertex 8.494760 -42.706041 143.541050
      vertex 11.198675 -56.299542 138.581930
      vertex 16.663070 -54.930782 138.581930
    endloop
  endfacet
  facet normal 0.081945 -0.327143 0.941415
    outer loop
      vertex 8.494760 -42.706041 143.541050
      vertex 16.663070 -54.930782 138.581930
      vertex 12.639779 -41.667767 143.541050
    endloop
  endfacet
  facet normal 0.113616 -0.317536 0.941415
    outer loop
      vertex 12.639779 -41.667767 143.541050
      vertex 16.663070 -54.930782 138.581930
      vertex 21.966991 -53.033009 138.581930
    endloop
  endfacet
  facet normal 0.113616 -0.317536 0.941415
    outer loop
      vertex 12.639779 -41.667767 143.541050
      vertex 21.966991 -53.033009 138.581930
      vertex 16.663070 -40.228211 143.541050
    endloop
  endfacet
  facet normal 0.144193 -0.304870 0.941415
    outer loop
      vertex 16.663070 -40.228211 143.541050
      vertex 21.966991 -53.033009 138.581930
      vertex 27.059358 -50.624498 138.581930
    endloop
  endfacet
  facet normal 0.144193 -0.304870 0.941415
    outer loop
      vertex 16.663070 -40.228211 143.541050
      vertex 27.059358 -50.624498 138.581930
      vertex 20.525887 -38.401234 143.541050
    endloop
  endfacet
  facet normal 0.173381 -0.289269 0.941415
    outer loop
      vertex 20.525887 -38.401234 143.541050
      vertex 27.059358 -50.624498 138.581930
      vertex 31.891129 -47.728447 138.581930
    endloop
  endfacet
  facet normal 0.173381 -0.289269 0.941415
    outer loop
      vertex 20.525887 -38.401234 143.541050
      vertex 31.891129 -47.728447 138.581930
      vertex 24.191029 -36.204433 143.541050
    endloop
  endfacet
  facet normal 0.200900 -0.270882 0.941415
    outer loop
      vertex 24.191029 -36.204433 143.541050
      vertex 31.891129 -47.728447 138.581930
      vertex 36.415770 -44.372744 138.581930
    endloop
  endfacet
  facet normal 0.200900 -0.270882 0.941415
    outer loop
      vertex 24.191029 -36.204433 143.541050
      vertex 36.415770 -44.372744 138.581930
      vertex 27.623197 -33.658963 143.541050
    endloop
  endfacet
  facet normal 0.226483 -0.249886 0.941415
    outer loop
      vertex 27.623197 -33.658963 143.541050
      vertex 36.415770 -44.372744 138.581930
      vertex 40.589708 -40.589708 138.581930
    endloop
  endfacet
  facet normal 0.226483 -0.249886 0.941415
    outer loop
      vertex 27.623197 -33.658963 143.541050
      vertex 40.589708 -40.589708 138.581930
      vertex 30.789340 -30.789340 143.541050
    endloop
  endfacet
  facet normal 0.249886 -0.226483 0.941415
    outer loop
      vertex 30.789340 -30.789340 143.541050
      vertex 40.589708 -40.589708 138.581930
      vertex 44.372744 -36.415770 138.581930
    endloop
  endfacet
  facet normal 0.249886 -0.226483 0.941415
    outer loop
      vertex 30.789340 -30.789340 143.541050
      vertex 44.372744 -36.415770 138.581930
      vertex 33.658963 -27.623197 143.541050
    endloop
  endfacet
  facet normal 0.270882 -0.200900 0.941415
    outer loop
      vertex 33.658963 -27.623197 143.541050
      vertex 44.372744 -36.415770 138.581930
      vertex 47.728447 -31.891129 138.581930
    endloop
  endfacet
  facet normal 0.270882 -0.200900 0.941415
    outer loop
      vertex 33.658963 -27.623197 143.541050
      vertex 47.728447 -31.891129 138.581930
      vertex 36.204433 -24.191029 143.541050
    endloop
  endfacet
  facet normal 0.289269 -0.173381 0.941415
    outer loop
      vertex 36.204433 -24.191029 143.541050
      vertex 47.728447 -31.891129 138.581930
      vertex 50.624498 -27.059358 138.581930
    endloop
  endfacet
  facet normal 0.289269 -0.173381 0.941415
    outer loop
      vertex 36.204433 -24.191029 143.541050
      vertex 50.624498 -27.059358 138.581930
      vertex 38.401234 -20.525887 143.541050
    endloop
  endfacet
  facet normal 0.304870 -0.144193 0.941415
    outer loop
      vertex 38.401234 -20.525887 143.541050
      vertex 50.624498 -27.059358 138.581930
      vertex 53.033009 -21.966991 138.581930
    endloop
  endfacet
  facet normal 0.304870 -0.144193 0.941415
    outer loop
      vertex 38.401234 -20.525887 143.541050
      vertex 53.033009 -21.966991 138.581930
      vertex 40.228211 -16.663070 143.541050
    endloop
  endfacet
  facet normal 0.317536 -0.113616 0.941415
    outer loop
      vertex 40.228211 -16.663070 143.541050
      vertex 53.033009 -21.966991 138.581930
      vertex 54.930782 -16.663070 138.581930
    endloop
  endfacet
  facet normal 0.317536 -0.113616 0.941415
    outer loop
      vertex 40.228211 -16.663070 143.541050
      vertex 54.930782 -16.663070 138.581930
      vertex 41.667767 -12.639779 143.541050
    endloop
  endfacet
  facet normal 0.327143 -0.081945 0.941415
    outer loop
      vertex 41.667767 -12.639779 143.541050
      vertex 54.930782 -16.663070 138.581930
      vertex 56.299542 -11.198675 138.581930
    endloop
  endfacet
  facet normal 0.327143 -0.081945 0.941415
    outer loop
      vertex 41.667767 -12.639779 143.541050
      vertex 56.299542 -11.198675 138.581930
      vertex 42.706041 -8.494760 143.541050
    endloop
  endfacet
  facet normal 0.333600 -0.049485 0.941415
    outer loop
      vertex 42.706041 -8.494760 143.541050
      vertex 56.299542 -11.198675 138.581930
      vertex 57.126106 -5.626430 138.581930
    endloop
  endfacet
  facet normal 0.333600 -0.049485 0.941415
    outer loop
      vertex 42.706041 -8.494760 143.541050
      vertex 57.126106 -5.626430 138.581930
      vertex 43.333032 -4.267931 143.541050
    endloop
  endfacet
  facet normal 0.336844 -0.016548 0.941415
    outer loop
      vertex 43.333032 -4.267931 143.541050
      vertex 57.126106 -5.626430 138.581930
      vertex 57.402515 -0.000000 138.581930
    endloop
  endfacet
  facet normal 0.336844 -0.016548 0.941415
    outer loop
      vertex 43.333032 -4.267931 143.541050
      vertex 57.402515 -0.000000 138.581930
      vertex 43.542702 -0.000000 143.541050
    endloop
  endfacet
  facet normal 0.427461 0.021000 0.903790
    outer loop
      vertex 57.402515 0.000000 138.581930
      vertex 70.709511 0.000000 132.288190
      vertex 70.369025 6.930744 132.288190
    endloop
  endfacet
  facet normal 0.427461 0.021000 0.903790
    outer loop
      vertex 57.402515 0.000000 138.581930
      vertex 70.369025 6.930744 132.288190
      vertex 57.126106 5.626430 138.581930
    endloop
  endfacet
  facet normal 0.423344 0.062797 0.903790
    outer loop
      vertex 57.126106 5.626430 138.581930
      vertex 70.369025 6.930744 132.288190
      vertex 69.350847 13.794741 132.288190
    endloop
  endfacet
  facet normal 0.423344 0.062797 0.903790
    outer loop
      vertex 57.126106 5.626430 138.581930
      vertex 69.350847 13.794741 132.288190
      vertex 56.299542 11.198675 138.581930
    endloop
  endfacet
  facet normal 0.415150 0.103990 0.903790
    outer loop
      vertex 56.299542 11.198675 138.581930
      vertex 69.350847 13.794741 132.288190
      vertex 67.664783 20.525887 132.288190
    endloop
  endfacet
  facet normal 0.415150 0.103990 0.903790
    outer loop
      vertex 56.299542 11.198675 138.581930
      vertex 67.664783 20.525887 132.288190
      vertex 54.930782 16.663070 138.581930
    endloop
  endfacet
  facet normal 0.402959 0.144181 0.903790
    outer loop
      vertex 54.930782 16.663070 138.581930
      vertex 67.664783 20.525887 132.288190
      vertex 65.327070 27.059358 132.288190
    endloop
  endfacet
  facet normal 0.402959 0.144181 0.903790
    outer loop
      vertex 54.930782 16.663070 138.581930
      vertex 65.327070 27.059358 132.288190
      vertex 53.033009 21.966991 138.581930
    endloop
  endfacet
  facet normal 0.386886 0.182983 0.903790
    outer loop
      vertex 53.033009 21.966991 138.581930
      vertex 65.327070 27.059358 132.288190
      vertex 62.360221 33.332233 132.288190
    endloop
  endfacet
  facet normal 0.386886 0.182983 0.903790
    outer loop
      vertex 53.033009 21.966991 138.581930
      vertex 62.360221 33.332233 132.288190
      vertex 50.624498 27.059358 138.581930
    endloop
  endfacet
  facet normal 0.367088 0.220024 0.903790
    outer loop
      vertex 50.624498 27.059358 138.581930
      vertex 62.360221 33.332233 132.288190
      vertex 58.792809 39.284099 132.288190
    endloop
  endfacet
  facet normal 0.367088 0.220024 0.903790
    outer loop
      vertex 50.624498 27.059358 138.581930
      vertex 58.792809 39.284099 132.288190
      vertex 47.728447 31.891129 138.581930
    endloop
  endfacet
  facet normal 0.343754 0.254945 0.903790
    outer loop
      vertex 47.728447 31.891129 138.581930
      vertex 58.792809 39.284099 132.288190
      vertex 54.659191 44.857639 132.288190
    endloop
  endfacet
  facet normal 0.343754 0.254945 0.903790
    outer loop
      vertex 47.728447 31.891129 138.581930
      vertex 54.659191 44.857639 132.288190
      vertex 44.372744 36.415770 138.581930
    endloop
  endfacet
  facet normal 0.317110 0.287411 0.903790
    outer loop
      vertex 44.372744 36.415770 138.581930
      vertex 54.659191 44.857639 132.288190
      vertex 49.999174 49.999174 132.288190
    endloop
  endfacet
  facet normal 0.317110 0.287411 0.903790
    outer loop
      vertex 44.372744 36.415770 138.581930
      vertex 49.999174 49.999174 132.288190
      vertex 40.589708 40.589708 138.581930
    endloop
  endfacet
  facet normal 0.287411 0.317110 0.903790
    outer loop
      vertex 40.589708 40.589708 138.581930
      vertex 49.999174 49.999174 132.288190
      vertex 44.857639 54.659191 132.288190
    endloop
  endfacet
  facet normal 0.287411 0.317110 0.903790
    outer loop
      vertex 40.589708 40.589708 138.581930
      vertex 44.857639 54.659191 132.288190
      vertex 36.415770 44.372744 138.581930
    endloop
  endfacet
  facet normal 0.254945 0.343754 0.903790
    outer loop
      vertex 36.415770 44.372744 138.581930
      vertex 44.857639 54.659191 132.288190
      vertex 39.284099 58.792809 132.288190
    endloop
  endfacet
  facet normal 0.254945 0.343754 0.903790
    outer loop
      vertex 36.415770 44.372744 138.581930
      vertex 39.284099 58.792809 132.288190
      vertex 31.891129 47.728447 138.581930
    endloop
  endfacet
  facet normal 0.220024 0.367088 0.903790
    outer loop
      vertex 31.891129 47.728447 138.581930
      vertex 39.284099 58.792809 132.288190
      vertex 33.332233 62.360221 132.288190
    endloop
  endfacet
  facet normal 0.220024 0.367088 0.903790
    outer loop
      vertex 31.891129 47.728447 138.581930
      vertex 33.332233 62.360221 132.288190
      vertex 27.059358 50.624498 138.581930
    endloop
  endfacet
  facet normal 0.182983 0.386886 0.903790
    outer loop
      vertex 27.059358 50.624498 138.581930
      vertex 33.332233 62.360221 132.288190
      vertex 27.059358 65.327070 132.288190
    endloop
  endfacet
  facet normal 0.182983 0.386886 0.903790
    outer loop
      vertex 27.059358 50.624498 138.581930
      vertex 27.059358 65.327070 132.288190
      vertex 21.966991 53.033009 138.581930
    endloop
  endfacet
  facet normal 0.144181 0.402959 0.903790
    outer loop
      vertex 21.966991 53.033009 138.581930
      vertex 27.059358 65.327070 132.288190
      vertex 20.525887 67.664783 132.288190
    endloop
  endfacet
  facet normal 0.144181 0.402959 0.903790
    outer loop
      vertex 21.966991 53.033009 138.581930
      vertex 20.525887 67.664783 132.288190
      vertex 16.663070 54.930782 138.581930
    endloop
  endfacet
  facet normal 0.103990 0.415150 0.903790
    outer loop
      vertex 16.663070 54.930782 138.581930
      vertex 20.525887 67.664783 132.288190
      vertex 13.794741 69.350847 132.288190
    endloop
  endfacet
  facet normal 0.103990 0.415150 0.903790
    outer loop
      vertex 16.663070 54.930782 138.581930
      vertex 13.794741 69.350847 132.288190
      vertex 11.198675 56.299542 138.581930
    endloop
  endfacet
  facet normal 0.062797 0.423344 0.903790
    outer loop
      vertex 11.198675 56.299542 138.581930
      vertex 13.794741 69.350847 132.288190
      vertex 6.930744 70.369025 132.288190
    endloop
  endfacet
  facet normal 0.062797 0.423344 0.903790
    outer loop
      vertex 11.198675 56.299542 138.581930
      vertex 6.930744 70.369025 132.288190
      vertex 5.626430 57.126106 138.581930
    endloop
  endfacet
  facet normal 0.021000 0.427461 0.903790
    outer loop
      vertex 5.626430 57.126106 138.581930
      vertex 6.930744 70.369025 132.288190
      vertex 0.000000 70.709511 132.288190
    endloop
  endfacet
  facet normal 0.021000 0.427461 0.903790
    outer loop
      vertex 5.626430 57.126106 138.581930
      vertex 0.000000 70.709511 132.288190
      vertex 0.000000 57.402515 138.581930
    endloop
  endfacet
  facet normal -0.021000 0.427461 0.903790
    outer loop
      vertex 0.000000 57.402515 138.581930
      vertex 0.000000 70.709511 132.288190
      vertex -6.930744 70.369025 132.288190
    endloop
  endfacet
  facet normal -0.021000 0.427461 0.903790
    outer loop
      vertex 0.000000 57.402515 138.581930
      vertex -6.930744 70.369025 132.288190
      vertex -5.626430 57.126106 138.581930
    endloop
  endfacet
  facet normal -0.062797 0.423344 0.903790
    outer loop
      vertex -5.626430 57.126106 138.581930
      vertex -6.930744 70.369025 132.288190
      vertex -13.794741 69.350847 132.288190
    endloop
  endfacet
  facet normal -0.062797 0.423344 0.903790
    outer loop
      vertex -5.626430 57.126106 138.581930
      vertex -13.794741 69.350847 132.288190
      vertex -11.198675 56.299542 138.581930
    endloop
  endfacet
  facet normal -0.103990 0.415150 0.903790
    outer loop
      vertex -11.198675 56.299542 138.581930
      vertex -13.794741 69.350847 132.288190
      vertex -20.525887 67.664783 132.288190
    endloop
  endfacet
  facet normal -0.103990 0.415150 0.903790
    outer loop
      vertex -11.198675 56.299542 138.581930
      vertex -20.525887 67.664783 132.288190
      vertex -16.663070 54.930782 138.581930
    endloop
  endfacet
  facet normal -0.144181 0.402959 0.903790
    outer loop
      vertex -16.663070 54.930782 138.581930
      vertex -20.525887 67.664783 132.288190
      vertex -27.059358 65.327070 132.288190
    endloop
  endfacet
  facet normal -0.144181 0.402959 0.903790
    outer loop
      vertex -16.663070 54.930782 138.581930
      vertex -27.059358 65.327070 132.288190
      vertex -21.966991 53.033009 138.581930
    endloop
  endfacet
  facet normal -0.182983 0.386886 0.903790
    outer loop
      vertex -21.966991 53.033009 138.581930
      vertex -27.059358 65.327070 132.288190
      vertex -33.332233 62.360221 132.288190
    endloop
  endfacet
  facet normal -0.182983 0.386886 0.903790
    outer loop
      vertex -21.966991 53.033009 138.581930
      vertex -33.332233 62.360221 132.288190
      vertex -27.059358 50.624498 138.581930
    endloop
  endfacet
  facet normal -0.220024 0.367088 0.903790
    outer loop
      vertex -27.059358 50.624498 138.581930
      vertex -33.332233 62.360221 132.288190
      vertex -39.284099 58.792809 132.288190
    endloop
  endfacet
  facet normal -0.220024 0.367088 0.903790
    outer loop
      vertex -27.059358 50.624498 138.581930
      vertex -39.284099 58.792809 132.288190
      vertex -31.891129 47.728447 138.581930
    endloop
  endfacet
  facet normal -0.254945 0.343754 0.903790
    outer loop
      vertex -31.891129 47.728447 138.581930
      vertex -39.284099 58.792809 132.288190
      vertex -44.857639 54.659191 132.288190
    endloop
  endfacet
  facet normal -0.254945 0.343754 0.903790
    outer loop
      vertex -31.891129 47.728447 138.581930
      vertex -44.857639 54.659191 132.288190
      vertex -36.415770 44.372744 138.581930
    endloop
  endfacet
  facet normal -0.287411 0.317110 0.903790
    outer loop
      vertex -36.415770 44.372744 138.581930
      vertex -44.857639 54.659191 132.288190
      vertex -49.999174 49.999174 132.288190
    endloop
  endfacet
  facet normal -0.287411 0.317110 0.903790
    outer loop
      vertex -36.415770 44.372744 138.581930
      vertex -49.999174 49.999174 132.288190
      vertex -40.589708 40.589708 138.581930
    endloop
  endfacet
  facet normal -0.317110 0.287411 0.903790
    outer loop
      vertex -40.589708 40.589708 138.581930
      vertex -49.999174 49.999174 132.288190
      vertex -54.659191 44.857639 132.288190
    endloop
  endfacet
  facet normal -0.317110 0.287411 0.903790
    outer loop
      vertex -40.589708 40.589708 138.581930
      vertex -54.659191 44.857639 132.288190
      vertex -44.372744 36.415770 138.581930
    endloop
  endfacet
  facet normal -0.343754 0.254945 0.903790
    outer loop
      vertex -44.372744 36.415770 138.581930
      vertex -54.659191 44.857639 132.288190
      vertex -58.792809 39.284099 132.288190
    endloop
  endfacet
  facet normal -0.343754 0.254945 0.903790
    outer loop
      vertex -44.372744 36.415770 138.581930
      vertex -58.792809 39.284099 132.288190
      vertex -47.728447 31.891129 138.581930
    endloop
  endfacet
  facet normal -0.367088 0.220024 0.903790
    outer loop
      vertex -47.728447 31.891129 138.581930
      vertex -58.792809 39.284099 132.288190
      vertex -62.360221 33.332233 132.288190
    endloop
  endfacet
  facet normal -0.367088 0.220024 0.903790
    outer loop
      vertex -47.728447 31.891129 138.581930
      vertex -62.360221 33.332233 132.288190
      vertex -50.624498 27.059358 138.581930
    endloop
  endfacet
  facet normal -0.386886 0.182983 0.903790
    outer loop
      vertex -50.624498 27.059358 138.581930
      vertex -62.360221 33.332233 132.288190
      vertex -65.327070 27.059358 132.288190
    endloop
  endfacet
  facet normal -0.386886 0.182983 0.903790
    outer loop
      vertex -50.624498 27.059358 138.581930
      vertex -65.327070 27.059358 132.288190
      vertex -53.033009 21.966991 138.581930
    endloop
  endfacet
  facet normal -0.402959 0.144181 0.903790
    outer loop
      vertex -53.033009 21.966991 138.581930
      vertex -65.327070 27.059358 132.288190
      vertex -67.664783 20.525887 132.288190
    endloop
  endfacet
  facet normal -0.402959 0.144181 0.903790
    outer loop
      vertex -53.033009 21.966991 138.581930
      vertex -67.664783 20.525887 132.288190
      vertex -54.930782 16.663070 138.581930
    endloop
  endfacet
  facet normal -0.415150 0.103990 0.903790
    outer loop
      vertex -54.930782 16.663070 138.581930
      vertex -67.664783 20.525887 132.288190
      vertex -69.350847 13.794741 132.288190
    endloop
  endfacet
  facet normal -0.415150 0.103990 0.903790
    outer loop
      vertex -54.930782 16.663070 138.581930
      vertex -69.350847 13.794741 132.288190
      vertex -56.299542 11.198675 138.581930
    endloop
  endfacet
  facet normal -0.423344 0.062797 0.903790
    outer loop
      vertex -56.299542 11.198675 138.581930
      vertex -69.350847 13.794741 132.288190
      vertex -70.369025 6.930744 132.288190
    endloop
  endfacet
  facet normal -0.423344 0.062797 0.903790
    outer loop
      vertex -56.299542 11.198675 138.581930
      vertex -70.369025 6.930744 132.288190
      vertex -57.126106 5.626430 138.581930
    endloop
  endfacet
  facet normal -0.427461 0.021000 0.903790
    outer loop
      vertex -57.126106 5.626430 138.581930
      vertex -70.369025 6.930744 132.288190
      vertex -70.709511 0.000000 132.288190
    endloop
  endfacet
  facet normal -0.427461 0.021000 0.903790
    outer loop
      vertex -57.126106 5.626430 138.581930
      vertex -70.709511 0.000000 132.288190
      vertex -57.402515 0.000000 138.581930
    endloop
  endfacet
  facet normal -0.427461 -0.021000 0.903790
    outer loop
      vertex -57.402515 0.000000 138.581930
      vertex -70.709511 0.000000 132.288190
      vertex -70.369025 -6.930744 132.288190
    endloop
  endfacet
  facet normal -0.427461 -0.021000 0.903790
    outer loop
      vertex -57.402515 0.000000 138.581930
      vertex -70.369025 -6.930744 132.288190
      vertex -57.126106 -5.626430 138.581930
    endloop
  endfacet
  facet normal -0.423344 -0.062797 0.903790
    outer loop
      vertex -57.126106 -5.626430 138.581930
      vertex -70.369025 -6.930744 132.288190
      vertex -69.350847 -13.794741 132.288190
    endloop
  endfacet
  facet normal -0.423344 -0.062797 0.903790
    outer loop
      vertex -57.126106 -5.626430 138.581930
      vertex -69.350847 -13.794741 132.288190
      vertex -56.299542 -11.198675 138.581930
    endloop
  endfacet
  facet normal -0.415150 -0.103990 0.903790
    outer loop
      vertex -56.299542 -11.198675 138.581930
      vertex -69.350847 -13.794741 132.288190
      vertex -67.664783 -20.525887 132.288190
    endloop
  endfacet
  facet normal -0.415150 -0.103990 0.903790
    outer loop
      vertex -56.299542 -11.198675 138.581930
      vertex -67.664783 -20.525887 132.288190
      vertex -54.930782 -16.663070 138.581930
    endloop
  endfacet
  facet normal -0.402959 -0.144181 0.903790
    outer loop
      vertex -54.930782 -16.663070 138.581930
      vertex -67.664783 -20.525887 132.288190
      vertex -65.327070 -27.059358 132.288190
    endloop
  endfacet
  facet normal -0.402959 -0.144181 0.903790
    outer loop
      vertex -54.930782 -16.663070 138.581930
      vertex -65.327070 -27.059358 132.288190
      vertex -53.033009 -21.966991 138.581930
    endloop
  endfacet
  facet normal -0.386886 -0.182983 0.903790
    outer loop
      vertex -53.033009 -21.966991 138.581930
      vertex -65.327070 -27.059358 132.288190
      vertex -62.360221 -33.332233 132.288190
    endloop
  endfacet
  facet normal -0.386886 -0.182983 0.903790
    outer loop
      vertex -53.033009 -21.966991 138.581930
      vertex -62.360221 -33.332233 132.288190
      vertex -50.624498 -27.059358 138.581930
    endloop
  endfacet
  facet normal -0.367088 -0.220024 0.903790
    outer loop
      vertex -50.624498 -27.059358 138.581930
      vertex -62.360221 -33.332233 132.288190
      vertex -58.792809 -39.284099 132.288190
    endloop
  endfacet
  facet normal -0.367088 -0.220024 0.903790
    outer loop
      vertex -50.624498 -27.059358 138.581930
      vertex -58.792809 -39.284099 132.288190
      vertex -47.728447 -31.891129 138.581930
    endloop
  endfacet
  facet normal -0.343754 -0.254945 0.903790
    outer loop
      vertex -47.728447 -31.891129 138.581930
      vertex -58.792809 -39.284099 132.288190
      vertex -54.659191 -44.857639 132.288190
    endloop
  endfacet
  facet normal -0.343754 -0.254945 0.903790
    outer loop
      vertex -47.728447 -31.891129 138.581930
      vertex -54.659191 -44.857639 132.288190
      vertex -44.372744 -36.415770 138.581930
    endloop
  endfacet
  facet normal -0.317110 -0.287411 0.903790
    outer loop
      vertex -44.372744 -36.415770 138.581930
      vertex -54.659191 -44.857639 132.288190
      vertex -49.999174 -49.999174 132.288190
    endloop
  endfacet
  facet normal -0.317110 -0.287411 0.903790
    outer loop
      vertex -44.372744 -36.415770 138.581930
      vertex -49.999174 -49.999174 132.288190
      vertex -40.589708 -40.589708 138.581930
    endloop
  endfacet
  facet normal -0.287411 -0.317110 0.903790
    outer loop
      vertex -40.589708 -40.589708 138.581930
      vertex -49.999174 -49.999174 132.288190
      vertex -44.857639 -54.659191 132.288190
    endloop
  endfacet
  facet normal -0.287411 -0.317110 0.903790
    outer loop
      vertex -40.589708 -40.589708 138.581930
      vertex -44.857639 -54.659191 132.288190
      vertex -36.415770 -44.372744 138.581930
    endloop
  endfacet
  facet normal -0.254945 -0.343754 0.903790
    outer loop
      vertex -36.415770 -44.372744 138.581930
      vertex -44.857639 -54.659191 132.288190
      vertex -39.284099 -58.792809 132.288190
    endloop
  endfacet
  facet normal -0.254945 -0.343754 0.903790
    outer loop
      vertex -36.415770 -44.372744 138.581930
      vertex -39.284099 -58.792809 132.288190
      vertex -31.891129 -47.728447 138.581930
    endloop
  endfacet
  facet normal -0.220024 -0.367088 0.903790
    outer loop
      vertex -31.891129 -47.728447 138.581930
      vertex -39.284099 -58.792809 132.288190
      vertex -33.332233 -62.360221 132.288190
    endloop
  endfacet
  facet normal -0.220024 -0.367088 0.903790
    outer loop
      vertex -31.891129 -47.728447 138.581930
      vertex -33.332233 -62.360221 132.288190
      vertex -27.059358 -50.624498 138.581930
    endloop
  endfacet
  facet normal -0.182983 -0.386886 0.903790
    outer loop
      vertex -27.059358 -50.624498 138.581930
      vertex -33.332233 -62.360221 132.288190
      vertex -27.059358 -65.327070 132.288190
    endloop
  endfacet
  facet normal -0.182983 -0.386886 0.903790
    outer loop
      vertex -27.059358 -50.624498 138.581930
      vertex -27.059358 -65.327070 132.288190
      vertex -21.966991 -53.033009 138.581930
    endloop
  endfacet
  facet normal -0.144181 -0.402959 0.903790
    outer loop
      vertex -21.966991 -53.033009 138.581930
      vertex -27.059358 -65.327070 132.288190
      vertex -20.525887 -67.664783 132.288190
    endloop
  endfacet
  facet normal -0.144181 -0.402959 0.903790
    outer loop
      vertex -21.966991 -53.033009 138.581930
      vertex -20.525887 -67.664783 132.288190
      vertex -16.663070 -54.930782 138.581930
    endloop
  endfacet
  facet normal -0.103990 -0.415150 0.903790
    outer loop
      vertex -16.663070 -54.930782 138.581930
      vertex -20.525887 -67.664783 132.288190
      vertex -13.794741 -69.350847 132.288190
    endloop
  endfacet
  facet normal -0.103990 -0.415150 0.903790
    outer loop
      vertex -16.663070 -54.930782 138.581930
      vertex -13.794741 -69.350847 132.288190
      vertex -11.198675 -56.299542 138.581930
    endloop
  endfacet
  facet normal -0.062797 -0.423344 0.903790
    outer loop
      vertex -11.198675 -56.299542 138.581930
      vertex -13.794741 -69.350847 132.288190
      vertex -6.930744 -70.369025 132.288190
    endloop
  endfacet
  facet normal -0.062797 -0.423344 0.903790
    outer loop
      vertex -11.198675 -56.299542 138.581930
      vertex -6.930744 -70.369025 132.288190
      vertex -5.626430 -57.126106 138.581930
    endloop
  endfacet
  facet normal -0.021000 -0.427461 0.903790
    outer loop
      vertex -5.626430 -57.126106 138.581930
      vertex -6.930744 -70.369025 132.288190
      vertex -0.000000 -70.709511 132.288190
    endloop
  endfacet
  facet normal -0.021000 -0.427461 0.903790
    outer loop
      vertex -5.626430 -57.126106 138.581930
      vertex -0.000000 -70.709511 132.288190
      vertex -0.000000 -57.402515 138.581930
    endloop
  endfacet
  facet normal 0.021000 -0.427461 0.903790
    outer loop
      vertex -0.000000 -57.402515 138.581930
      vertex -0.000000 -70.709511 132.288190
      vertex 6.930744 -70.369025 132.288190
    endloop
  endfacet
  facet normal 0.021000 -0.427461 0.903790
    outer loop
      vertex -0.000000 -57.402515 138.581930
      vertex 6.930744 -70.369025 132.288190
      vertex 5.626430 -57.126106 138.581930
    endloop
  endfacet
  facet normal 0.062797 -0.423344 0.903790
    outer loop
      vertex 5.626430 -57.126106 138.581930
      vertex 6.930744 -70.369025 132.288190
      vertex 13.794741 -69.350847 132.288190
    endloop
  endfacet
  facet normal 0.062797 -0.423344 0.903790
    outer loop
      vertex 5.626430 -57.126106 138.581930
      vertex 13.794741 -69.350847 132.288190
      vertex 11.198675 -56.299542 138.581930
    endloop
  endfacet
  facet normal 0.103990 -0.415150 0.903790
    outer loop
      vertex 11.198675 -56.299542 138.581930
      vertex 13.794741 -69.350847 132.288190
      vertex 20.525887 -67.664783 132.288190
    endloop
  endfacet
  facet normal 0.103990 -0.415150 0.903790
    outer loop
      vertex 11.198675 -56.299542 138.581930
      vertex 20.525887 -67.664783 132.288190
      vertex 16.663070 -54.930782 138.581930
    endloop
  endfacet
  facet normal 0.144181 -0.402959 0.903790
    outer loop
      vertex 16.663070 -54.930782 138.581930
      vertex 20.525887 -67.664783 132.288190
      vertex 27.059358 -65.327070 132.288190
    endloop
  endfacet
  facet normal 0.144181 -0.402959 0.903790
    outer loop
      vertex 16.663070 -54.930782 138.581930
      vertex 27.059358 -65.327070 132.288190
      vertex 21.966991 -53.033009 138.581930
    endloop
  endfacet
  facet normal 0.182983 -0.386886 0.903790
    outer loop
      vertex 21.966991 -53.033009 138.581930
      vertex 27.059358 -65.327070 132.288190
      vertex 33.332233 -62.360221 132.288190
    endloop
  endfacet
  facet normal 0.182983 -0.386886 0.903790
    outer loop
      vertex 21.966991 -53.033009 138.581930
      vertex 33.332233 -62.360221 132.288190
      vertex 27.059358 -50.624498 138.581930
    endloop
  endfacet
  facet normal 0.220024 -0.367088 0.903790
    outer loop
      vertex 27.059358 -50.624498 138.581930
      vertex 33.332233 -62.360221 132.288190
      vertex 39.284099 -58.792809 132.288190
    endloop
  endfacet
  facet normal 0.220024 -0.367088 0.903790
    outer loop
      vertex 27.059358 -50.624498 138.581930
      vertex 39.284099 -58.792809 132.288190
      vertex 31.891129 -47.728447 138.581930
    endloop
  endfacet
  facet normal 0.254945 -0.343754 0.903790
    outer loop
      vertex 31.891129 -47.728447 138.581930
      vertex 39.284099 -58.792809 132.288190
      vertex 44.857639 -54.659191 132.288190
    endloop
  endfacet
  facet normal 0.254945 -0.343754 0.903790
    outer loop
      vertex 31.891129 -47.728447 138.581930
      vertex 44.857639 -54.659191 132.288190
      vertex 36.415770 -44.372744 138.581930
    endloop
  endfacet
  facet normal 0.287411 -0.317110 0.903790
    outer loop
      vertex 36.415770 -44.372744 138.581930
      vertex 44.857639 -54.659191 132.288190
      vertex 49.999174 -49.999174 132.288190
    endloop
  endfacet
  facet normal 0.287411 -0.317110 0.903790
    outer loop
      vertex 36.415770 -44.372744 138.581930
      vertex 49.999174 -49.999174 132.288190
      vertex 40.589708 -40.589708 138.581930
    endloop
  endfacet
  facet normal 0.317110 -0.287411 0.903790
    outer loop
      vertex 40.589708 -40.589708 138.581930
      vertex 49.999174 -49.999174 132.288190
      vertex 54.659191 -44.857639 132.288190
    endloop
  endfacet
  facet normal 0.317110 -0.287411 0.903790
    outer loop
      vertex 40.589708 -40.589708 138.581930
      vertex 54.659191 -44.857639 132.288190
      vertex 44.372744 -36.415770 138.581930
    endloop
  endfacet
  facet normal 0.343754 -0.254945 0.903790
    outer loop
      vertex 44.372744 -36.415770 138.581930
      vertex 54.659191 -44.857639 132.288190
      vertex 58.792809 -39.284099 132.288190
    endloop
  endfacet
  facet normal 0.343754 -0.254945 0.903790
    outer loop
      vertex 44.372744 -36.415770 138.581930
      vertex 58.792809 -39.284099 132.288190
      vertex 47.728447 -31.891129 138.581930
    endloop
  endfacet
  facet normal 0.367088 -0.220024 0.903790
    outer loop
      vertex 47.728447 -31.891129 138.581930
      vertex 58.792809 -39.284099 132.288190
      vertex 62.360221 -33.332233 132.288190
    endloop
  endfacet
  facet normal 0.367088 -0.220024 0.903790
    outer loop
      vertex 47.728447 -31.891129 138.581930
      vertex 62.360221 -33.332233 132.288190
      vertex 50.624498 -27.059358 138.581930
    endloop
  endfacet
  facet normal 0.386886 -0.182983 0.903790
    outer loop
      vertex 50.624498 -27.059358 138.581930
      vertex 62.360221 -33.332233 132.288190
      vertex 65.327070 -27.059358 132.288190
    endloop
  endfacet
  facet normal 0.386886 -0.182983 0.903790
    outer loop
      vertex 50.624498 -27.059358 138.581930
      vertex 65.327070 -27.059358 132.288190
      vertex 53.033009 -21.966991 138.581930
    endloop
  endfacet
  facet normal 0.402959 -0.144181 0.903790
    outer loop
      vertex 53.033009 -21.966991 138.581930
      vertex 65.327070 -27.059358 132.288190
      vertex 67.664783 -20.525887 132.288190
    endloop
  endfacet
  facet normal 0.402959 -0.144181 0.903790
    outer loop
      vertex 53.033009 -21.966991 138.581930
      vertex 67.664783 -20.525887 132.288190
      vertex 54.930782 -16.663070 138.581930
    endloop
  endfacet
  facet normal 0.415150 -0.103990 0.903790
    outer loop
      vertex 54.930782 -16.663070 138.581930
      vertex 67.664783 -20.525887 132.288190
      vertex 69.350847 -13.794741 132.288190
    endloop
  endfacet
  facet normal 0.415150 -0.103990 0.903790
    outer loop
      vertex 54.930782 -16.663070 138.581930
      vertex 69.350847 -13.794741 132.288190
      vertex 56.299542 -11.198675 138.581930
    endloop
  endfacet
  facet normal 0.423344 -0.062797 0.903790
    outer loop
      vertex 56.299542 -11.198675 138.581930
      vertex 69.350847 -13.794741 132.288190
      vertex 70.369025 -6.930744 132.288190
    endloop
  endfacet
  facet normal 0.423344 -0.062797 0.903790
    outer loop
      vertex 56.299542 -11.198675 138.581930
      vertex 70.369025 -6.930744 132.288190
      vertex 57.126106 -5.626430 138.581930
    endloop
  endfacet
  facet normal 0.427461 -0.021000 0.903790
    outer loop
      vertex 57.126106 -5.626430 138.581930
      vertex 70.369025 -6.930744 132.288190
      vertex 70.709511 -0.000000 132.288190
    endloop
  endfacet
  facet normal 0.427461 -0.021000 0.903790
    outer loop
      vertex 57.126106 -5.626430 138.581930
      vertex 70.709511 -0.000000 132.288190
      vertex 57.402515 -0.000000 138.581930
    endloop
  endfacet
  facet normal 0.513939 0.025248 0.857455
    outer loop
      vertex 70.709511 0.000000 132.288190
      vertex 83.335535 0.000000 124.720442
      vertex 82.934252 8.168311 124.720442
    endloop
  endfacet
  facet normal 0.513939 0.025248 0.857455
    outer loop
      vertex 70.709511 0.000000 132.288190
      vertex 82.934252 8.168311 124.720442
      vertex 70.369025 6.930744 132.288190
    endloop
  endfacet
  facet normal 0.508989 0.075501 0.857455
    outer loop
      vertex 70.369025 6.930744 132.288190
      vertex 82.934252 8.168311 124.720442
      vertex 81.734266 16.257956 124.720442
    endloop
  endfacet
  facet normal 0.508989 0.075501 0.857455
    outer loop
      vertex 70.369025 6.930744 132.288190
      vertex 81.734266 16.257956 124.720442
      vertex 69.350847 13.794741 132.288190
    endloop
  endfacet
  facet normal 0.499138 0.125028 0.857455
    outer loop
      vertex 69.350847 13.794741 132.288190
      vertex 81.734266 16.257956 124.720442
      vertex 79.747135 24.191029 124.720442
    endloop
  endfacet
  facet normal 0.499138 0.125028 0.857455
    outer loop
      vertex 69.350847 13.794741 132.288190
      vertex 79.747135 24.191029 124.720442
      vertex 67.664783 20.525887 132.288190
    endloop
  endfacet
  facet normal 0.484480 0.173350 0.857455
    outer loop
      vertex 67.664783 20.525887 132.288190
      vertex 79.747135 24.191029 124.720442
      vertex 76.991995 31.891129 124.720442
    endloop
  endfacet
  facet normal 0.484480 0.173350 0.857455
    outer loop
      vertex 67.664783 20.525887 132.288190
      vertex 76.991995 31.891129 124.720442
      vertex 65.327070 27.059358 132.288190
    endloop
  endfacet
  facet normal 0.465156 0.220002 0.857455
    outer loop
      vertex 65.327070 27.059358 132.288190
      vertex 76.991995 31.891129 124.720442
      vertex 73.495380 39.284099 124.720442
    endloop
  endfacet
  facet normal 0.465156 0.220002 0.857455
    outer loop
      vertex 65.327070 27.059358 132.288190
      vertex 73.495380 39.284099 124.720442
      vertex 62.360221 33.332233 132.288190
    endloop
  endfacet
  facet normal 0.441352 0.264536 0.857455
    outer loop
      vertex 62.360221 33.332233 132.288190
      vertex 73.495380 39.284099 124.720442
      vertex 69.290965 46.298743 124.720442
    endloop
  endfacet
  facet normal 0.441352 0.264536 0.857455
    outer loop
      vertex 62.360221 33.332233 132.288190
      vertex 69.290965 46.298743 124.720442
      vertex 58.792809 39.284099 132.288190
    endloop
  endfacet
  facet normal 0.413297 0.306522 0.857455
    outer loop
      vertex 58.792809 39.284099 132.288190
      vertex 69.290965 46.298743 124.720442
      vertex 64.419240 52.867504 124.720442
    endloop
  endfacet
  facet normal 0.413297 0.306522 0.857455
    outer loop
      vertex 58.792809 39.284099 132.288190
      vertex 64.419240 52.867504 124.720442
      vertex 54.659191 44.857639 132.288190
    endloop
  endfacet
  facet normal 0.381263 0.345556 0.857455
    outer loop
      vertex 54.659191 44.857639 132.288190
      vertex 64.419240 52.867504 124.720442
      vertex 58.927122 58.927122 124.720442
    endloop
  endfacet
  facet normal 0.381263 0.345556 0.857455
    outer loop
      vertex 54.659191 44.857639 132.288190
      vertex 58.927122 58.927122 124.720442
      vertex 49.999174 49.999174 132.288190
    endloop
  endfacet
  facet normal 0.345556 0.381263 0.857455
    outer loop
      vertex 49.999174 49.999174 132.288190
      vertex 58.927122 58.927122 124.720442
      vertex 52.867504 64.419240 124.720442
    endloop
  endfacet
  facet normal 0.345556 0.381263 0.857455
    outer loop
      vertex 49.999174 49.999174 132.288190
      vertex 52.867504 64.419240 124.720442
      vertex 44.857639 54.659191 132.288190
    endloop
  endfacet
  facet normal 0.306522 0.413297 0.857455
    outer loop
      vertex 44.857639 54.659191 132.288190
      vertex 52.867504 64.419240 124.720442
      vertex 46.298743 69.290965 124.720442
    endloop
  endfacet
  facet normal 0.306522 0.413297 0.857455
    outer loop
      vertex 44.857639 54.659191 132.288190
      vertex 46.298743 69.290965 124.720442
      vertex 39.284099 58.792809 132.288190
    endloop
  endfacet
  facet normal 0.264536 0.441352 0.857455
    outer loop
      vertex 39.284099 58.792809 132.288190
      vertex 46.298743 69.290965 124.720442
      vertex 39.284099 73.495380 124.720442
    endloop
  endfacet
  facet normal 0.264536 0.441352 0.857455
    outer loop
      vertex 39.284099 58.792809 132.288190
      vertex 39.284099 73.495380 124.720442
      vertex 33.332233 62.360221 132.288190
    endloop
  endfacet
  facet normal 0.220002 0.465156 0.857455
    outer loop
      vertex 33.332233 62.360221 132.288190
      vertex 39.284099 73.495380 124.720442
      vertex 31.891129 76.991995 124.720442
    endloop
  endfacet
  facet normal 0.220002 0.465156 0.857455
    outer loop
      vertex 33.332233 62.360221 132.288190
      vertex 31.891129 76.991995 124.720442
      vertex 27.059358 65.327070 132.288190
    endloop
  endfacet
  facet normal 0.173350 0.484480 0.857455
    outer loop
      vertex 27.059358 65.327070 132.288190
      vertex 31.891129 76.991995 124.720442
      vertex 24.191029 79.747135 124.720442
    endloop
  endfacet
  facet normal 0.173350 0.484480 0.857455
    outer loop
      vertex 27.059358 65.327070 132.288190
      vertex 24.191029 79.747135 124.720442
      vertex 20.525887 67.664783 132.288190
    endloop
  endfacet
  facet normal 0.125028 0.499138 0.857455
    outer loop
      vertex 20.525887 67.664783 132.288190
      vertex 24.191029 79.747135 124.720442
      vertex 16.257956 81.734266 124.720442
    endloop
  endfacet
  facet normal 0.125028 0.499138 0.857455
    outer loop
      vertex 20.525887 67.664783 132.288190
      vertex 16.257956 81.734266 124.720442
      vertex 13.794741 69.350847 132.288190
    endloop
  endfacet
  facet normal 0.075501 0.508989 0.857455
    outer loop
      vertex 13.794741 69.350847 132.288190
      vertex 16.257956 81.734266 124.720442
      vertex 8.168311 82.934252 124.720442
    endloop
  endfacet
  facet normal 0.075501 0.508989 0.857455
    outer loop
      vertex 13.794741 69.350847 132.288190
      vertex 8.168311 82.934252 124.720442
      vertex 6.930744 70.369025 132.288190
    endloop
  endfacet
  facet normal 0.025248 0.513939 0.857455
    outer loop
      vertex 6.930744 70.369025 132.288190
      vertex 8.168311 82.934252 124.720442
      vertex 0.000000 83.335535 124.720442
    endloop
  endfacet
  facet normal 0.025248 0.513939 0.857455
    outer loop
      vertex 6.930744 70.369025 132.288190
      vertex 0.000000 83.335535 124.720442
      vertex 0.000000 70.709511 132.288190
    endloop
  endfacet
  facet normal -0.025248 0.513939 0.857455
    outer loop
      vertex 0.000000 70.709511 132.288190
      vertex 0.000000 83.335535 124.720442
      vertex -8.168311 82.934252 124.720442
    endloop
  endfacet
  facet normal -0.025248 0.513939 0.857455
    outer loop
      vertex 0.000000 70.709511 132.288190
      vertex -8.168311 82.934252 124.720442
      vertex -6.930744 70.369025 132.288190
    endloop
  endfacet
  facet normal -0.075501 0.508989 0.857455
    outer loop
      vertex -6.930744 70.369025 132.288190
      vertex -8.168311 82.934252 124.720442
      vertex -16.257956 81.734266 124.720442
    endloop
  endfacet
  facet normal -0.075501 0.508989 0.857455
    outer loop
      vertex -6.930744 70.369025 132.288190
      vertex -16.257956 81.734266 124.720442
      vertex -13.794741 69.350847 132.288190
    endloop
  endfacet
  facet normal -0.125028 0.499138 0.857455
    outer loop
      vertex -13.794741 69.350847 132.288190
      vertex -16.257956 81.734266 124.720442
      vertex -24.191029 79.747135 124.720442
    endloop
  endfacet
  facet normal -0.125028 0.499138 0.857455
    outer loop
      vertex -13.794741 69.350847 132.288190
      vertex -24.191029 79.747135 124.720442
      vertex -20.525887 67.664783 132.288190
    endloop
  endfacet
  facet normal -0.173350 0.484480 0.857455
    outer loop
      vertex -20.525887 67.664783 132.288190
      vertex -24.191029 79.747135 124.720442
      vertex -31.891129 76.991995 124.720442
    endloop
  endfacet
  facet normal -0.173350 0.484480 0.857455
    outer loop
      vertex -20.525887 67.664783 132.288190
      vertex -31.891129 76.991995 124.720442
      vertex -27.059358 65.327070 132.288190
    endloop
  endfacet
  facet normal -0.220002 0.465156 0.857455
    outer loop
      vertex -27.059358 65.327070 132.288190
      vertex -31.891129 76.991995 124.720442
      vertex -39.284099 73.495380 124.720442
    endloop
  endfacet
  facet normal -0.220002 0.465156 0.857455
    outer loop
      vertex -27.059358 65.327070 132.288190
      vertex -39.284099 73.495380 124.720442
      vertex -33.332233 62.360221 132.288190
    endloop
  endfacet
  facet normal -0.264536 0.441352 0.857455
    outer loop
      vertex -33.332233 62.360221 132.288190
      vertex -39.284099 73.495380 124.720442
      vertex -46.298743 69.290965 124.720442
    endloop
  endfacet
  facet normal -0.264536 0.441352 0.857455
    outer loop
      vertex -33.332233 62.360221 132.288190
      vertex -46.298743 69.290965 124.720442
      vertex -39.284099 58.792809 132.288190
    endloop
  endfacet
  facet normal -0.306522 0.413297 0.857455
    outer loop
      vertex -39.284099 58.792809 132.288190
      vertex -46.298743 69.290965 124.720442
      vertex -52.867504 64.419240 124.720442
    endloop
  endfacet
  facet normal -0.306522 0.413297 0.857455
    outer loop
      vertex -39.284099 58.792809 132.288190
      vertex -52.867504 64.419240 124.720442
      vertex -44.857639 54.659191 132.288190
    endloop
  endfacet
  facet normal -0.345556 0.381263 0.857455
    outer loop
      vertex -44.857639 54.659191 132.288190
      vertex -52.867504 64.419240 124.720442
      vertex -58.927122 58.927122 124.720442
    endloop
  endfacet
  facet normal -0.345556 0.381263 0.857455
    outer loop
      vertex -44.857639 54.659191 132.288190
      vertex -58.927122 58.927122 124.720442
      vertex -49.999174 49.999174 132.288190
    endloop
  endfacet
  facet normal -0.381263 0.345556 0.857455
    outer loop
      vertex -49.999174 49.999174 132.288190
      vertex -58.927122 58.927122 124.720442
      vertex -64.419240 52.867504 124.720442
    endloop
  endfacet
  facet normal -0.381263 0.345556 0.857455
    outer loop
      vertex -49.999174 49.999174 132.288190
      vertex -64.419240 52.867504 124.720442
      vertex -54.659191 44.857639 132.288190
    endloop
  endfacet
  facet normal -0.413297 0.306522 0.857455
    outer loop
      vertex -54.659191 44.857639 132.288190
      vertex -64.419240 52.867504 124.720442
      vertex -69.290965 46.298743 124.720442
    endloop
  endfacet
  facet normal -0.413297 0.306522 0.857455
    outer loop
      vertex -54.659191 44.857639 132.288190
      vertex -69.290965 46.298743 124.720442
      vertex -58.792809 39.284099 132.288190
    endloop
  endfacet
  facet normal -0.441352 0.264536 0.857455
    outer loop
      vertex -58.792809 39.284099 132.288190
      vertex -69.290965 46.298743 124.720442
      vertex -73.495380 39.284099 124.720442
    endloop
  endfacet
  facet normal -0.441352 0.264536 0.857455
    outer loop
      vertex -58.792809 39.284099 132.288190
      vertex -73.495380 39.284099 124.720442
      vertex -62.360221 33.332233 132.288190
    endloop
  endfacet
  facet normal -0.465156 0.220002 0.857455
    outer loop
      vertex -62.360221 33.332233 132.288190
      vertex -73.495380 39.284099 124.720442
      vertex -76.991995 31.891129 124.720442
    endloop
  endfacet
  facet normal -0.465156 0.220002 0.857455
    outer loop
      vertex -62.360221 33.332233 132.288190
      vertex -76.991995 31.891129 124.720442
      vertex -65.327070 27.059358 132.288190
    endloop
  endfacet
  facet normal -0.484480 0.173350 0.857455
    outer loop
      vertex -65.327070 27.059358 132.288190
      vertex -76.991995 31.891129 124.720442
      vertex -79.747135 24.191029 124.720442
    endloop
  endfacet
  facet normal -0.484480 0.173350 0.857455
    outer loop
      vertex -65.327070 27.059358 132.288190
      vertex -79.747135 24.191029 124.720442
      vertex -67.664783 20.525887 132.288190
    endloop
  endfacet
  facet normal -0.499138 0.125028 0.857455
    outer loop
      vertex -67.664783 20.525887 132.288190
      vertex -79.747135 24.191029 124.720442
      vertex -81.734266 16.257956 124.720442
    endloop
  endfacet
  facet normal -0.499138 0.125028 0.857455
    outer loop
      vertex -67.664783 20.525887 132.288190
      vertex -81.734266 16.257956 124.720442
      vertex -69.350847 13.794741 132.288190
    endloop
  endfacet
  facet normal -0.508989 0.075501 0.857455
    outer loop
      vertex -69.350847 13.794741 132.288190
      vertex -81.734266 16.257956 124.720442
      vertex -82.934252 8.168311 124.720442
    endloop
  endfacet
  facet normal -0.508989 0.075501 0.857455
    outer loop
      vertex -69.350847 13.794741 132.288190
      vertex -82.934252 8.168311 124.720442
      vertex -70.369025 6.930744 132.288190
    endloop
  endfacet
  facet normal -0.513939 0.025248 0.857455
    outer loop
      vertex -70.369025 6.930744 132.288190
      vertex -82.934252 8.168311 124.720442
      vertex -83.335535 0.000000 124.720442
    endloop
  endfacet
  facet normal -0.513939 0.025248 0.857455
    outer loop
      vertex -70.369025 6.930744 132.288190
      vertex -83.335535 0.000000 124.720442
      vertex -70.709511 0.000000 132.288190
    endloop
  endfacet
  facet normal -0.513939 -0.025248 0.857455
    outer loop
      vertex -70.709511 0.000000 132.288190
      vertex -83.335535 0.000000 124.720442
      vertex -82.934252 -8.168311 124.720442
    endloop
  endfacet
  facet normal -0.513939 -0.025248 0.857455
    outer loop
      vertex -70.709511 0.000000 132.288190
      vertex -82.934252 -8.168311 124.720442
      vertex -70.369025 -6.930744 132.288190
    endloop
  endfacet
  facet normal -0.508989 -0.075501 0.857455
    outer loop
      vertex -70.369025 -6.930744 132.288190
      vertex -82.934252 -8.168311 124.720442
      vertex -81.734266 -16.257956 124.720442
    endloop
  endfacet
  facet normal -0.508989 -0.075501 0.857455
    outer loop
      vertex -70.369025 -6.930744 132.288190
      vertex -81.734266 -16.257956 124.720442
      vertex -69.350847 -13.794741 132.288190
    endloop
  endfacet
  facet normal -0.499138 -0.125028 0.857455
    outer loop
      vertex -69.350847 -13.794741 132.288190
      vertex -81.734266 -16.257956 124.720442
      vertex -79.747135 -24.191029 124.720442
    endloop
  endfacet
  facet normal -0.499138 -0.125028 0.857455
    outer loop
      vertex -69.350847 -13.794741 132.288190
      vertex -79.747135 -24.191029 124.720442
      vertex -67.664783 -20.525887 132.288190
    endloop
  endfacet
  facet normal -0.484480 -0.173350 0.857455
    outer loop
      vertex -67.664783 -20.525887 132.288190
      vertex -79.747135 -24.191029 124.720442
      vertex -76.991995 -31.891129 124.720442
    endloop
  endfacet
  facet normal -0.484480 -0.173350 0.857455
    outer loop
      vertex -67.664783 -20.525887 132.288190
      vertex -76.991995 -31.891129 124.720442
      vertex -65.327070 -27.059358 132.288190
    endloop
  endfacet
  facet normal -0.465156 -0.220002 0.857455
    outer loop
      vertex -65.327070 -27.059358 132.288190
      vertex -76.991995 -31.891129 124.720442
      vertex -73.495380 -39.284099 124.720442
    endloop
  endfacet
  facet normal -0.465156 -0.220002 0.857455
    outer loop
      vertex -65.327070 -27.059358 132.288190
      vertex -73.495380 -39.284099 124.720442
      vertex -62.360221 -33.332233 132.288190
    endloop
  endfacet
  facet normal -0.441352 -0.264536 0.857455
    outer loop
      vertex -62.360221 -33.332233 132.288190
      vertex -73.495380 -39.284099 124.720442
      vertex -69.290965 -46.298743 124.720442
    endloop
  endfacet
  facet normal -0.441352 -0.264536 0.857455
    outer loop
      vertex -62.360221 -33.332233 132.288190
      vertex -69.290965 -46.298743 124.720442
      vertex -58.792809 -39.284099 132.288190
    endloop
  endfacet
  facet normal -0.413297 -0.306522 0.857455
    outer loop
      vertex -58.792809 -39.284099 132.288190
      vertex -69.290965 -46.298743 124.720442
      vertex -64.419240 -52.867504 124.720442
    endloop
  endfacet
  facet normal -0.413297 -0.306522 0.857455
    outer loop
      vertex -58.792809 -39.284099 132.288190
      vertex -64.419240 -52.867504 124.720442
      vertex -54.659191 -44.857639 132.288190
    endloop
  endfacet
  facet normal -0.381263 -0.345556 0.857455
    outer loop
      vertex -54.659191 -44.857639 132.288190
      vertex -64.419240 -52.867504 124.720442
      vertex -58.927122 -58.927122 124.720442
    endloop
  endfacet
  facet normal -0.381263 -0.345556 0.857455
    outer loop
      vertex -54.659191 -44.857639 132.288190
      vertex -58.927122 -58.927122 124.720442
      vertex -49.999174 -49.999174 132.288190
    endloop
  endfacet
  facet normal -0.345556 -0.381263 0.857455
    outer loop
      vertex -49.999174 -49.999174 132.288190
      vertex -58.927122 -58.927122 124.720442
      vertex -52.867504 -64.419240 124.720442
    endloop
  endfacet
  facet normal -0.345556 -0.381263 0.857455
    outer loop
      vertex -49.999174 -49.999174 132.288190
      vertex -52.867504 -64.419240 124.720442
      vertex -44.857639 -54.659191 132.288190
    endloop
  endfacet
  facet normal -0.306522 -0.413297 0.857455
    outer loop
      vertex -44.857639 -54.659191 132.288190
      vertex -52.867504 -64.419240 124.720442
      vertex -46.298743 -69.290965 124.720442
    endloop
  endfacet
  facet normal -0.306522 -0.413297 0.857455
    outer loop
      vertex -44.857639 -54.659191 132.288190
      vertex -46.298743 -69.290965 124.720442
      vertex -39.284099 -58.792809 132.288190
    endloop
  endfacet
  facet normal -0.264536 -0.441352 0.857455
    outer loop
      vertex -39.284099 -58.792809 132.288190
      vertex -46.298743 -69.290965 124.720442
      vertex -39.284099 -73.495380 124.720442
    endloop
  endfacet
  facet normal -0.264536 -0.441352 0.857455
    outer loop
      vertex -39.284099 -58.792809 132.288190
      vertex -39.284099 -73.495380 124.720442
      vertex -33.332233 -62.360221 132.288190
    endloop
  endfacet
  facet normal -0.220002 -0.465156 0.857455
    outer loop
      vertex -33.332233 -62.360221 132.288190
      vertex -39.284099 -73.495380 124.720442
      vertex -31.891129 -76.991995 124.720442
    endloop
  endfacet
  facet normal -0.220002 -0.465156 0.857455
    outer loop
      vertex -33.332233 -62.360221 132.288190
      vertex -31.891129 -76.991995 124.720442
      vertex -27.059358 -65.327070 132.288190
    endloop
  endfacet
  facet normal -0.173350 -0.484480 0.857455
    outer loop
      vertex -27.059358 -65.327070 132.288190
      vertex -31.891129 -76.991995 124.720442
      vertex -24.191029 -79.747135 124.720442
    endloop
  endfacet
  facet normal -0.173350 -0.484480 0.857455
    outer loop
      vertex -27.059358 -65.327070 132.288190
      vertex -24.191029 -79.747135 124.720442
      vertex -20.525887 -67.664783 132.288190
    endloop
  endfacet
  facet normal -0.125028 -0.499138 0.857455
    outer loop
      vertex -20.525887 -67.664783 132.288190
      vertex -24.191029 -79.747135 124.720442
      vertex -16.257956 -81.734266 124.720442
    endloop
  endfacet
  facet normal -0.125028 -0.499138 0.857455
    outer loop
      vertex -20.525887 -67.664783 132.288190
      vertex -16.257956 -81.734266 124.720442
      vertex -13.794741 -69.350847 132.288190
    endloop
  endfacet
  facet normal -0.075501 -0.508989 0.857455
    outer loop
      vertex -13.794741 -69.350847 132.288190
      vertex -16.257956 -81.734266 124.720442
      vertex -8.168311 -82.934252 124.720442
    endloop
  endfacet
  facet normal -0.075501 -0.508989 0.857455
    outer loop
      vertex -13.794741 -69.350847 132.288190
      vertex -8.168311 -82.934252 124.720442
      vertex -6.930744 -70.369025 132.288190
    endloop
  endfacet
  facet normal -0.025248 -0.513939 0.857455
    outer loop
      vertex -6.930744 -70.369025 132.288190
      vertex -8.168311 -82.934252 124.720442
      vertex -0.000000 -83.335535 124.720442
    endloop
  endfacet
  facet normal -0.025248 -0.513939 0.857455
    outer loop
      vertex -6.930744 -70.369025 132.288190
      vertex -0.000000 -83.335535 124.720442
      vertex -0.000000 -70.709511 132.288190
    endloop
  endfacet
  facet normal 0.025248 -0.513939 0.857455
    outer loop
      vertex -0.000000 -70.709511 132.288190
      vertex -0.000000 -83.335535 124.720442
      vertex 8.168311 -82.934252 124.720442
    endloop
  endfacet
  facet normal 0.025248 -0.513939 0.857455
    outer loop
      vertex -0.000000 -70.709511 132.288190
      vertex 8.168311 -82.934252 124.720442
      vertex 6.930744 -70.369025 132.288190
    endloop
  endfacet
  facet normal 0.075501 -0.508989 0.857455
    outer loop
      vertex 6.930744 -70.369025 132.288190
      vertex 8.168311 -82.934252 124.720442
      vertex 16.257956 -81.734266 124.720442
    endloop
  endfacet
  facet normal 0.075501 -0.508989 0.857455
    outer loop
      vertex 6.930744 -70.369025 132.288190
      vertex 16.257956 -81.734266 124.720442
      vertex 13.794741 -69.350847 132.288190
    endloop
  endfacet
  facet normal 0.125028 -0.499138 0.857455
    outer loop
      vertex 13.794741 -69.350847 132.288190
      vertex 16.257956 -81.734266 124.720442
      vertex 24.191029 -79.747135 124.720442
    endloop
  endfacet
  facet normal 0.125028 -0.499138 0.857455
    outer loop
      vertex 13.794741 -69.350847 132.288190
      vertex 24.191029 -79.747135 124.720442
      vertex 20.525887 -67.664783 132.288190
    endloop
  endfacet
  facet normal 0.173350 -0.484480 0.857455
    outer loop
      vertex 20.525887 -67.664783 132.288190
      vertex 24.191029 -79.747135 124.720442
      vertex 31.891129 -76.991995 124.720442
    endloop
  endfacet
  facet normal 0.173350 -0.484480 0.857455
    outer loop
      vertex 20.525887 -67.664783 132.288190
      vertex 31.891129 -76.991995 124.720442
      vertex 27.059358 -65.327070 132.288190
    endloop
  endfacet
  facet normal 0.220002 -0.465156 0.857455
    outer loop
      vertex 27.059358 -65.327070 132.288190
      vertex 31.891129 -76.991995 124.720442
      vertex 39.284099 -73.495380 124.720442
    endloop
  endfacet
  facet normal 0.220002 -0.465156 0.857455
    outer loop
      vertex 27.059358 -65.327070 132.288190
      vertex 39.284099 -73.495380 124.720442
      vertex 33.332233 -62.360221 132.288190
    endloop
  endfacet
  facet normal 0.264536 -0.441352 0.857455
    outer loop
      vertex 33.332233 -62.360221 132.288190
      vertex 39.284099 -73.495380 124.720442
      vertex 46.298743 -69.290965 124.720442
    endloop
  endfacet
  facet normal 0.264536 -0.441352 0.857455
    outer loop
      vertex 33.332233 -62.360221 132.288190
      vertex 46.298743 -69.290965 124.720442
      vertex 39.284099 -58.792809 132.288190
    endloop
  endfacet
  facet normal 0.306522 -0.413297 0.857455
    outer loop
      vertex 39.284099 -58.792809 132.288190
      vertex 46.298743 -69.290965 124.720442
      vertex 52.867504 -64.419240 124.720442
    endloop
  endfacet
  facet normal 0.306522 -0.413297 0.857455
    outer loop
      vertex 39.284099 -58.792809 132.288190
      vertex 52.867504 -64.419240 124.720442
      vertex 44.857639 -54.659191 132.288190
    endloop
  endfacet
  facet normal 0.345556 -0.381263 0.857455
    outer loop
      vertex 44.857639 -54.659191 132.288190
      vertex 52.867504 -64.419240 124.720442
      vertex 58.927122 -58.927122 124.720442
    endloop
  endfacet
  facet normal 0.345556 -0.381263 0.857455
    outer loop
      vertex 44.857639 -54.659191 132.288190
      vertex 58.927122 -58.927122 124.720442
      vertex 49.999174 -49.999174 132.288190
    endloop
  endfacet
  facet normal 0.381263 -0.345556 0.857455
    outer loop
      vertex 49.999174 -49.999174 132.288190
      vertex 58.927122 -58.927122 124.720442
      vertex 64.419240 -52.867504 124.720442
    endloop
  endfacet
  facet normal 0.381263 -0.345556 0.857455
    outer loop
      vertex 49.999174 -49.999174 132.288190
      vertex 64.419240 -52.867504 124.720442
      vertex 54.659191 -44.857639 132.288190
    endloop
  endfacet
  facet normal 0.413297 -0.306522 0.857455
    outer loop
      vertex 54.659191 -44.857639 132.288190
      vertex 64.419240 -52.867504 124.720442
      vertex 69.290965 -46.298743 124.720442
    endloop
  endfacet
  facet normal 0.413297 -0.306522 0.857455
    outer loop
      vertex 54.659191 -44.857639 132.288190
      vertex 69.290965 -46.298743 124.720442
      vertex 58.792809 -39.284099 132.288190
    endloop
  endfacet
  facet normal 0.441352 -0.264536 0.857455
    outer loop
      vertex 58.792809 -39.284099 132.288190
      vertex 69.290965 -46.298743 124.720442
      vertex 73.495380 -39.284099 124.720442
    endloop
  endfacet
  facet normal 0.441352 -0.264536 0.857455
    outer loop
      vertex 58.792809 -39.284099 132.288190
      vertex 73.495380 -39.284099 124.720442
      vertex 62.360221 -33.332233 132.288190
    endloop
  endfacet
  facet normal 0.465156 -0.220002 0.857455
    outer loop
      vertex 62.360221 -33.332233 132.288190
      vertex 73.495380 -39.284099 124.720442
      vertex 76.991995 -31.891129 124.720442
    endloop
  endfacet
  facet normal 0.465156 -0.220002 0.857455
    outer loop
      vertex 62.360221 -33.332233 132.288190
      vertex 76.991995 -31.891129 124.720442
      vertex 65.327070 -27.059358 132.288190
    endloop
  endfacet
  facet normal 0.484480 -0.173350 0.857455
    outer loop
      vertex 65.327070 -27.059358 132.288190
      vertex 76.991995 -31.891129 124.720442
      vertex 79.747135 -24.191029 124.720442
    endloop
  endfacet
  facet normal 0.484480 -0.173350 0.857455
    outer loop
      vertex 65.327070 -27.059358 132.288190
      vertex 79.747135 -24.191029 124.720442
      vertex 67.664783 -20.525887 132.288190
    endloop
  endfacet
  facet normal 0.499138 -0.125028 0.857455
    outer loop
      vertex 67.664783 -20.525887 132.288190
      vertex 79.747135 -24.191029 124.720442
      vertex 81.734266 -16.257956 124.720442
    endloop
  endfacet
  facet normal 0.499138 -0.125028 0.857455
    outer loop
      vertex 67.664783 -20.525887 132.288190
      vertex 81.734266 -16.257956 124.720442
      vertex 69.350847 -13.794741 132.288190
    endloop
  endfacet
  facet normal 0.508989 -0.075501 0.857455
    outer loop
      vertex 69.350847 -13.794741 132.288190
      vertex 81.734266 -16.257956 124.720442
      vertex 82.934252 -8.168311 124.720442
    endloop
  endfacet
  facet normal 0.508989 -0.075501 0.857455
    outer loop
      vertex 69.350847 -13.794741 132.288190
      vertex 82.934252 -8.168311 124.720442
      vertex 70.369025 -6.930744 132.288190
    endloop
  endfacet
  facet normal 0.513939 -0.025248 0.857455
    outer loop
      vertex 70.369025 -6.930744 132.288190
      vertex 82.934252 -8.168311 124.720442
      vertex 83.335535 -0.000000 124.720442
    endloop
  endfacet
  facet normal 0.513939 -0.025248 0.857455
    outer loop
      vertex 70.369025 -6.930744 132.288190
      vertex 83.335535 -0.000000 124.720442
      vertex 70.709511 -0.000000 132.288190
    endloop
  endfacet
  facet normal 0.595444 0.029252 0.802864
    outer loop
      vertex 83.335535 0.000000 124.720442
      vertex 95.158993 0.000000 115.951568
      vertex 94.700776 9.327212 115.951568
    endloop
  endfacet
  facet normal 0.595444 0.029252 0.802864
    outer loop
      vertex 83.335535 0.000000 124.720442
      vertex 94.700776 9.327212 115.951568
      vertex 82.934252 8.168311 124.720442
    endloop
  endfacet
  facet normal 0.589710 0.087475 0.802864
    outer loop
      vertex 82.934252 8.168311 124.720442
      vertex 94.700776 9.327212 115.951568
      vertex 93.330539 18.564599 115.951568
    endloop
  endfacet
  facet normal 0.589710 0.087475 0.802864
    outer loop
      vertex 82.934252 8.168311 124.720442
      vertex 93.330539 18.564599 115.951568
      vertex 81.734266 16.257956 124.720442
    endloop
  endfacet
  facet normal 0.578296 0.144856 0.802864
    outer loop
      vertex 81.734266 16.257956 124.720442
      vertex 93.330539 18.564599 115.951568
      vertex 91.061478 27.623197 115.951568
    endloop
  endfacet
  facet normal 0.578296 0.144856 0.802864
    outer loop
      vertex 81.734266 16.257956 124.720442
      vertex 91.061478 27.623197 115.951568
      vertex 79.747135 24.191029 124.720442
    endloop
  endfacet
  facet normal 0.561313 0.200841 0.802864
    outer loop
      vertex 79.747135 24.191029 124.720442
      vertex 91.061478 27.623197 115.951568
      vertex 87.915446 36.415770 115.951568
    endloop
  endfacet
  facet normal 0.561313 0.200841 0.802864
    outer loop
      vertex 79.747135 24.191029 124.720442
      vertex 87.915446 36.415770 115.951568
      vertex 76.991995 31.891129 124.720442
    endloop
  endfacet
  facet normal 0.538925 0.254892 0.802864
    outer loop
      vertex 76.991995 31.891129 124.720442
      vertex 87.915446 36.415770 115.951568
      vertex 83.922739 44.857639 115.951568
    endloop
  endfacet
  facet normal 0.538925 0.254892 0.802864
    outer loop
      vertex 76.991995 31.891129 124.720442
      vertex 83.922739 44.857639 115.951568
      vertex 73.495380 39.284099 124.720442
    endloop
  endfacet
  facet normal 0.511346 0.306489 0.802864
    outer loop
      vertex 73.495380 39.284099 124.720442
      vertex 83.922739 44.857639 115.951568
      vertex 79.121811 52.867504 115.951568
    endloop
  endfacet
  facet normal 0.511346 0.306489 0.802864
    outer loop
      vertex 73.495380 39.284099 124.720442
      vertex 79.121811 52.867504 115.951568
      vertex 69.290965 46.298743 124.720442
    endloop
  endfacet
  facet normal 0.478842 0.355134 0.802864
    outer loop
      vertex 69.290965 46.298743 124.720442
      vertex 79.121811 52.867504 115.951568
      vertex 73.558896 60.368226 115.951568
    endloop
  endfacet
  facet normal 0.478842 0.355134 0.802864
    outer loop
      vertex 69.290965 46.298743 124.720442
      vertex 73.558896 60.368226 115.951568
      vertex 64.419240 52.867504 124.720442
    endloop
  endfacet
  facet normal 0.441727 0.400358 0.802864
    outer loop
      vertex 64.419240 52.867504 124.720442
      vertex 73.558896 60.368226 115.951568
      vertex 67.287569 67.287569 115.951568
    endloop
  endfacet
  facet normal 0.441727 0.400358 0.802864
    outer loop
      vertex 64.419240 52.867504 124.720442
      vertex 67.287569 67.287569 115.951568
      vertex 58.927122 58.927122 124.720442
    endloop
  endfacet
  facet normal 0.400358 0.441727 0.802864
    outer loop
      vertex 58.927122 58.927122 124.720442
      vertex 67.287569 67.287569 115.951568
      vertex 60.368226 73.558896 115.951568
    endloop
  endfacet
  facet normal 0.400358 0.441727 0.802864
    outer loop
      vertex 58.927122 58.927122 124.720442
      vertex 60.368226 73.558896 115.951568
      vertex 52.867504 64.419240 124.720442
    endloop
  endfacet
  facet normal 0.355134 0.478842 0.802864
    outer loop
      vertex 52.867504 64.419240 124.720442
      vertex 60.368226 73.558896 115.951568
      vertex 52.867504 79.121811 115.951568
    endloop
  endfacet
  facet normal 0.355134 0.478842 0.802864
    outer loop
      vertex 52.867504 64.419240 124.720442
      vertex 52.867504 79.121811 115.951568
      vertex 46.298743 69.290965 124.720442
    endloop
  endfacet
  facet normal 0.306489 0.511346 0.802864
    outer loop
      vertex 46.298743 69.290965 124.720442
      vertex 52.867504 79.121811 115.951568
      vertex 44.857639 83.922739 115.951568
    endloop
  endfacet
  facet normal 0.306489 0.511346 0.802864
    outer loop
      vertex 46.298743 69.290965 124.720442
      vertex 44.857639 83.922739 115.951568
      vertex 39.284099 73.495380 124.720442
    endloop
  endfacet
  facet normal 0.254892 0.538925 0.802864
    outer loop
      vertex 39.284099 73.495380 124.720442
      vertex 44.857639 83.922739 115.951568
      vertex 36.415770 87.915446 115.951568
    endloop
  endfacet
  facet normal 0.254892 0.538925 0.802864
    outer loop
      vertex 39.284099 73.495380 124.720442
      vertex 36.415770 87.915446 115.951568
      vertex 31.891129 76.991995 124.720442
    endloop
  endfacet
  facet normal 0.200841 0.561313 0.802864
    outer loop
      vertex 31.891129 76.991995 124.720442
      vertex 36.415770 87.915446 115.951568
      vertex 27.623197 91.061478 115.951568
    endloop
  endfacet
  facet normal 0.200841 0.561313 0.802864
    outer loop
      vertex 31.891129 76.991995 124.720442
      vertex 27.623197 91.061478 115.951568
      vertex 24.191029 79.747135 124.720442
    endloop
  endfacet
  facet normal 0.144856 0.578296 0.802864
    outer loop
      vertex 24.191029 79.747135 124.720442
      vertex 27.623197 91.061478 115.951568
      vertex 18.564599 93.330539 115.951568
    endloop
  endfacet
  facet normal 0.144856 0.578296 0.802864
    outer loop
      vertex 24.191029 79.747135 124.720442
      vertex 18.564599 93.330539 115.951568
      vertex 16.257956 81.734266 124.720442
    endloop
  endfacet
  facet normal 0.087475 0.589710 0.802864
    outer loop
      vertex 16.257956 81.734266 124.720442
      vertex 18.564599 93.330539 115.951568
      vertex 9.327212 94.700776 115.951568
    endloop
  endfacet
  facet normal 0.087475 0.589710 0.802864
    outer loop
      vertex 16.257956 81.734266 124.720442
      vertex 9.327212 94.700776 115.951568
      vertex 8.168311 82.934252 124.720442
    endloop
  endfacet
  facet normal 0.029252 0.595444 0.802864
    outer loop
      vertex 8.168311 82.934252 124.720442
      vertex 9.327212 94.700776 115.951568
      vertex 0.000000 95.158993 115.951568
    endloop
  endfacet
  facet normal 0.029252 0.595444 0.802864
    outer loop
      vertex 8.168311 82.934252 124.720442
      vertex 0.000000 95.158993 115.951568
      vertex 0.000000 83.335535 124.720442
    endloop
  endfacet
  facet normal -0.029252 0.595444 0.802864
    outer loop
      vertex 0.000000 83.335535 124.720442
      vertex 0.000000 95.158993 115.951568
      vertex -9.327212 94.700776 115.951568
    endloop
  endfacet
  facet normal -0.029252 0.595444 0.802864
    outer loop
      vertex 0.000000 83.335535 124.720442
      vertex -9.327212 94.700776 115.951568
      vertex -8.168311 82.934252 124.720442
    endloop
  endfacet
  facet normal -0.087475 0.589710 0.802864
    outer loop
      vertex -8.168311 82.934252 124.720442
      vertex -9.327212 94.700776 115.951568
      vertex -18.564599 93.330539 115.951568
    endloop
  endfacet
  facet normal -0.087475 0.589710 0.802864
    outer loop
      vertex -8.168311 82.934252 124.720442
      vertex -18.564599 93.330539 115.951568
      vertex -16.257956 81.734266 124.720442
    endloop
  endfacet
  facet normal -0.144856 0.578296 0.802864
    outer loop
      vertex -16.257956 81.734266 124.720442
      vertex -18.564599 93.330539 115.951568
      vertex -27.623197 91.061478 115.951568
    endloop
  endfacet
  facet normal -0.144856 0.578296 0.802864
    outer loop
      vertex -16.257956 81.734266 124.720442
      vertex -27.623197 91.061478 115.951568
      vertex -24.191029 79.747135 124.720442
    endloop
  endfacet
  facet normal -0.200841 0.561313 0.802864
    outer loop
      vertex -24.191029 79.747135 124.720442
      vertex -27.623197 91.061478 115.951568
      vertex -36.415770 87.915446 115.951568
    endloop
  endfacet
  facet normal -0.200841 0.561313 0.802864
    outer loop
      vertex -24.191029 79.747135 124.720442
      vertex -36.415770 87.915446 115.951568
      vertex -31.891129 76.991995 124.720442
    endloop
  endfacet
  facet normal -0.254892 0.538925 0.802864
    outer loop
      vertex -31.891129 76.991995 124.720442
      vertex -36.415770 87.915446 115.951568
      vertex -44.857639 83.922739 115.951568
    endloop
  endfacet
  facet normal -0.254892 0.538925 0.802864
    outer loop
      vertex -31.891129 76.991995 124.720442
      vertex -44.857639 83.922739 115.951568
      vertex -39.284099 73.495380 124.720442
    endloop
  endfacet
  facet normal -0.306489 0.511346 0.802864
    outer loop
      vertex -39.284099 73.495380 124.720442
      vertex -44.857639 83.922739 115.951568
      vertex -52.867504 79.121811 115.951568
    endloop
  endfacet
  facet normal -0.306489 0.511346 0.802864
    outer loop
      vertex -39.284099 73.495380 124.720442
      vertex -52.867504 79.121811 115.951568
      vertex -46.298743 69.290965 124.720442
    endloop
  endfacet
  facet normal -0.355134 0.478842 0.802864
    outer loop
      vertex -46.298743 69.290965 124.720442
      vertex -52.867504 79.121811 115.951568
      vertex -60.368226 73.558896 115.951568
    endloop
  endfacet
  facet normal -0.355134 0.478842 0.802864
    outer loop
      vertex -46.298743 69.290965 124.720442
      vertex -60.368226 73.558896 115.951568
      vertex -52.867504 64.419240 124.720442
    endloop
  endfacet
  facet normal -0.400358 0.441727 0.802864
    outer loop
      vertex -52.867504 64.419240 124.720442
      vertex -60.368226 73.558896 115.951568
      vertex -67.287569 67.287569 115.951568
    endloop
  endfacet
  facet normal -0.400358 0.441727 0.802864
    outer loop
      vertex -52.867504 64.419240 124.720442
      vertex -67.287569 67.287569 115.951568
      vertex -58.927122 58.927122 124.720442
    endloop
  endfacet
  facet normal -0.441727 0.400358 0.802864
    outer loop
      vertex -58.927122 58.927122 124.720442
      vertex -67.287569 67.287569 115.951568
      vertex -73.558896 60.368226 115.951568
    endloop
  endfacet
  facet normal -0.441727 0.400358 0.802864
    outer loop
      vertex -58.927122 58.927122 124.720442
      vertex -73.558896 60.368226 115.951568
      vertex -64.419240 52.867504 124.720442
    endloop
  endfacet
  facet normal -0.478842 0.355134 0.802864
    outer loop
      vertex -64.419240 52.867504 124.720442
      vertex -73.558896 60.368226 115.951568
      vertex -79.121811 52.867504 115.951568
    endloop
  endfacet
  facet normal -0.478842 0.355134 0.802864
    outer loop
      vertex -64.419240 52.867504 124.720442
      vertex -79.121811 52.867504 115.951568
      vertex -69.290965 46.298743 124.720442
    endloop
  endfacet
  facet normal -0.511346 0.306489 0.802864
    outer loop
      vertex -69.290965 46.298743 124.720442
      vertex -79.121811 52.867504 115.951568
      vertex -83.922739 44.857639 115.951568
    endloop
  endfacet
  facet normal -0.511346 0.306489 0.802864
    outer loop
      vertex -69.290965 46.298743 124.720442
      vertex -83.922739 44.857639 115.951568
      vertex -73.495380 39.284099 124.720442
    endloop
  endfacet
  facet normal -0.538925 0.254892 0.802864
    outer loop
      vertex -73.495380 39.284099 124.720442
      vertex -83.922739 44.857639 115.951568
      vertex -87.915446 36.415770 115.951568
    endloop
  endfacet
  facet normal -0.538925 0.254892 0.802864
    outer loop
      vertex -73.495380 39.284099 124.720442
      vertex -87.915446 36.415770 115.951568
      vertex -76.991995 31.891129 124.720442
    endloop
  endfacet
  facet normal -0.561313 0.200841 0.802864
    outer loop
      vertex -76.991995 31.891129 124.720442
      vertex -87.915446 36.415770 115.951568
      vertex -91.061478 27.623197 115.951568
    endloop
  endfacet
  facet normal -0.561313 0.200841 0.802864
    outer loop
      vertex -76.991995 31.891129 124.720442
      vertex -91.061478 27.623197 115.951568
      vertex -79.747135 24.191029 124.720442
    endloop
  endfacet
  facet normal -0.578296 0.144856 0.802864
    outer loop
      vertex -79.747135 24.191029 124.720442
      vertex -91.061478 27.623197 115.951568
      vertex -93.330539 18.564599 115.951568
    endloop
  endfacet
  facet normal -0.578296 0.144856 0.802864
    outer loop
      vertex -79.747135 24.191029 124.720442
      vertex -93.330539 18.564599 115.951568
      vertex -81.734266 16.257956 124.720442
    endloop
  endfacet
  facet normal -0.589710 0.087475 0.802864
    outer loop
      vertex -81.734266 16.257956 124.720442
      vertex -93.330539 18.564599 115.951568
      vertex -94.700776 9.327212 115.951568
    endloop
  endfacet
  facet normal -0.589710 0.087475 0.802864
    outer loop
      vertex -81.734266 16.257956 124.720442
      vertex -94.700776 9.327212 115.951568
      vertex -82.934252 8.168311 124.720442
    endloop
  endfacet
  facet normal -0.595444 0.029252 0.802864
    outer loop
      vertex -82.934252 8.168311 124.720442
      vertex -94.700776 9.327212 115.951568
      vertex -95.158993 0.000000 115.951568
    endloop
  endfacet
  facet normal -0.595444 0.029252 0.802864
    outer loop
      vertex -82.934252 8.168311 124.720442
      vertex -95.158993 0.000000 115.951568
      vertex -83.335535 0.000000 124.720442
    endloop
  endfacet
  facet normal -0.595444 -0.029252 0.802864
    outer loop
      vertex -83.335535 0.000000 124.720442
      vertex -95.158993 0.000000 115.951568
      vertex -94.700776 -9.327212 115.951568
    endloop
  endfacet
  facet normal -0.595444 -0.029252 0.802864
    outer loop
      vertex -83.335535 0.000000 124.720442
      vertex -94.700776 -9.327212 115.951568
      vertex -82.934252 -8.168311 124.720442
    endloop
  endfacet
  facet normal -0.589710 -0.087475 0.802864
    outer loop
      vertex -82.934252 -8.168311 124.720442
      vertex -94.700776 -9.327212 115.951568
      vertex -93.330539 -18.564599 115.951568
    endloop
  endfacet
  facet normal -0.589710 -0.087475 0.802864
    outer loop
      vertex -82.934252 -8.168311 124.720442
      vertex -93.330539 -18.564599 115.951568
      vertex -81.734266 -16.257956 124.720442
    endloop
  endfacet
  facet normal -0.578296 -0.144856 0.802864
    outer loop
      vertex -81.734266 -16.257956 124.720442
      vertex -93.330539 -18.564599 115.951568
      vertex -91.061478 -27.623197 115.951568
    endloop
  endfacet
  facet normal -0.578296 -0.144856 0.802864
    outer loop
      vertex -81.734266 -16.257956 124.720442
      vertex -91.061478 -27.623197 115.951568
      vertex -79.747135 -24.191029 124.720442
    endloop
  endfacet
  facet normal -0.561313 -0.200841 0.802864
    outer loop
      vertex -79.747135 -24.191029 124.720442
      vertex -91.061478 -27.623197 115.951568
      vertex -87.915446 -36.415770 115.951568
    endloop
  endfacet
  facet normal -0.561313 -0.200841 0.802864
    outer loop
      vertex -79.747135 -24.191029 124.720442
      vertex -87.915446 -36.415770 115.951568
      vertex -76.991995 -31.891129 124.720442
    endloop
  endfacet
  facet normal -0.538925 -0.254892 0.802864
    outer loop
      vertex -76.991995 -31.891129 124.720442
      vertex -87.915446 -36.415770 115.951568
      vertex -83.922739 -44.857639 115.951568
    endloop
  endfacet
  facet normal -0.538925 -0.254892 0.802864
    outer loop
      vertex -76.991995 -31.891129 124.720442
      vertex -83.922739 -44.857639 115.951568
      vertex -73.495380 -39.284099 124.720442
    endloop
  endfacet
  facet normal -0.511346 -0.306489 0.802864
    outer loop
      vertex -73.495380 -39.284099 124.720442
      vertex -83.922739 -44.857639 115.951568
      vertex -79.121811 -52.867504 115.951568
    endloop
  endfacet
  facet normal -0.511346 -0.306489 0.802864
    outer loop
      vertex -73.495380 -39.284099 124.720442
      vertex -79.121811 -52.867504 115.951568
      vertex -69.290965 -46.298743 124.720442
    endloop
  endfacet
  facet normal -0.478842 -0.355134 0.802864
    outer loop
      vertex -69.290965 -46.298743 124.720442
      vertex -79.121811 -52.867504 115.951568
      vertex -73.558896 -60.368226 115.951568
    endloop
  endfacet
  facet normal -0.478842 -0.355134 0.802864
    outer loop
      vertex -69.290965 -46.298743 124.720442
      vertex -73.558896 -60.368226 115.951568
      vertex -64.419240 -52.867504 124.720442
    endloop
  endfacet
  facet normal -0.441727 -0.400358 0.802864
    outer loop
      vertex -64.419240 -52.867504 124.720442
      vertex -73.558896 -60.368226 115.951568
      vertex -67.287569 -67.287569 115.951568
    endloop
  endfacet
  facet normal -0.441727 -0.400358 0.802864
    outer loop
      vertex -64.419240 -52.867504 124.720442
      vertex -67.287569 -67.287569 115.951568
      vertex -58.927122 -58.927122 124.720442
    endloop
  endfacet
  facet normal -0.400358 -0.441727 0.802864
    outer loop
      vertex -58.927122 -58.927122 124.720442
      vertex -67.287569 -67.287569 115.951568
      vertex -60.368226 -73.558896 115.951568
    endloop
  endfacet
  facet normal -0.400358 -0.441727 0.802864
    outer loop
      vertex -58.927122 -58.927122 124.720442
      vertex -60.368226 -73.558896 115.951568
      vertex -52.867504 -64.419240 124.720442
    endloop
  endfacet
  facet normal -0.355134 -0.478842 0.802864
    outer loop
      vertex -52.867504 -64.419240 124.720442
      vertex -60.368226 -73.558896 115.951568
      vertex -52.867504 -79.121811 115.951568
    endloop
  endfacet
  facet normal -0.355134 -0.478842 0.802864
    outer loop
      vertex -52.867504 -64.419240 124.720442
      vertex -52.867504 -79.121811 115.951568
      vertex -46.298743 -69.290965 124.720442
    endloop
  endfacet
  facet normal -0.306489 -0.511346 0.802864
    outer loop
      vertex -46.298743 -69.290965 124.720442
      vertex -52.867504 -79.121811 115.951568
      vertex -44.857639 -83.922739 115.951568
    endloop
  endfacet
  facet normal -0.306489 -0.511346 0.802864
    outer loop
      vertex -46.298743 -69.290965 124.720442
      vertex -44.857639 -83.922739 115.951568
      vertex -39.284099 -73.495380 124.720442
    endloop
  endfacet
  facet normal -0.254892 -0.538925 0.802864
    outer loop
      vertex -39.284099 -73.495380 124.720442
      vertex -44.857639 -83.922739 115.951568
      vertex -36.415770 -87.915446 115.951568
    endloop
  endfacet
  facet normal -0.254892 -0.538925 0.802864
    outer loop
      vertex -39.284099 -73.495380 124.720442
      vertex -36.415770 -87.915446 115.951568
      vertex -31.891129 -76.991995 124.720442
    endloop
  endfacet
  facet normal -0.200841 -0.561313 0.802864
    outer loop
      vertex -31.891129 -76.991995 124.720442
      vertex -36.415770 -87.915446 115.951568
      vertex -27.623197 -91.061478 115.951568
    endloop
  endfacet
  facet normal -0.200841 -0.561313 0.802864
    outer loop
      vertex -31.891129 -76.991995 124.720442
      vertex -27.623197 -91.061478 115.951568
      vertex -24.191029 -79.747135 124.720442
    endloop
  endfacet
  facet normal -0.144856 -0.578296 0.802864
    outer loop
      vertex -24.191029 -79.747135 124.720442
      vertex -27.623197 -91.061478 115.951568
      vertex -18.564599 -93.330539 115.951568
    endloop
  endfacet
  facet normal -0.144856 -0.578296 0.802864
    outer loop
      vertex -24.191029 -79.747135 124.720442
      vertex -18.564599 -93.330539 115.951568
      vertex -16.257956 -81.734266 124.720442
    endloop
  endfacet
  facet normal -0.087475 -0.589710 0.802864
    outer loop
      vertex -16.257956 -81.734266 124.720442
      vertex -18.564599 -93.330539 115.951568
      vertex -9.327212 -94.700776 115.951568
    endloop
  endfacet
  facet normal -0.087475 -0.589710 0.802864
    outer loop
      vertex -16.257956 -81.734266 124.720442
      vertex -9.327212 -94.700776 115.951568
      vertex -8.168311 -82.934252 124.720442
    endloop
  endfacet
  facet normal -0.029252 -0.595444 0.802864
    outer loop
      vertex -8.168311 -82.934252 124.720442
      vertex -9.327212 -94.700776 115.951568
      vertex -0.000000 -95.158993 115.951568
    endloop
  endfacet
  facet normal -0.029252 -0.595444 0.802864
    outer loop
      vertex -8.168311 -82.934252 124.720442
      vertex -0.000000 -95.158993 115.951568
      vertex -0.000000 -83.335535 124.720442
    endloop
  endfacet
  facet normal 0.029252 -0.595444 0.802864
    outer loop
      vertex -0.000000 -83.335535 124.720442
      vertex -0.000000 -95.158993 115.951568
      vertex 9.327212 -94.700776 115.951568
    endloop
  endfacet
  facet normal 0.029252 -0.595444 0.802864
    outer loop
      vertex -0.000000 -83.335535 124.720442
      vertex 9.327212 -94.700776 115.951568
      vertex 8.168311 -82.934252 124.720442
    endloop
  endfacet
  facet normal 0.087475 -0.589710 0.802864
    outer loop
      vertex 8.168311 -82.934252 124.720442
      vertex 9.327212 -94.700776 115.951568
      vertex 18.564599 -93.330539 115.951568
    endloop
  endfacet
  facet normal 0.087475 -0.589710 0.802864
    outer loop
      vertex 8.168311 -82.934252 124.720442
      vertex 18.564599 -93.330539 115.951568
      vertex 16.257956 -81.734266 124.720442
    endloop
  endfacet
  facet normal 0.144856 -0.578296 0.802864
    outer loop
      vertex 16.257956 -81.734266 124.720442
      vertex 18.564599 -93.330539 115.951568
      vertex 27.623197 -91.061478 115.951568
    endloop
  endfacet
  facet normal 0.144856 -0.578296 0.802864
    outer loop
      vertex 16.257956 -81.734266 124.720442
      vertex 27.623197 -91.061478 115.951568
      vertex 24.191029 -79.747135 124.720442
    endloop
  endfacet
  facet normal 0.200841 -0.561313 0.802864
    outer loop
      vertex 24.191029 -79.747135 124.720442
      vertex 27.623197 -91.061478 115.951568
      vertex 36.415770 -87.915446 115.951568
    endloop
  endfacet
  facet normal 0.200841 -0.561313 0.802864
    outer loop
      vertex 24.191029 -79.747135 124.720442
      vertex 36.415770 -87.915446 115.951568
      vertex 31.891129 -76.991995 124.720442
    endloop
  endfacet
  facet normal 0.254892 -0.538925 0.802864
    outer loop
      vertex 31.891129 -76.991995 124.720442
      vertex 36.415770 -87.915446 115.951568
      vertex 44.857639 -83.922739 115.951568
    endloop
  endfacet
  facet normal 0.254892 -0.538925 0.802864
    outer loop
      vertex 31.891129 -76.991995 124.720442
      vertex 44.857639 -83.922739 115.951568
      vertex 39.284099 -73.495380 124.720442
    endloop
  endfacet
  facet normal 0.306489 -0.511346 0.802864
    outer loop
      vertex 39.284099 -73.495380 124.720442
      vertex 44.857639 -83.922739 115.951568
      vertex 52.867504 -79.121811 115.951568
    endloop
  endfacet
  facet normal 0.306489 -0.511346 0.802864
    outer loop
      vertex 39.284099 -73.495380 124.720442
      vertex 52.867504 -79.121811 115.951568
      vertex 46.298743 -69.290965 124.720442
    endloop
  endfacet
  facet normal 0.355134 -0.478842 0.802864
    outer loop
      vertex 46.298743 -69.290965 124.720442
      vertex 52.867504 -79.121811 115.951568
      vertex 60.368226 -73.558896 115.951568
    endloop
  endfacet
  facet normal 0.355134 -0.478842 0.802864
    outer loop
      vertex 46.298743 -69.290965 124.720442
      vertex 60.368226 -73.558896 115.951568
      vertex 52.867504 -64.419240 124.720442
    endloop
  endfacet
  facet normal 0.400358 -0.441727 0.802864
    outer loop
      vertex 52.867504 -64.419240 124.720442
      vertex 60.368226 -73.558896 115.951568
      vertex 67.287569 -67.287569 115.951568
    endloop
  endfacet
  facet normal 0.400358 -0.441727 0.802864
    outer loop
      vertex 52.867504 -64.419240 124.720442
      vertex 67.287569 -67.287569 115.951568
      vertex 58.927122 -58.927122 124.720442
    endloop
  endfacet
  facet normal 0.441727 -0.400358 0.802864
    outer loop
      vertex 58.927122 -58.927122 124.720442
      vertex 67.287569 -67.287569 115.951568
      vertex 73.558896 -60.368226 115.951568
    endloop
  endfacet
  facet normal 0.441727 -0.400358 0.802864
    outer loop
      vertex 58.927122 -58.927122 124.720442
      vertex 73.558896 -60.368226 115.951568
      vertex 64.419240 -52.867504 124.720442
    endloop
  endfacet
  facet normal 0.478842 -0.355134 0.802864
    outer loop
      vertex 64.419240 -52.867504 124.720442
      vertex 73.558896 -60.368226 115.951568
      vertex 79.121811 -52.867504 115.951568
    endloop
  endfacet
  facet normal 0.478842 -0.355134 0.802864
    outer loop
      vertex 64.419240 -52.867504 124.720442
      vertex 79.121811 -52.867504 115.951568
      vertex 69.290965 -46.298743 124.720442
    endloop
  endfacet
  facet normal 0.511346 -0.306489 0.802864
    outer loop
      vertex 69.290965 -46.298743 124.720442
      vertex 79.121811 -52.867504 115.951568
      vertex 83.922739 -44.857639 115.951568
    endloop
  endfacet
  facet normal 0.511346 -0.306489 0.802864
    outer loop
      vertex 69.290965 -46.298743 124.720442
      vertex 83.922739 -44.857639 115.951568
      vertex 73.495380 -39.284099 124.720442
    endloop
  endfacet
  facet normal 0.538925 -0.254892 0.802864
    outer loop
      vertex 73.495380 -39.284099 124.720442
      vertex 83.922739 -44.857639 115.951568
      vertex 87.915446 -36.415770 115.951568
    endloop
  endfacet
  facet normal 0.538925 -0.254892 0.802864
    outer loop
      vertex 73.495380 -39.284099 124.720442
      vertex 87.915446 -36.415770 115.951568
      vertex 76.991995 -31.891129 124.720442
    endloop
  endfacet
  facet normal 0.561313 -0.200841 0.802864
    outer loop
      vertex 76.991995 -31.891129 124.720442
      vertex 87.915446 -36.415770 115.951568
      vertex 91.061478 -27.623197 115.951568
    endloop
  endfacet
  facet normal 0.561313 -0.200841 0.802864
    outer loop
      vertex 76.991995 -31.891129 124.720442
      vertex 91.061478 -27.623197 115.951568
      vertex 79.747135 -24.191029 124.720442
    endloop
  endfacet
  facet normal 0.578296 -0.144856 0.802864
    outer loop
      vertex 79.747135 -24.191029 124.720442
      vertex 91.061478 -27.623197 115.951568
      vertex 93.330539 -18.564599 115.951568
    endloop
  endfacet
  facet normal 0.578296 -0.144856 0.802864
    outer loop
      vertex 79.747135 -24.191029 124.720442
      vertex 93.330539 -18.564599 115.951568
      vertex 81.734266 -16.257956 124.720442
    endloop
  endfacet
  facet normal 0.589710 -0.087475 0.802864
    outer loop
      vertex 81.734266 -16.257956 124.720442
      vertex 93.330539 -18.564599 115.951568
      vertex 94.700776 -9.327212 115.951568
    endloop
  endfacet
  facet normal 0.589710 -0.087475 0.802864
    outer loop
      vertex 81.734266 -16.257956 124.720442
      vertex 94.700776 -9.327212 115.951568
      vertex 82.934252 -8.168311 124.720442
    endloop
  endfacet
  facet normal 0.595444 -0.029252 0.802864
    outer loop
      vertex 82.934252 -8.168311 124.720442
      vertex 94.700776 -9.327212 115.951568
      vertex 95.158993 -0.000000 115.951568
    endloop
  endfacet
  facet normal 0.595444 -0.029252 0.802864
    outer loop
      vertex 82.934252 -8.168311 124.720442
      vertex 95.158993 -0.000000 115.951568
      vertex 83.335535 -0.000000 124.720442
    endloop
  endfacet
  facet normal 0.671194 0.032974 0.740548
    outer loop
      vertex 95.158993 0.000000 115.951568
      vertex 106.066017 0.000000 106.066017
      vertex 105.555280 10.396288 106.066017
    endloop
  endfacet
  facet normal 0.671194 0.032974 0.740548
    outer loop
      vertex 95.158993 0.000000 115.951568
      vertex 105.555280 10.396288 106.066017
      vertex 94.700776 9.327212 115.951568
    endloop
  endfacet
  facet normal 0.664730 0.098603 0.740548
    outer loop
      vertex 94.700776 9.327212 115.951568
      vertex 105.555280 10.396288 106.066017
      vertex 104.027988 20.692453 106.066017
    endloop
  endfacet
  facet normal 0.664730 0.098603 0.740548
    outer loop
      vertex 94.700776 9.327212 115.951568
      vertex 104.027988 20.692453 106.066017
      vertex 93.330539 18.564599 115.951568
    endloop
  endfacet
  facet normal 0.651864 0.163283 0.740548
    outer loop
      vertex 93.330539 18.564599 115.951568
      vertex 104.027988 20.692453 106.066017
      vertex 101.498850 30.789340 106.066017
    endloop
  endfacet
  facet normal 0.651864 0.163283 0.740548
    outer loop
      vertex 93.330539 18.564599 115.951568
      vertex 101.498850 30.789340 106.066017
      vertex 91.061478 27.623197 115.951568
    endloop
  endfacet
  facet normal 0.632721 0.226391 0.740548
    outer loop
      vertex 91.061478 27.623197 115.951568
      vertex 101.498850 30.789340 106.066017
      vertex 97.992222 40.589708 106.066017
    endloop
  endfacet
  facet normal 0.632721 0.226391 0.740548
    outer loop
      vertex 91.061478 27.623197 115.951568
      vertex 97.992222 40.589708 106.066017
      vertex 87.915446 36.415770 115.951568
    endloop
  endfacet
  facet normal 0.607484 0.287318 0.740548
    outer loop
      vertex 87.915446 36.415770 115.951568
      vertex 97.992222 40.589708 106.066017
      vertex 93.541876 49.999174 106.066017
    endloop
  endfacet
  facet normal 0.607484 0.287318 0.740548
    outer loop
      vertex 87.915446 36.415770 115.951568
      vertex 93.541876 49.999174 106.066017
      vertex 83.922739 44.857639 115.951568
    endloop
  endfacet
  facet normal 0.576396 0.345479 0.740548
    outer loop
      vertex 83.922739 44.857639 115.951568
      vertex 93.541876 49.999174 106.066017
      vertex 88.190670 58.927122 106.066017
    endloop
  endfacet
  facet normal 0.576396 0.345479 0.740548
    outer loop
      vertex 83.922739 44.857639 115.951568
      vertex 88.190670 58.927122 106.066017
      vertex 79.121811 52.867504 115.951568
    endloop
  endfacet
  facet normal 0.539758 0.400312 0.740548
    outer loop
      vertex 79.121811 52.867504 115.951568
      vertex 88.190670 58.927122 106.066017
      vertex 81.990140 67.287569 106.066017
    endloop
  endfacet
  facet normal 0.539758 0.400312 0.740548
    outer loop
      vertex 79.121811 52.867504 115.951568
      vertex 81.990140 67.287569 106.066017
      vertex 73.558896 60.368226 115.951568
    endloop
  endfacet
  facet normal 0.497922 0.451290 0.740548
    outer loop
      vertex 73.558896 60.368226 115.951568
      vertex 81.990140 67.287569 106.066017
      vertex 75.000000 75.000000 106.066017
    endloop
  endfacet
  facet normal 0.497922 0.451290 0.740548
    outer loop
      vertex 73.558896 60.368226 115.951568
      vertex 75.000000 75.000000 106.066017
      vertex 67.287569 67.287569 115.951568
    endloop
  endfacet
  facet normal 0.451290 0.497922 0.740548
    outer loop
      vertex 67.287569 67.287569 115.951568
      vertex 75.000000 75.000000 106.066017
      vertex 67.287569 81.990140 106.066017
    endloop
  endfacet
  facet normal 0.451290 0.497922 0.740548
    outer loop
      vertex 67.287569 67.287569 115.951568
      vertex 67.287569 81.990140 106.066017
      vertex 60.368226 73.558896 115.951568
    endloop
  endfacet
  facet normal 0.400312 0.539758 0.740548
    outer loop
      vertex 60.368226 73.558896 115.951568
      vertex 67.287569 81.990140 106.066017
      vertex 58.927122 88.190670 106.066017
    endloop
  endfacet
  facet normal 0.400312 0.539758 0.740548
    outer loop
      vertex 60.368226 73.558896 115.951568
      vertex 58.927122 88.190670 106.066017
      vertex 52.867504 79.121811 115.951568
    endloop
  endfacet
  facet normal 0.345479 0.576396 0.740548
    outer loop
      vertex 52.867504 79.121811 115.951568
      vertex 58.927122 88.190670 106.066017
      vertex 49.999174 93.541876 106.066017
    endloop
  endfacet
  facet normal 0.345479 0.576396 0.740548
    outer loop
      vertex 52.867504 79.121811 115.951568
      vertex 49.999174 93.541876 106.066017
      vertex 44.857639 83.922739 115.951568
    endloop
  endfacet
  facet normal 0.287318 0.607484 0.740548
    outer loop
      vertex 44.857639 83.922739 115.951568
      vertex 49.999174 93.541876 106.066017
      vertex 40.589708 97.992222 106.066017
    endloop
  endfacet
  facet normal 0.287318 0.607484 0.740548
    outer loop
      vertex 44.857639 83.922739 115.951568
      vertex 40.589708 97.992222 106.066017
      vertex 36.415770 87.915446 115.951568
    endloop
  endfacet
  facet normal 0.226391 0.632721 0.740548
    outer loop
      vertex 36.415770 87.915446 115.951568
      vertex 40.589708 97.992222 106.066017
      vertex 30.789340 101.498850 106.066017
    endloop
  endfacet
  facet normal 0.226391 0.632721 0.740548
    outer loop
      vertex 36.415770 87.915446 115.951568
      vertex 30.789340 101.498850 106.066017
      vertex 27.623197 91.061478 115.951568
    endloop
  endfacet
  facet normal 0.163283 0.651864 0.740548
    outer loop
      vertex 27.623197 91.061478 115.951568
      vertex 30.789340 101.498850 106.066017
      vertex 20.692453 104.027988 106.066017
    endloop
  endfacet
  facet normal 0.163283 0.651864 0.740548
    outer loop
      vertex 27.623197 91.061478 115.951568
      vertex 20.692453 104.027988 106.066017
      vertex 18.564599 93.330539 115.951568
    endloop
  endfacet
  facet normal 0.098603 0.664730 0.740548
    outer loop
      vertex 18.564599 93.330539 115.951568
      vertex 20.692453 104.027988 106.066017
      vertex 10.396288 105.555280 106.066017
    endloop
  endfacet
  facet normal 0.098603 0.664730 0.740548
    outer loop
      vertex 18.564599 93.330539 115.951568
      vertex 10.396288 105.555280 106.066017
      vertex 9.327212 94.700776 115.951568
    endloop
  endfacet
  facet normal 0.032974 0.671194 0.740548
    outer loop
      vertex 9.327212 94.700776 115.951568
      vertex 10.396288 105.555280 106.066017
      vertex 0.000000 106.066017 106.066017
    endloop
  endfacet
  facet normal 0.032974 0.671194 0.740548
    outer loop
      vertex 9.327212 94.700776 115.951568
      vertex 0.000000 106.066017 106.066017
      vertex 0.000000 95.158993 115.951568
    endloop
  endfacet
  facet normal -0.032974 0.671194 0.740548
    outer loop
      vertex 0.000000 95.158993 115.951568
      vertex 0.000000 106.066017 106.066017
      vertex -10.396288 105.555280 106.066017
    endloop
  endfacet
  facet normal -0.032974 0.671194 0.740548
    outer loop
      vertex 0.000000 95.158993 115.951568
      vertex -10.396288 105.555280 106.066017
      vertex -9.327212 94.700776 115.951568
    endloop
  endfacet
  facet normal -0.098603 0.664730 0.740548
    outer loop
      vertex -9.327212 94.700776 115.951568
      vertex -10.396288 105.555280 106.066017
      vertex -20.692453 104.027988 106.066017
    endloop
  endfacet
  facet normal -0.098603 0.664730 0.740548
    outer loop
      vertex -9.327212 94.700776 115.951568
      vertex -20.692453 104.027988 106.066017
      vertex -18.564599 93.330539 115.951568
    endloop
  endfacet
  facet normal -0.163283 0.651864 0.740548
    outer loop
      vertex -18.564599 93.330539 115.951568
      vertex -20.692453 104.027988 106.066017
      vertex -30.789340 101.498850 106.066017
    endloop
  endfacet
  facet normal -0.163283 0.651864 0.740548
    outer loop
      vertex -18.564599 93.330539 115.951568
      vertex -30.789340 101.498850 106.066017
      vertex -27.623197 91.061478 115.951568
    endloop
  endfacet
  facet normal -0.226391 0.632721 0.740548
    outer loop
      vertex -27.623197 91.061478 115.951568
      vertex -30.789340 101.498850 106.066017
      vertex -40.589708 97.992222 106.066017
    endloop
  endfacet
  facet normal -0.226391 0.632721 0.740548
    outer loop
      vertex -27.623197 91.061478 115.951568
      vertex -40.589708 97.992222 106.066017
      vertex -36.415770 87.915446 115.951568
    endloop
  endfacet
  facet normal -0.287318 0.607484 0.740548
    outer loop
      vertex -36.415770 87.915446 115.951568
      vertex -40.589708 97.992222 106.066017
      vertex -49.999174 93.541876 106.066017
    endloop
  endfacet
  facet normal -0.287318 0.607484 0.740548
    outer loop
      vertex -36.415770 87.915446 115.951568
      vertex -49.999174 93.541876 106.066017
      vertex -44.857639 83.922739 115.951568
    endloop
  endfacet
  facet normal -0.345479 0.576396 0.740548
    outer loop
      vertex -44.857639 83.922739 115.951568
      vertex -49.999174 93.541876 106.066017
      vertex -58.927122 88.190670 106.066017
    endloop
  endfacet
  facet normal -0.345479 0.576396 0.740548
    outer loop
      vertex -44.857639 83.922739 115.951568
      vertex -58.927122 88.190670 106.066017
      vertex -52.867504 79.121811 115.951568
    endloop
  endfacet
  facet normal -0.400312 0.539758 0.740548
    outer loop
      vertex -52.867504 79.121811 115.951568
      vertex -58.927122 88.190670 106.066017
      vertex -67.287569 81.990140 106.066017
    endloop
  endfacet
  facet normal -0.400312 0.539758 0.740548
    outer loop
      vertex -52.867504 79.121811 115.951568
      vertex -67.287569 81.990140 106.066017
      vertex -60.368226 73.558896 115.951568
    endloop
  endfacet
  facet normal -0.451290 0.497922 0.740548
    outer loop
      vertex -60.368226 73.558896 115.951568
      vertex -67.287569 81.990140 106.066017
      vertex -75.000000 75.000000 106.066017
    endloop
  endfacet
  facet normal -0.451290 0.497922 0.740548
    outer loop
      vertex -60.368226 73.558896 115.951568
      vertex -75.000000 75.000000 106.066017
      vertex -67.287569 67.287569 115.951568
    endloop
  endfacet
  facet normal -0.497922 0.451290 0.740548
    outer loop
      vertex -67.287569 67.287569 115.951568
      vertex -75.000000 75.000000 106.066017
      vertex -81.990140 67.287569 106.066017
    endloop
  endfacet
  facet normal -0.497922 0.451290 0.740548
    outer loop
      vertex -67.287569 67.287569 115.951568
      vertex -81.990140 67.287569 106.066017
      vertex -73.558896 60.368226 115.951568
    endloop
  endfacet
  facet normal -0.539758 0.400312 0.740548
    outer loop
      vertex -73.558896 60.368226 115.951568
      vertex -81.990140 67.287569 106.066017
      vertex -88.190670 58.927122 106.066017
    endloop
  endfacet
  facet normal -0.539758 0.400312 0.740548
    outer loop
      vertex -73.558896 60.368226 115.951568
      vertex -88.190670 58.927122 106.066017
      vertex -79.121811 52.867504 115.951568
    endloop
  endfacet
  facet normal -0.576396 0.345479 0.740548
    outer loop
      vertex -79.121811 52.867504 115.951568
      vertex -88.190670 58.927122 106.066017
      vertex -93.541876 49.999174 106.066017
    endloop
  endfacet
  facet normal -0.576396 0.345479 0.740548
    outer loop
      vertex -79.121811 52.867504 115.951568
      vertex -93.541876 49.999174 106.066017
      vertex -83.922739 44.857639 115.951568
    endloop
  endfacet
  facet normal -0.607484 0.287318 0.740548
    outer loop
      vertex -83.922739 44.857639 115.951568
      vertex -93.541876 49.999174 106.066017
      vertex -97.992222 40.589708 106.066017
    endloop
  endfacet
  facet normal -0.607484 0.287318 0.740548
    outer loop
      vertex -83.922739 44.857639 115.951568
      vertex -97.992222 40.589708 106.066017
      vertex -87.915446 36.415770 115.951568
    endloop
  endfacet
  facet normal -0.632721 0.226391 0.740548
    outer loop
      vertex -87.915446 36.415770 115.951568
      vertex -97.992222 40.589708 106.066017
      vertex -101.498850 30.789340 106.066017
    endloop
  endfacet
  facet normal -0.632721 0.226391 0.740548
    outer loop
      vertex -87.915446 36.415770 115.951568
      vertex -101.498850 30.789340 106.066017
      vertex -91.061478 27.623197 115.951568
    endloop
  endfacet
  facet normal -0.651864 0.163283 0.740548
    outer loop
      vertex -91.061478 27.623197 115.951568
      vertex -101.498850 30.789340 106.066017
      vertex -104.027988 20.692453 106.066017
    endloop
  endfacet
  facet normal -0.651864 0.163283 0.740548
    outer loop
      vertex -91.061478 27.623197 115.951568
      vertex -104.027988 20.692453 106.066017
      vertex -93.330539 18.564599 115.951568
    endloop
  endfacet
  facet normal -0.664730 0.098603 0.740548
    outer loop
      vertex -93.330539 18.564599 115.951568
      vertex -104.027988 20.692453 106.066017
      vertex -105.555280 10.396288 106.066017
    endloop
  endfacet
  facet normal -0.664730 0.098603 0.740548
    outer loop
      vertex -93.330539 18.564599 115.951568
      vertex -105.555280 10.396288 106.066017
      vertex -94.700776 9.327212 115.951568
    endloop
  endfacet
  facet normal -0.671194 0.032974 0.740548
    outer loop
      vertex -94.700776 9.327212 115.951568
      vertex -105.555280 10.396288 106.066017
      vertex -106.066017 0.000000 106.066017
    endloop
  endfacet
  facet normal -0.671194 0.032974 0.740548
    outer loop
      vertex -94.700776 9.327212 115.951568
      vertex -106.066017 0.000000 106.066017
      vertex -95.158993 0.000000 115.951568
    endloop
  endfacet
  facet normal -0.671194 -0.032974 0.740548
    outer loop
      vertex -95.158993 0.000000 115.951568
      vertex -106.066017 0.000000 106.066017
      vertex -105.555280 -10.396288 106.066017
    endloop
  endfacet
  facet normal -0.671194 -0.032974 0.740548
    outer loop
      vertex -95.158993 0.000000 115.951568
      vertex -105.555280 -10.396288 106.066017
      vertex -94.700776 -9.327212 115.951568
    endloop
  endfacet
  facet normal -0.664730 -0.098603 0.740548
    outer loop
      vertex -94.700776 -9.327212 115.951568
      vertex -105.555280 -10.396288 106.066017
      vertex -104.027988 -20.692453 106.066017
    endloop
  endfacet
  facet normal -0.664730 -0.098603 0.740548
    outer loop
      vertex -94.700776 -9.327212 115.951568
      vertex -104.027988 -20.692453 106.066017
      vertex -93.330539 -18.564599 115.951568
    endloop
  endfacet
  facet normal -0.651864 -0.163283 0.740548
    outer loop
      vertex -93.330539 -18.564599 115.951568
      vertex -104.027988 -20.692453 106.066017
      vertex -101.498850 -30.789340 106.066017
    endloop
  endfacet
  facet normal -0.651864 -0.163283 0.740548
    outer loop
      vertex -93.330539 -18.564599 115.951568
      vertex -101.498850 -30.789340 106.066017
      vertex -91.061478 -27.623197 115.951568
    endloop
  endfacet
  facet normal -0.632721 -0.226391 0.740548
    outer loop
      vertex -91.061478 -27.623197 115.951568
      vertex -101.498850 -30.789340 106.066017
      vertex -97.992222 -40.589708 106.066017
    endloop
  endfacet
  facet normal -0.632721 -0.226391 0.740548
    outer loop
      vertex -91.061478 -27.623197 115.951568
      vertex -97.992222 -40.589708 106.066017
      vertex -87.915446 -36.415770 115.951568
    endloop
  endfacet
  facet normal -0.607484 -0.287318 0.740548
    outer loop
      vertex -87.915446 -36.415770 115.951568
      vertex -97.992222 -40.589708 106.066017
      vertex -93.541876 -49.999174 106.066017
    endloop
  endfacet
  facet normal -0.607484 -0.287318 0.740548
    outer loop
      vertex -87.915446 -36.415770 115.951568
      vertex -93.541876 -49.999174 106.066017
      vertex -83.922739 -44.857639 115.951568
    endloop
  endfacet
  facet normal -0.576396 -0.345479 0.740548
    outer loop
      vertex -83.922739 -44.857639 115.951568
      vertex -93.541876 -49.999174 106.066017
      vertex -88.190670 -58.927122 106.066017
    endloop
  endfacet
  facet normal -0.576396 -0.345479 0.740548
    outer loop
      vertex -83.922739 -44.857639 115.951568
      vertex -88.190670 -58.927122 106.066017
      vertex -79.121811 -52.867504 115.951568
    endloop
  endfacet
  facet normal -0.539758 -0.400312 0.740548
    outer loop
      vertex -79.121811 -52.867504 115.951568
      vertex -88.190670 -58.927122 106.066017
      vertex -81.990140 -67.287569 106.066017
    endloop
  endfacet
  facet normal -0.539758 -0.400312 0.740548
    outer loop
      vertex -79.121811 -52.867504 115.951568
      vertex -81.990140 -67.287569 106.066017
      vertex -73.558896 -60.368226 115.951568
    endloop
  endfacet
  facet normal -0.497922 -0.451290 0.740548
    outer loop
      vertex -73.558896 -60.368226 115.951568
      vertex -81.990140 -67.287569 106.066017
      vertex -75.000000 -75.000000 106.066017
    endloop
  endfacet
  facet normal -0.497922 -0.451290 0.740548
    outer loop
      vertex -73.558896 -60.368226 115.951568
      vertex -75.000000 -75.000000 106.066017
      vertex -67.287569 -67.287569 115.951568
    endloop
  endfacet
  facet normal -0.451290 -0.497922 0.740548
    outer loop
      vertex -67.287569 -67.287569 115.951568
      vertex -75.000000 -75.000000 106.066017
      vertex -67.287569 -81.990140 106.066017
    endloop
  endfacet
  facet normal -0.451290 -0.497922 0.740548
    outer loop
      vertex -67.287569 -67.287569 115.951568
      vertex -67.287569 -81.990140 106.066017
      vertex -60.368226 -73.558896 115.951568
    endloop
  endfacet
  facet normal -0.400312 -0.539758 0.740548
    outer loop
      vertex -60.368226 -73.558896 115.951568
      vertex -67.287569 -81.990140 106.066017
      vertex -58.927122 -88.190670 106.066017
    endloop
  endfacet
  facet normal -0.400312 -0.539758 0.740548
    outer loop
      vertex -60.368226 -73.558896 115.951568
      vertex -58.927122 -88.190670 106.066017
      vertex -52.867504 -79.121811 115.951568
    endloop
  endfacet
  facet normal -0.345479 -0.576396 0.740548
    outer loop
      vertex -52.867504 -79.121811 115.951568
      vertex -58.927122 -88.190670 106.066017
      vertex -49.999174 -93.541876 106.066017
    endloop
  endfacet
  facet normal -0.345479 -0.576396 0.740548
    outer loop
      vertex -52.867504 -79.121811 115.951568
      vertex -49.999174 -93.541876 106.066017
      vertex -44.857639 -83.922739 115.951568
    endloop
  endfacet
  facet normal -0.287318 -0.607484 0.740548
    outer loop
      vertex -44.857639 -83.922739 115.951568
      vertex -49.999174 -93.541876 106.066017
      vertex -40.589708 -97.992222 106.066017
    endloop
  endfacet
  facet normal -0.287318 -0.607484 0.740548
    outer loop
      vertex -44.857639 -83.922739 115.951568
      vertex -40.589708 -97.992222 106.066017
      vertex -36.415770 -87.915446 115.951568
    endloop
  endfacet
  facet normal -0.226391 -0.632721 0.740548
    outer loop
      vertex -36.415770 -87.915446 115.951568
      vertex -40.589708 -97.992222 106.066017
      vertex -30.789340 -101.498850 106.066017
    endloop
  endfacet
  facet normal -0.226391 -0.632721 0.740548
    outer loop
      vertex -36.415770 -87.915446 115.951568
      vertex -30.789340 -101.498850 106.066017
      vertex -27.623197 -91.061478 115.951568
    endloop
  endfacet
  facet normal -0.163283 -0.651864 0.740548
    outer loop
      vertex -27.623197 -91.061478 115.951568
      vertex -30.789340 -101.498850 106.066017
      vertex -20.692453 -104.027988 106.066017
    endloop
  endfacet
  facet normal -0.163283 -0.651864 0.740548
    outer loop
      vertex -27.623197 -91.061478 115.951568
      vertex -20.692453 -104.027988 106.066017
      vertex -18.564599 -93.330539 115.951568
    endloop
  endfacet
  facet normal -0.098603 -0.664730 0.740548
    outer loop
      vertex -18.564599 -93.330539 115.951568
      vertex -20.692453 -104.027988 106.066017
      vertex -10.396288 -105.555280 106.066017
    endloop
  endfacet
  facet normal -0.098603 -0.664730 0.740548
    outer loop
      vertex -18.564599 -93.330539 115.951568
      vertex -10.396288 -105.555280 106.066017
      vertex -9.327212 -94.700776 115.951568
    endloop
  endfacet
  facet normal -0.032974 -0.671194 0.740548
    outer loop
      vertex -9.327212 -94.700776 115.951568
      vertex -10.396288 -105.555280 106.066017
      vertex -0.000000 -106.066017 106.066017
    endloop
  endfacet
  facet normal -0.032974 -0.671194 0.740548
    outer loop
      vertex -9.327212 -94.700776 115.951568
      vertex -0.000000 -106.066017 106.066017
      vertex -0.000000 -95.158993 115.951568
    endloop
  endfacet
  facet normal 0.032974 -0.671194 0.740548
    outer loop
      vertex -0.000000 -95.158993 115.951568
      vertex -0.000000 -106.066017 106.066017
      vertex 10.396288 -105.555280 106.066017
    endloop
  endfacet
  facet normal 0.032974 -0.671194 0.740548
    outer loop
      vertex -0.000000 -95.158993 115.951568
      vertex 10.396288 -105.555280 106.066017
      vertex 9.327212 -94.700776 115.951568
    endloop
  endfacet
  facet normal 0.098603 -0.664730 0.740548
    outer loop
      vertex 9.327212 -94.700776 115.951568
      vertex 10.396288 -105.555280 106.066017
      vertex 20.692453 -104.027988 106.066017
    endloop
  endfacet
  facet normal 0.098603 -0.664730 0.740548
    outer loop
      vertex 9.327212 -94.700776 115.951568
      vertex 20.692453 -104.027988 106.066017
      vertex 18.564599 -93.330539 115.951568
    endloop
  endfacet
  facet normal 0.163283 -0.651864 0.740548
    outer loop
      vertex 18.564599 -93.330539 115.951568
      vertex 20.692453 -104.027988 106.066017
      vertex 30.789340 -101.498850 106.066017
    endloop
  endfacet
  facet normal 0.163283 -0.651864 0.740548
    outer loop
      vertex 18.564599 -93.330539 115.951568
      vertex 30.789340 -101.498850 106.066017
      vertex 27.623197 -91.061478 115.951568
    endloop
  endfacet
  facet normal 0.226391 -0.632721 0.740548
    outer loop
      vertex 27.623197 -91.061478 115.951568
      vertex 30.789340 -101.498850 106.066017
      vertex 40.589708 -97.992222 106.066017
    endloop
  endfacet
  facet normal 0.226391 -0.632721 0.740548
    outer loop
      vertex 27.623197 -91.061478 115.951568
      vertex 40.589708 -97.992222 106.066017
      vertex 36.415770 -87.915446 115.951568
    endloop
  endfacet
  facet normal 0.287318 -0.607484 0.740548
    outer loop
      vertex 36.415770 -87.915446 115.951568
      vertex 40.589708 -97.992222 106.066017
      vertex 49.999174 -93.541876 106.066017
    endloop
  endfacet
  facet normal 0.287318 -0.607484 0.740548
    outer loop
      vertex 36.415770 -87.915446 115.951568
      vertex 49.999174 -93.541876 106.066017
      vertex 44.857639 -83.922739 115.951568
    endloop
  endfacet
  facet normal 0.345479 -0.576396 0.740548
    outer loop
      vertex 44.857639 -83.922739 115.951568
      vertex 49.999174 -93.541876 106.066017
      vertex 58.927122 -88.190670 106.066017
    endloop
  endfacet
  facet normal 0.345479 -0.576396 0.740548
    outer loop
      vertex 44.857639 -83.922739 115.951568
      vertex 58.927122 -88.190670 106.066017
      vertex 52.867504 -79.121811 115.951568
    endloop
  endfacet
  facet normal 0.400312 -0.539758 0.740548
    outer loop
      vertex 52.867504 -79.121811 115.951568
      vertex 58.927122 -88.190670 106.066017
      vertex 67.287569 -81.990140 106.066017
    endloop
  endfacet
  facet normal 0.400312 -0.539758 0.740548
    outer loop
      vertex 52.867504 -79.121811 115.951568
      vertex 67.287569 -81.990140 106.066017
      vertex 60.368226 -73.558896 115.951568
    endloop
  endfacet
  facet normal 0.451290 -0.497922 0.740548
    outer loop
      vertex 60.368226 -73.558896 115.951568
      vertex 67.287569 -81.990140 106.066017
      vertex 75.000000 -75.000000 106.066017
    endloop
  endfacet
  facet normal 0.451290 -0.497922 0.740548
    outer loop
      vertex 60.368226 -73.558896 115.951568
      vertex 75.000000 -75.000000 106.066017
      vertex 67.287569 -67.287569 115.951568
    endloop
  endfacet
  facet normal 0.497922 -0.451290 0.740548
    outer loop
      vertex 67.287569 -67.287569 115.951568
      vertex 75.000000 -75.000000 106.066017
      vertex 81.990140 -67.287569 106.066017
    endloop
  endfacet
  facet normal 0.497922 -0.451290 0.740548
    outer loop
      vertex 67.287569 -67.287569 115.951568
      vertex 81.990140 -67.287569 106.066017
      vertex 73.558896 -60.368226 115.951568
    endloop
  endfacet
  facet normal 0.539758 -0.400312 0.740548
    outer loop
      vertex 73.558896 -60.368226 115.951568
      vertex 81.990140 -67.287569 106.066017
      vertex 88.190670 -58.927122 106.066017
    endloop
  endfacet
  facet normal 0.539758 -0.400312 0.740548
    outer loop
      vertex 73.558896 -60.368226 115.951568
      vertex 88.190670 -58.927122 106.066017
      vertex 79.121811 -52.867504 115.951568
    endloop
  endfacet
  facet normal 0.576396 -0.345479 0.740548
    outer loop
      vertex 79.121811 -52.867504 115.951568
      vertex 88.190670 -58.927122 106.066017
      vertex 93.541876 -49.999174 106.066017
    endloop
  endfacet
  facet normal 0.576396 -0.345479 0.740548
    outer loop
      vertex 79.121811 -52.867504 115.951568
      vertex 93.541876 -49.999174 106.066017
      vertex 83.922739 -44.857639 115.951568
    endloop
  endfacet
  facet normal 0.607484 -0.287318 0.740548
    outer loop
      vertex 83.922739 -44.857639 115.951568
      vertex 93.541876 -49.999174 106.066017
      vertex 97.992222 -40.589708 106.066017
    endloop
  endfacet
  facet normal 0.607484 -0.287318 0.740548
    outer loop
      vertex 83.922739 -44.857639 115.951568
      vertex 97.992222 -40.589708 106.066017
      vertex 87.915446 -36.415770 115.951568
    endloop
  endfacet
  facet normal 0.632721 -0.226391 0.740548
    outer loop
      vertex 87.915446 -36.415770 115.951568
      vertex 97.992222 -40.589708 106.066017
      vertex 101.498850 -30.789340 106.066017
    endloop
  endfacet
  facet normal 0.632721 -0.226391 0.740548
    outer loop
      vertex 87.915446 -36.415770 115.951568
      vertex 101.498850 -30.789340 106.066017
      vertex 91.061478 -27.623197 115.951568
    endloop
  endfacet
  facet normal 0.651864 -0.163283 0.740548
    outer loop
      vertex 91.061478 -27.623197 115.951568
      vertex 101.498850 -30.789340 106.066017
      vertex 104.027988 -20.692453 106.066017
    endloop
  endfacet
  facet normal 0.651864 -0.163283 0.740548
    outer loop
      vertex 91.061478 -27.623197 115.951568
      vertex 104.027988 -20.692453 106.066017
      vertex 93.330539 -18.564599 115.951568
    endloop
  endfacet
  facet normal 0.664730 -0.098603 0.740548
    outer loop
      vertex 93.330539 -18.564599 115.951568
      vertex 104.027988 -20.692453 106.066017
      vertex 105.555280 -10.396288 106.066017
    endloop
  endfacet
  facet normal 0.664730 -0.098603 0.740548
    outer loop
      vertex 93.330539 -18.564599 115.951568
      vertex 105.555280 -10.396288 106.066017
      vertex 94.700776 -9.327212 115.951568
    endloop
  endfacet
  facet normal 0.671194 -0.032974 0.740548
    outer loop
      vertex 94.700776 -9.327212 115.951568
      vertex 105.555280 -10.396288 106.066017
      vertex 106.066017 -0.000000 106.066017
    endloop
  endfacet
  facet normal 0.671194 -0.032974 0.740548
    outer loop
      vertex 94.700776 -9.327212 115.951568
      vertex 106.066017 -0.000000 106.066017
      vertex 95.158993 -0.000000 115.951568
    endloop
  endfacet
  facet normal 0.740461 0.036377 0.671114
    outer loop
      vertex 106.066017 0.000000 106.066017
      vertex 115.951568 0.000000 95.158993
      vertex 115.393230 11.365241 95.158993
    endloop
  endfacet
  facet normal 0.740461 0.036377 0.671114
    outer loop
      vertex 106.066017 0.000000 106.066017
      vertex 115.393230 11.365241 95.158993
      vertex 105.555280 10.396288 106.066017
    endloop
  endfacet
  facet normal 0.733330 0.108779 0.671114
    outer loop
      vertex 105.555280 10.396288 106.066017
      vertex 115.393230 11.365241 95.158993
      vertex 113.723591 22.621029 95.158993
    endloop
  endfacet
  facet normal 0.733330 0.108779 0.671114
    outer loop
      vertex 105.555280 10.396288 106.066017
      vertex 113.723591 22.621029 95.158993
      vertex 104.027988 20.692453 106.066017
    endloop
  endfacet
  facet normal 0.719136 0.180134 0.671114
    outer loop
      vertex 104.027988 20.692453 106.066017
      vertex 113.723591 22.621029 95.158993
      vertex 110.958732 33.658963 95.158993
    endloop
  endfacet
  facet normal 0.719136 0.180134 0.671114
    outer loop
      vertex 104.027988 20.692453 106.066017
      vertex 110.958732 33.658963 95.158993
      vertex 101.498850 30.789340 106.066017
    endloop
  endfacet
  facet normal 0.698017 0.249755 0.671114
    outer loop
      vertex 101.498850 30.789340 106.066017
      vertex 110.958732 33.658963 95.158993
      vertex 107.125280 44.372744 95.158993
    endloop
  endfacet
  facet normal 0.698017 0.249755 0.671114
    outer loop
      vertex 101.498850 30.789340 106.066017
      vertex 107.125280 44.372744 95.158993
      vertex 97.992222 40.589708 106.066017
    endloop
  endfacet
  facet normal 0.670176 0.316970 0.671114
    outer loop
      vertex 97.992222 40.589708 106.066017
      vertex 107.125280 44.372744 95.158993
      vertex 102.260153 54.659191 95.158993
    endloop
  endfacet
  facet normal 0.670176 0.316970 0.671114
    outer loop
      vertex 97.992222 40.589708 106.066017
      vertex 102.260153 54.659191 95.158993
      vertex 93.541876 49.999174 106.066017
    endloop
  endfacet
  facet normal 0.635880 0.381132 0.671114
    outer loop
      vertex 93.541876 49.999174 106.066017
      vertex 102.260153 54.659191 95.158993
      vertex 96.410205 64.419240 95.158993
    endloop
  endfacet
  facet normal 0.635880 0.381132 0.671114
    outer loop
      vertex 93.541876 49.999174 106.066017
      vertex 96.410205 64.419240 95.158993
      vertex 88.190670 58.927122 106.066017
    endloop
  endfacet
  facet normal 0.595461 0.441624 0.671114
    outer loop
      vertex 88.190670 58.927122 106.066017
      vertex 96.410205 64.419240 95.158993
      vertex 89.631774 73.558896 95.158993
    endloop
  endfacet
  facet normal 0.595461 0.441624 0.671114
    outer loop
      vertex 88.190670 58.927122 106.066017
      vertex 89.631774 73.558896 95.158993
      vertex 81.990140 67.287569 106.066017
    endloop
  endfacet
  facet normal 0.549307 0.497863 0.671114
    outer loop
      vertex 81.990140 67.287569 106.066017
      vertex 89.631774 73.558896 95.158993
      vertex 81.990140 81.990140 95.158993
    endloop
  endfacet
  facet normal 0.549307 0.497863 0.671114
    outer loop
      vertex 81.990140 67.287569 106.066017
      vertex 81.990140 81.990140 95.158993
      vertex 75.000000 75.000000 106.066017
    endloop
  endfacet
  facet normal 0.497863 0.549307 0.671114
    outer loop
      vertex 75.000000 75.000000 106.066017
      vertex 81.990140 81.990140 95.158993
      vertex 73.558896 89.631774 95.158993
    endloop
  endfacet
  facet normal 0.497863 0.549307 0.671114
    outer loop
      vertex 75.000000 75.000000 106.066017
      vertex 73.558896 89.631774 95.158993
      vertex 67.287569 81.990140 106.066017
    endloop
  endfacet
  facet normal 0.441624 0.595461 0.671114
    outer loop
      vertex 67.287569 81.990140 106.066017
      vertex 73.558896 89.631774 95.158993
      vertex 64.419240 96.410205 95.158993
    endloop
  endfacet
  facet normal 0.441624 0.595461 0.671114
    outer loop
      vertex 67.287569 81.990140 106.066017
      vertex 64.419240 96.410205 95.158993
      vertex 58.927122 88.190670 106.066017
    endloop
  endfacet
  facet normal 0.381132 0.635880 0.671114
    outer loop
      vertex 58.927122 88.190670 106.066017
      vertex 64.419240 96.410205 95.158993
      vertex 54.659191 102.260153 95.158993
    endloop
  endfacet
  facet normal 0.381132 0.635880 0.671114
    outer loop
      vertex 58.927122 88.190670 106.066017
      vertex 54.659191 102.260153 95.158993
      vertex 49.999174 93.541876 106.066017
    endloop
  endfacet
  facet normal 0.316970 0.670176 0.671114
    outer loop
      vertex 49.999174 93.541876 106.066017
      vertex 54.659191 102.260153 95.158993
      vertex 44.372744 107.125280 95.158993
    endloop
  endfacet
  facet normal 0.316970 0.670176 0.671114
    outer loop
      vertex 49.999174 93.541876 106.066017
      vertex 44.372744 107.125280 95.158993
      vertex 40.589708 97.992222 106.066017
    endloop
  endfacet
  facet normal 0.249755 0.698017 0.671114
    outer loop
      vertex 40.589708 97.992222 106.066017
      vertex 44.372744 107.125280 95.158993
      vertex 33.658963 110.958732 95.158993
    endloop
  endfacet
  facet normal 0.249755 0.698017 0.671114
    outer loop
      vertex 40.589708 97.992222 106.066017
      vertex 33.658963 110.958732 95.158993
      vertex 30.789340 101.498850 106.066017
    endloop
  endfacet
  facet normal 0.180134 0.719136 0.671114
    outer loop
      vertex 30.789340 101.498850 106.066017
      vertex 33.658963 110.958732 95.158993
      vertex 22.621029 113.723591 95.158993
    endloop
  endfacet
  facet normal 0.180134 0.719136 0.671114
    outer loop
      vertex 30.789340 101.498850 106.066017
      vertex 22.621029 113.723591 95.158993
      vertex 20.692453 104.027988 106.066017
    endloop
  endfacet
  facet normal 0.108779 0.733330 0.671114
    outer loop
      vertex 20.692453 104.027988 106.066017
      vertex 22.621029 113.723591 95.158993
      vertex 11.365241 115.393230 95.158993
    endloop
  endfacet
  facet normal 0.108779 0.733330 0.671114
    outer loop
      vertex 20.692453 104.027988 106.066017
      vertex 11.365241 115.393230 95.158993
      vertex 10.396288 105.555280 106.066017
    endloop
  endfacet
  facet normal 0.036377 0.740461 0.671114
    outer loop
      vertex 10.396288 105.555280 106.066017
      vertex 11.365241 115.393230 95.158993
      vertex 0.000000 115.951568 95.158993
    endloop
  endfacet
  facet normal 0.036377 0.740461 0.671114
    outer loop
      vertex 10.396288 105.555280 106.066017
      vertex 0.000000 115.951568 95.158993
      vertex 0.000000 106.066017 106.066017
    endloop
  endfacet
  facet normal -0.036377 0.740461 0.671114
    outer loop
      vertex 0.000000 106.066017 106.066017
      vertex 0.000000 115.951568 95.158993
      vertex -11.365241 115.393230 95.158993
    endloop
  endfacet
  facet normal -0.036377 0.740461 0.671114
    outer loop
      vertex 0.000000 106.066017 106.066017
      vertex -11.365241 115.393230 95.158993
      vertex -10.396288 105.555280 106.066017
    endloop
  endfacet
  facet normal -0.108779 0.733330 0.671114
    outer loop
      vertex -10.396288 105.555280 106.066017
      vertex -11.365241 115.393230 95.158993
      vertex -22.621029 113.723591 95.158993
    endloop
  endfacet
  facet normal -0.108779 0.733330 0.671114
    outer loop
      vertex -10.396288 105.555280 106.066017
      vertex -22.621029 113.723591 95.158993
      vertex -20.692453 104.027988 106.066017
    endloop
  endfacet
  facet normal -0.180134 0.719136 0.671114
    outer loop
      vertex -20.692453 104.027988 106.066017
      vertex -22.621029 113.723591 95.158993
      vertex -33.658963 110.958732 95.158993
    endloop
  endfacet
  facet normal -0.180134 0.719136 0.671114
    outer loop
      vertex -20.692453 104.027988 106.066017
      vertex -33.658963 110.958732 95.158993
      vertex -30.789340 101.498850 106.066017
    endloop
  endfacet
  facet normal -0.249755 0.698017 0.671114
    outer loop
      vertex -30.789340 101.498850 106.066017
      vertex -33.658963 110.958732 95.158993
      vertex -44.372744 107.125280 95.158993
    endloop
  endfacet
  facet normal -0.249755 0.698017 0.671114
    outer loop
      vertex -30.789340 101.498850 106.066017
      vertex -44.372744 107.125280 95.158993
      vertex -40.589708 97.992222 106.066017
    endloop
  endfacet
  facet normal -0.316970 0.670176 0.671114
    outer loop
      vertex -40.589708 97.992222 106.066017
      vertex -44.372744 107.125280 95.158993
      vertex -54.659191 102.260153 95.158993
    endloop
  endfacet
  facet normal -0.316970 0.670176 0.671114
    outer loop
      vertex -40.589708 97.992222 106.066017
      vertex -54.659191 102.260153 95.158993
      vertex -49.999174 93.541876 106.066017
    endloop
  endfacet
  facet normal -0.381132 0.635880 0.671114
    outer loop
      vertex -49.999174 93.541876 106.066017
      vertex -54.659191 102.260153 95.158993
      vertex -64.419240 96.410205 95.158993
    endloop
  endfacet
  facet normal -0.381132 0.635880 0.671114
    outer loop
      vertex -49.999174 93.541876 106.066017
      vertex -64.419240 96.410205 95.158993
      vertex -58.927122 88.190670 106.066017
    endloop
  endfacet
  facet normal -0.441624 0.595461 0.671114
    outer loop
      vertex -58.927122 88.190670 106.066017
      vertex -64.419240 96.410205 95.158993
      vertex -73.558896 89.631774 95.158993
    endloop
  endfacet
  facet normal -0.441624 0.595461 0.671114
    outer loop
      vertex -58.927122 88.190670 106.066017
      vertex -73.558896 89.631774 95.158993
      vertex -67.287569 81.990140 106.066017
    endloop
  endfacet
  facet normal -0.497863 0.549307 0.671114
    outer loop
      vertex -67.287569 81.990140 106.066017
      vertex -73.558896 89.631774 95.158993
      vertex -81.990140 81.990140 95.158993
    endloop
  endfacet
  facet normal -0.497863 0.549307 0.671114
    outer loop
      vertex -67.287569 81.990140 106.066017
      vertex -81.990140 81.990140 95.158993
      vertex -75.000000 75.000000 106.066017
    endloop
  endfacet
  facet normal -0.549307 0.497863 0.671114
    outer loop
      vertex -75.000000 75.000000 106.066017
      vertex -81.990140 81.990140 95.158993
      vertex -89.631774 73.558896 95.158993
    endloop
  endfacet
  facet normal -0.549307 0.497863 0.671114
    outer loop
      vertex -75.000000 75.000000 106.066017
      vertex -89.631774 73.558896 95.158993
      vertex -81.990140 67.287569 106.066017
    endloop
  endfacet
  facet normal -0.595461 0.441624 0.671114
    outer loop
      vertex -81.990140 67.287569 106.066017
      vertex -89.631774 73.558896 95.158993
      vertex -96.410205 64.419240 95.158993
    endloop
  endfacet
  facet normal -0.595461 0.441624 0.671114
    outer loop
      vertex -81.990140 67.287569 106.066017
      vertex -96.410205 64.419240 95.158993
      vertex -88.190670 58.927122 106.066017
    endloop
  endfacet
  facet normal -0.635880 0.381132 0.671114
    outer loop
      vertex -88.190670 58.927122 106.066017
      vertex -96.410205 64.419240 95.158993
      vertex -102.260153 54.659191 95.158993
    endloop
  endfacet
  facet normal -0.635880 0.381132 0.671114
    outer loop
      vertex -88.190670 58.927122 106.066017
      vertex -102.260153 54.659191 95.158993
      vertex -93.541876 49.999174 106.066017
    endloop
  endfacet
  facet normal -0.670176 0.316970 0.671114
    outer loop
      vertex -93.541876 49.999174 106.066017
      vertex -102.260153 54.659191 95.158993
      vertex -107.125280 44.372744 95.158993
    endloop
  endfacet
  facet normal -0.670176 0.316970 0.671114
    outer loop
      vertex -93.541876 49.999174 106.066017
      vertex -107.125280 44.372744 95.158993
      vertex -97.992222 40.589708 106.066017
    endloop
  endfacet
  facet normal -0.698017 0.249755 0.671114
    outer loop
      vertex -97.992222 40.589708 106.066017
      vertex -107.125280 44.372744 95.158993
      vertex -110.958732 33.658963 95.158993
    endloop
  endfacet
  facet normal -0.698017 0.249755 0.671114
    outer loop
      vertex -97.992222 40.589708 106.066017
      vertex -110.958732 33.658963 95.158993
      vertex -101.498850 30.789340 106.066017
    endloop
  endfacet
  facet normal -0.719136 0.180134 0.671114
    outer loop
      vertex -101.498850 30.789340 106.066017
      vertex -110.958732 33.658963 95.158993
      vertex -113.723591 22.621029 95.158993
    endloop
  endfacet
  facet normal -0.719136 0.180134 0.671114
    outer loop
      vertex -101.498850 30.789340 106.066017
      vertex -113.723591 22.621029 95.158993
      vertex -104.027988 20.692453 106.066017
    endloop
  endfacet
  facet normal -0.733330 0.108779 0.671114
    outer loop
      vertex -104.027988 20.692453 106.066017
      vertex -113.723591 22.621029 95.158993
      vertex -115.393230 11.365241 95.158993
    endloop
  endfacet
  facet normal -0.733330 0.108779 0.671114
    outer loop
      vertex -104.027988 20.692453 106.066017
      vertex -115.393230 11.365241 95.158993
      vertex -105.555280 10.396288 106.066017
    endloop
  endfacet
  facet normal -0.740461 0.036377 0.671114
    outer loop
      vertex -105.555280 10.396288 106.066017
      vertex -115.393230 11.365241 95.158993
      vertex -115.951568 0.000000 95.158993
    endloop
  endfacet
  facet normal -0.740461 0.036377 0.671114
    outer loop
      vertex -105.555280 10.396288 106.066017
      vertex -115.951568 0.000000 95.158993
      vertex -106.066017 0.000000 106.066017
    endloop
  endfacet
  facet normal -0.740461 -0.036377 0.671114
    outer loop
      vertex -106.066017 0.000000 106.066017
      vertex -115.951568 0.000000 95.158993
      vertex -115.393230 -11.365241 95.158993
    endloop
  endfacet
  facet normal -0.740461 -0.036377 0.671114
    outer loop
      vertex -106.066017 0.000000 106.066017
      vertex -115.393230 -11.365241 95.158993
      vertex -105.555280 -10.396288 106.066017
    endloop
  endfacet
  facet normal -0.733330 -0.108779 0.671114
    outer loop
      vertex -105.555280 -10.396288 106.066017
      vertex -115.393230 -11.365241 95.158993
      vertex -113.723591 -22.621029 95.158993
    endloop
  endfacet
  facet normal -0.733330 -0.108779 0.671114
    outer loop
      vertex -105.555280 -10.396288 106.066017
      vertex -113.723591 -22.621029 95.158993
      vertex -104.027988 -20.692453 106.066017
    endloop
  endfacet
  facet normal -0.719136 -0.180134 0.671114
    outer loop
      vertex -104.027988 -20.692453 106.066017
      vertex -113.723591 -22.621029 95.158993
      vertex -110.958732 -33.658963 95.158993
    endloop
  endfacet
  facet normal -0.719136 -0.180134 0.671114
    outer loop
      vertex -104.027988 -20.692453 106.066017
      vertex -110.958732 -33.658963 95.158993
      vertex -101.498850 -30.789340 106.066017
    endloop
  endfacet
  facet normal -0.698017 -0.249755 0.671114
    outer loop
      vertex -101.498850 -30.789340 106.066017
      vertex -110.958732 -33.658963 95.158993
      vertex -107.125280 -44.372744 95.158993
    endloop
  endfacet
  facet normal -0.698017 -0.249755 0.671114
    outer loop
      vertex -101.498850 -30.789340 106.066017
      vertex -107.125280 -44.372744 95.158993
      vertex -97.992222 -40.589708 106.066017
    endloop
  endfacet
  facet normal -0.670176 -0.316970 0.671114
    outer loop
      vertex -97.992222 -40.589708 106.066017
      vertex -107.125280 -44.372744 95.158993
      vertex -102.260153 -54.659191 95.158993
    endloop
  endfacet
  facet normal -0.670176 -0.316970 0.671114
    outer loop
      vertex -97.992222 -40.589708 106.066017
      vertex -102.260153 -54.659191 95.158993
      vertex -93.541876 -49.999174 106.066017
    endloop
  endfacet
  facet normal -0.635880 -0.381132 0.671114
    outer loop
      vertex -93.541876 -49.999174 106.066017
      vertex -102.260153 -54.659191 95.158993
      vertex -96.410205 -64.419240 95.158993
    endloop
  endfacet
  facet normal -0.635880 -0.381132 0.671114
    outer loop
      vertex -93.541876 -49.999174 106.066017
      vertex -96.410205 -64.419240 95.158993
      vertex -88.190670 -58.927122 106.066017
    endloop
  endfacet
  facet normal -0.595461 -0.441624 0.671114
    outer loop
      vertex -88.190670 -58.927122 106.066017
      vertex -96.410205 -64.419240 95.158993
      vertex -89.631774 -73.558896 95.158993
    endloop
  endfacet
  facet normal -0.595461 -0.441624 0.671114
    outer loop
      vertex -88.190670 -58.927122 106.066017
      vertex -89.631774 -73.558896 95.158993
      vertex -81.990140 -67.287569 106.066017
    endloop
  endfacet
  facet normal -0.549307 -0.497863 0.671114
    outer loop
      vertex -81.990140 -67.287569 106.066017
      vertex -89.631774 -73.558896 95.158993
      vertex -81.990140 -81.990140 95.158993
    endloop
  endfacet
  facet normal -0.549307 -0.497863 0.671114
    outer loop
      vertex -81.990140 -67.287569 106.066017
      vertex -81.990140 -81.990140 95.158993
      vertex -75.000000 -75.000000 106.066017
    endloop
  endfacet
  facet normal -0.497863 -0.549307 0.671114
    outer loop
      vertex -75.000000 -75.000000 106.066017
      vertex -81.990140 -81.990140 95.158993
      vertex -73.558896 -89.631774 95.158993
    endloop
  endfacet
  facet normal -0.497863 -0.549307 0.671114
    outer loop
      vertex -75.000000 -75.000000 106.066017
      vertex -73.558896 -89.631774 95.158993
      vertex -67.287569 -81.990140 106.066017
    endloop
  endfacet
  facet normal -0.441624 -0.595461 0.671114
    outer loop
      vertex -67.287569 -81.990140 106.066017
      vertex -73.558896 -89.631774 95.158993
      vertex -64.419240 -96.410205 95.158993
    endloop
  endfacet
  facet normal -0.441624 -0.595461 0.671114
    outer loop
      vertex -67.287569 -81.990140 106.066017
      vertex -64.419240 -96.410205 95.158993
      vertex -58.927122 -88.190670 106.066017
    endloop
  endfacet
  facet normal -0.381132 -0.635880 0.671114
    outer loop
      vertex -58.927122 -88.190670 106.066017
      vertex -64.419240 -96.410205 95.158993
      vertex -54.659191 -102.260153 95.158993
    endloop
  endfacet
  facet normal -0.381132 -0.635880 0.671114
    outer loop
      vertex -58.927122 -88.190670 106.066017
      vertex -54.659191 -102.260153 95.158993
      vertex -49.999174 -93.541876 106.066017
    endloop
  endfacet
  facet normal -0.316970 -0.670176 0.671114
    outer loop
      vertex -49.999174 -93.541876 106.066017
      vertex -54.659191 -102.260153 95.158993
      vertex -44.372744 -107.125280 95.158993
    endloop
  endfacet
  facet normal -0.316970 -0.670176 0.671114
    outer loop
      vertex -49.999174 -93.541876 106.066017
      vertex -44.372744 -107.125280 95.158993
      vertex -40.589708 -97.992222 106.066017
    endloop
  endfacet
  facet normal -0.249755 -0.698017 0.671114
    outer loop
      vertex -40.589708 -97.992222 106.066017
      vertex -44.372744 -107.125280 95.158993
      vertex -33.658963 -110.958732 95.158993
    endloop
  endfacet
  facet normal -0.249755 -0.698017 0.671114
    outer loop
      vertex -40.589708 -97.992222 106.066017
      vertex -33.658963 -110.958732 95.158993
      vertex -30.789340 -101.498850 106.066017
    endloop
  endfacet
  facet normal -0.180134 -0.719136 0.671114
    outer loop
      vertex -30.789340 -101.498850 106.066017
      vertex -33.658963 -110.958732 95.158993
      vertex -22.621029 -113.723591 95.158993
    endloop
  endfacet
  facet normal -0.180134 -0.719136 0.671114
    outer loop
      vertex -30.789340 -101.498850 106.066017
      vertex -22.621029 -113.723591 95.158993
      vertex -20.692453 -104.027988 106.066017
    endloop
  endfacet
  facet normal -0.108779 -0.733330 0.671114
    outer loop
      vertex -20.692453 -104.027988 106.066017
      vertex -22.621029 -113.723591 95.158993
      vertex -11.365241 -115.393230 95.158993
    endloop
  endfacet
  facet normal -0.108779 -0.733330 0.671114
    outer loop
      vertex -20.692453 -104.027988 106.066017
      vertex -11.365241 -115.393230 95.158993
      vertex -10.396288 -105.555280 106.066017
    endloop
  endfacet
  facet normal -0.036377 -0.740461 0.671114
    outer loop
      vertex -10.396288 -105.555280 106.066017
      vertex -11.365241 -115.393230 95.158993
      vertex -0.000000 -115.951568 95.158993
    endloop
  endfacet
  facet normal -0.036377 -0.740461 0.671114
    outer loop
      vertex -10.396288 -105.555280 106.066017
      vertex -0.000000 -115.951568 95.158993
      vertex -0.000000 -106.066017 106.066017
    endloop
  endfacet
  facet normal 0.036377 -0.740461 0.671114
    outer loop
      vertex -0.000000 -106.066017 106.066017
      vertex -0.000000 -115.951568 95.158993
      vertex 11.365241 -115.393230 95.158993
    endloop
  endfacet
  facet normal 0.036377 -0.740461 0.671114
    outer loop
      vertex -0.000000 -106.066017 106.066017
      vertex 11.365241 -115.393230 95.158993
      vertex 10.396288 -105.555280 106.066017
    endloop
  endfacet
  facet normal 0.108779 -0.733330 0.671114
    outer loop
      vertex 10.396288 -105.555280 106.066017
      vertex 11.365241 -115.393230 95.158993
      vertex 22.621029 -113.723591 95.158993
    endloop
  endfacet
  facet normal 0.108779 -0.733330 0.671114
    outer loop
      vertex 10.396288 -105.555280 106.066017
      vertex 22.621029 -113.723591 95.158993
      vertex 20.692453 -104.027988 106.066017
    endloop
  endfacet
  facet normal 0.180134 -0.719136 0.671114
    outer loop
      vertex 20.692453 -104.027988 106.066017
      vertex 22.621029 -113.723591 95.158993
      vertex 33.658963 -110.958732 95.158993
    endloop
  endfacet
  facet normal 0.180134 -0.719136 0.671114
    outer loop
      vertex 20.692453 -104.027988 106.066017
      vertex 33.658963 -110.958732 95.158993
      vertex 30.789340 -101.498850 106.066017
    endloop
  endfacet
  facet normal 0.249755 -0.698017 0.671114
    outer loop
      vertex 30.789340 -101.498850 106.066017
      vertex 33.658963 -110.958732 95.158993
      vertex 44.372744 -107.125280 95.158993
    endloop
  endfacet
  facet normal 0.249755 -0.698017 0.671114
    outer loop
      vertex 30.789340 -101.498850 106.066017
      vertex 44.372744 -107.125280 95.158993
      vertex 40.589708 -97.992222 106.066017
    endloop
  endfacet
  facet normal 0.316970 -0.670176 0.671114
    outer loop
      vertex 40.589708 -97.992222 106.066017
      vertex 44.372744 -107.125280 95.158993
      vertex 54.659191 -102.260153 95.158993
    endloop
  endfacet
  facet normal 0.316970 -0.670176 0.671114
    outer loop
      vertex 40.589708 -97.992222 106.066017
      vertex 54.659191 -102.260153 95.158993
      vertex 49.999174 -93.541876 106.066017
    endloop
  endfacet
  facet normal 0.381132 -0.635880 0.671114
    outer loop
      vertex 49.999174 -93.541876 106.066017
      vertex 54.659191 -102.260153 95.158993
      vertex 64.419240 -96.410205 95.158993
    endloop
  endfacet
  facet normal 0.381132 -0.635880 0.671114
    outer loop
      vertex 49.999174 -93.541876 106.066017
      vertex 64.419240 -96.410205 95.158993
      vertex 58.927122 -88.190670 106.066017
    endloop
  endfacet
  facet normal 0.441624 -0.595461 0.671114
    outer loop
      vertex 58.927122 -88.190670 106.066017
      vertex 64.419240 -96.410205 95.158993
      vertex 73.558896 -89.631774 95.158993
    endloop
  endfacet
  facet normal 0.441624 -0.595461 0.671114
    outer loop
      vertex 58.927122 -88.190670 106.066017
      vertex 73.558896 -89.631774 95.158993
      vertex 67.287569 -81.990140 106.066017
    endloop
  endfacet
  facet normal 0.497863 -0.549307 0.671114
    outer loop
      vertex 67.287569 -81.990140 106.066017
      vertex 73.558896 -89.631774 95.158993
      vertex 81.990140 -81.990140 95.158993
    endloop
  endfacet
  facet normal 0.497863 -0.549307 0.671114
    outer loop
      vertex 67.287569 -81.990140 106.066017
      vertex 81.990140 -81.990140 95.158993
      vertex 75.000000 -75.000000 106.066017
    endloop
  endfacet
  facet normal 0.549307 -0.497863 0.671114
    outer loop
      vertex 75.000000 -75.000000 106.066017
      vertex 81.990140 -81.990140 95.158993
      vertex 89.631774 -73.558896 95.158993
    endloop
  endfacet
  facet normal 0.549307 -0.497863 0.671114
    outer loop
      vertex 75.000000 -75.000000 106.066017
      vertex 89.631774 -73.558896 95.158993
      vertex 81.990140 -67.287569 106.066017
    endloop
  endfacet
  facet normal 0.595461 -0.441624 0.671114
    outer loop
      vertex 81.990140 -67.287569 106.066017
      vertex 89.631774 -73.558896 95.158993
      vertex 96.410205 -64.419240 95.158993
    endloop
  endfacet
  facet normal 0.595461 -0.441624 0.671114
    outer loop
      vertex 81.990140 -67.287569 106.066017
      vertex 96.410205 -64.419240 95.158993
      vertex 88.190670 -58.927122 106.066017
    endloop
  endfacet
  facet normal 0.635880 -0.381132 0.671114
    outer loop
      vertex 88.190670 -58.927122 106.066017
      vertex 96.410205 -64.419240 95.158993
      vertex 102.260153 -54.659191 95.158993
    endloop
  endfacet
  facet normal 0.635880 -0.381132 0.671114
    outer loop
      vertex 88.190670 -58.927122 106.066017
      vertex 102.260153 -54.659191 95.158993
      vertex 93.541876 -49.999174 106.066017
    endloop
  endfacet
  facet normal 0.670176 -0.316970 0.671114
    outer loop
      vertex 93.541876 -49.999174 106.066017
      vertex 102.260153 -54.659191 95.158993
      vertex 107.125280 -44.372744 95.158993
    endloop
  endfacet
  facet normal 0.670176 -0.316970 0.671114
    outer loop
      vertex 93.541876 -49.999174 106.066017
      vertex 107.125280 -44.372744 95.158993
      vertex 97.992222 -40.589708 106.066017
    endloop
  endfacet
  facet normal 0.698017 -0.249755 0.671114
    outer loop
      vertex 97.992222 -40.589708 106.066017
      vertex 107.125280 -44.372744 95.158993
      vertex 110.958732 -33.658963 95.158993
    endloop
  endfacet
  facet normal 0.698017 -0.249755 0.671114
    outer loop
      vertex 97.992222 -40.589708 106.066017
      vertex 110.958732 -33.658963 95.158993
      vertex 101.498850 -30.789340 106.066017
    endloop
  endfacet
  facet normal 0.719136 -0.180134 0.671114
    outer loop
      vertex 101.498850 -30.789340 106.066017
      vertex 110.958732 -33.658963 95.158993
      vertex 113.723591 -22.621029 95.158993
    endloop
  endfacet
  facet normal 0.719136 -0.180134 0.671114
    outer loop
      vertex 101.498850 -30.789340 106.066017
      vertex 113.723591 -22.621029 95.158993
      vertex 104.027988 -20.692453 106.066017
    endloop
  endfacet
  facet normal 0.733330 -0.108779 0.671114
    outer loop
      vertex 104.027988 -20.692453 106.066017
      vertex 113.723591 -22.621029 95.158993
      vertex 115.393230 -11.365241 95.158993
    endloop
  endfacet
  facet normal 0.733330 -0.108779 0.671114
    outer loop
      vertex 104.027988 -20.692453 106.066017
      vertex 115.393230 -11.365241 95.158993
      vertex 105.555280 -10.396288 106.066017
    endloop
  endfacet
  facet normal 0.740461 -0.036377 0.671114
    outer loop
      vertex 105.555280 -10.396288 106.066017
      vertex 115.393230 -11.365241 95.158993
      vertex 115.951568 -0.000000 95.158993
    endloop
  endfacet
  facet normal 0.740461 -0.036377 0.671114
    outer loop
      vertex 105.555280 -10.396288 106.066017
      vertex 115.951568 -0.000000 95.158993
      vertex 106.066017 -0.000000 106.066017
    endloop
  endfacet
  facet normal 0.802583 0.039428 0.595236
    outer loop
      vertex 115.951568 0.000000 95.158993
      vertex 124.720442 0.000000 83.335535
      vertex 124.119879 12.224741 83.335535
    endloop
  endfacet
  facet normal 0.802583 0.039428 0.595236
    outer loop
      vertex 115.951568 0.000000 95.158993
      vertex 124.119879 12.224741 83.335535
      vertex 115.393230 11.365241 95.158993
    endloop
  endfacet
  facet normal 0.794854 0.117905 0.595236
    outer loop
      vertex 115.393230 11.365241 95.158993
      vertex 124.119879 12.224741 83.335535
      vertex 122.323974 24.331751 83.335535
    endloop
  endfacet
  facet normal 0.794854 0.117905 0.595236
    outer loop
      vertex 115.393230 11.365241 95.158993
      vertex 122.323974 24.331751 83.335535
      vertex 113.723591 22.621029 95.158993
    endloop
  endfacet
  facet normal 0.779469 0.195247 0.595236
    outer loop
      vertex 113.723591 22.621029 95.158993
      vertex 122.323974 24.331751 83.335535
      vertex 119.350021 36.204433 83.335535
    endloop
  endfacet
  facet normal 0.779469 0.195247 0.595236
    outer loop
      vertex 113.723591 22.621029 95.158993
      vertex 119.350021 36.204433 83.335535
      vertex 110.958732 33.658963 95.158993
    endloop
  endfacet
  facet normal 0.756579 0.270708 0.595236
    outer loop
      vertex 110.958732 33.658963 95.158993
      vertex 119.350021 36.204433 83.335535
      vertex 115.226664 47.728447 83.335535
    endloop
  endfacet
  facet normal 0.756579 0.270708 0.595236
    outer loop
      vertex 110.958732 33.658963 95.158993
      vertex 115.226664 47.728447 83.335535
      vertex 107.125280 44.372744 95.158993
    endloop
  endfacet
  facet normal 0.726401 0.343562 0.595236
    outer loop
      vertex 107.125280 44.372744 95.158993
      vertex 115.226664 47.728447 83.335535
      vertex 109.993610 58.792809 83.335535
    endloop
  endfacet
  facet normal 0.726401 0.343562 0.595236
    outer loop
      vertex 107.125280 44.372744 95.158993
      vertex 109.993610 58.792809 83.335535
      vertex 102.260153 54.659191 95.158993
    endloop
  endfacet
  facet normal 0.689229 0.413108 0.595236
    outer loop
      vertex 102.260153 54.659191 95.158993
      vertex 109.993610 58.792809 83.335535
      vertex 103.701257 69.290965 83.335535
    endloop
  endfacet
  facet normal 0.689229 0.413108 0.595236
    outer loop
      vertex 102.260153 54.659191 95.158993
      vertex 103.701257 69.290965 83.335535
      vertex 96.410205 64.419240 95.158993
    endloop
  endfacet
  facet normal 0.645418 0.478675 0.595236
    outer loop
      vertex 96.410205 64.419240 95.158993
      vertex 103.701257 69.290965 83.335535
      vertex 96.410205 79.121811 83.335535
    endloop
  endfacet
  facet normal 0.645418 0.478675 0.595236
    outer loop
      vertex 96.410205 64.419240 95.158993
      vertex 96.410205 79.121811 83.335535
      vertex 89.631774 73.558896 95.158993
    endloop
  endfacet
  facet normal 0.595392 0.539632 0.595236
    outer loop
      vertex 89.631774 73.558896 95.158993
      vertex 96.410205 79.121811 83.335535
      vertex 88.190670 88.190670 83.335535
    endloop
  endfacet
  facet normal 0.595392 0.539632 0.595236
    outer loop
      vertex 89.631774 73.558896 95.158993
      vertex 88.190670 88.190670 83.335535
      vertex 81.990140 81.990140 95.158993
    endloop
  endfacet
  facet normal 0.539632 0.595392 0.595236
    outer loop
      vertex 81.990140 81.990140 95.158993
      vertex 88.190670 88.190670 83.335535
      vertex 79.121811 96.410205 83.335535
    endloop
  endfacet
  facet normal 0.539632 0.595392 0.595236
    outer loop
      vertex 81.990140 81.990140 95.158993
      vertex 79.121811 96.410205 83.335535
      vertex 73.558896 89.631774 95.158993
    endloop
  endfacet
  facet normal 0.478675 0.645418 0.595236
    outer loop
      vertex 73.558896 89.631774 95.158993
      vertex 79.121811 96.410205 83.335535
      vertex 69.290965 103.701257 83.335535
    endloop
  endfacet
  facet normal 0.478675 0.645418 0.595236
    outer loop
      vertex 73.558896 89.631774 95.158993
      vertex 69.290965 103.701257 83.335535
      vertex 64.419240 96.410205 95.158993
    endloop
  endfacet
  facet normal 0.413108 0.689229 0.595236
    outer loop
      vertex 64.419240 96.410205 95.158993
      vertex 69.290965 103.701257 83.335535
      vertex 58.792809 109.993610 83.335535
    endloop
  endfacet
  facet normal 0.413108 0.689229 0.595236
    outer loop
      vertex 64.419240 96.410205 95.158993
      vertex 58.792809 109.993610 83.335535
      vertex 54.659191 102.260153 95.158993
    endloop
  endfacet
  facet normal 0.343562 0.726401 0.595236
    outer loop
      vertex 54.659191 102.260153 95.158993
      vertex 58.792809 109.993610 83.335535
      vertex 47.728447 115.226664 83.335535
    endloop
  endfacet
  facet normal 0.343562 0.726401 0.595236
    outer loop
      vertex 54.659191 102.260153 95.158993
      vertex 47.728447 115.226664 83.335535
      vertex 44.372744 107.125280 95.158993
    endloop
  endfacet
  facet normal 0.270708 0.756579 0.595236
    outer loop
      vertex 44.372744 107.125280 95.158993
      vertex 47.728447 115.226664 83.335535
      vertex 36.204433 119.350021 83.335535
    endloop
  endfacet
  facet normal 0.270708 0.756579 0.595236
    outer loop
      vertex 44.372744 107.125280 95.158993
      vertex 36.204433 119.350021 83.335535
      vertex 33.658963 110.958732 95.158993
    endloop
  endfacet
  facet normal 0.195247 0.779469 0.595236
    outer loop
      vertex 33.658963 110.958732 95.158993
      vertex 36.204433 119.350021 83.335535
      vertex 24.331751 122.323974 83.335535
    endloop
  endfacet
  facet normal 0.195247 0.779469 0.595236
    outer loop
      vertex 33.658963 110.958732 95.158993
      vertex 24.331751 122.323974 83.335535
      vertex 22.621029 113.723591 95.158993
    endloop
  endfacet
  facet normal 0.117905 0.794854 0.595236
    outer loop
      vertex 22.621029 113.723591 95.158993
      vertex 24.331751 122.323974 83.335535
      vertex 12.224741 124.119879 83.335535
    endloop
  endfacet
  facet normal 0.117905 0.794854 0.595236
    outer loop
      vertex 22.621029 113.723591 95.158993
      vertex 12.224741 124.119879 83.335535
      vertex 11.365241 115.393230 95.158993
    endloop
  endfacet
  facet normal 0.039428 0.802583 0.595236
    outer loop
      vertex 11.365241 115.393230 95.158993
      vertex 12.224741 124.119879 83.335535
      vertex 0.000000 124.720442 83.335535
    endloop
  endfacet
  facet normal 0.039428 0.802583 0.595236
    outer loop
      vertex 11.365241 115.393230 95.158993
      vertex 0.000000 124.720442 83.335535
      vertex 0.000000 115.951568 95.158993
    endloop
  endfacet
  facet normal -0.039428 0.802583 0.595236
    outer loop
      vertex 0.000000 115.951568 95.158993
      vertex 0.000000 124.720442 83.335535
      vertex -12.224741 124.119879 83.335535
    endloop
  endfacet
  facet normal -0.039428 0.802583 0.595236
    outer loop
      vertex 0.000000 115.951568 95.158993
      vertex -12.224741 124.119879 83.335535
      vertex -11.365241 115.393230 95.158993
    endloop
  endfacet
  facet normal -0.117905 0.794854 0.595236
    outer loop
      vertex -11.365241 115.393230 95.158993
      vertex -12.224741 124.119879 83.335535
      vertex -24.331751 122.323974 83.335535
    endloop
  endfacet
  facet normal -0.117905 0.794854 0.595236
    outer loop
      vertex -11.365241 115.393230 95.158993
      vertex -24.331751 122.323974 83.335535
      vertex -22.621029 113.723591 95.158993
    endloop
  endfacet
  facet normal -0.195247 0.779469 0.595236
    outer loop
      vertex -22.621029 113.723591 95.158993
      vertex -24.331751 122.323974 83.335535
      vertex -36.204433 119.350021 83.335535
    endloop
  endfacet
  facet normal -0.195247 0.779469 0.595236
    outer loop
      vertex -22.621029 113.723591 95.158993
      vertex -36.204433 119.350021 83.335535
      vertex -33.658963 110.958732 95.158993
    endloop
  endfacet
  facet normal -0.270708 0.756579 0.595236
    outer loop
      vertex -33.658963 110.958732 95.158993
      vertex -36.204433 119.350021 83.335535
      vertex -47.728447 115.226664 83.335535
    endloop
  endfacet
  facet normal -0.270708 0.756579 0.595236
    outer loop
      vertex -33.658963 110.958732 95.158993
      vertex -47.728447 115.226664 83.335535
      vertex -44.372744 107.125280 95.158993
    endloop
  endfacet
  facet normal -0.343562 0.726401 0.595236
    outer loop
      vertex -44.372744 107.125280 95.158993
      vertex -47.728447 115.226664 83.335535
      vertex -58.792809 109.993610 83.335535
    endloop
  endfacet
  facet normal -0.343562 0.726401 0.595236
    outer loop
      vertex -44.372744 107.125280 95.158993
      vertex -58.792809 109.993610 83.335535
      vertex -54.659191 102.260153 95.158993
    endloop
  endfacet
  facet normal -0.413108 0.689229 0.595236
    outer loop
      vertex -54.659191 102.260153 95.158993
      vertex -58.792809 109.993610 83.335535
      vertex -69.290965 103.701257 83.335535
    endloop
  endfacet
  facet normal -0.413108 0.689229 0.595236
    outer loop
      vertex -54.659191 102.260153 95.158993
      vertex -69.290965 103.701257 83.335535
      vertex -64.419240 96.410205 95.158993
    endloop
  endfacet
  facet normal -0.478675 0.645418 0.595236
    outer loop
      vertex -64.419240 96.410205 95.158993
      vertex -69.290965 103.701257 83.335535
      vertex -79.121811 96.410205 83.335535
    endloop
  endfacet
  facet normal -0.478675 0.645418 0.595236
    outer loop
      vertex -64.419240 96.410205 95.158993
      vertex -79.121811 96.410205 83.335535
      vertex -73.558896 89.631774 95.158993
    endloop
  endfacet
  facet normal -0.539632 0.595392 0.595236
    outer loop
      vertex -73.558896 89.631774 95.158993
      vertex -79.121811 96.410205 83.335535
      vertex -88.190670 88.190670 83.335535
    endloop
  endfacet
  facet normal -0.539632 0.595392 0.595236
    outer loop
      vertex -73.558896 89.631774 95.158993
      vertex -88.190670 88.190670 83.335535
      vertex -81.990140 81.990140 95.158993
    endloop
  endfacet
  facet normal -0.595392 0.539632 0.595236
    outer loop
      vertex -81.990140 81.990140 95.158993
      vertex -88.190670 88.190670 83.335535
      vertex -96.410205 79.121811 83.335535
    endloop
  endfacet
  facet normal -0.595392 0.539632 0.595236
    outer loop
      vertex -81.990140 81.990140 95.158993
      vertex -96.410205 79.121811 83.335535
      vertex -89.631774 73.558896 95.158993
    endloop
  endfacet
  facet normal -0.645418 0.478675 0.595236
    outer loop
      vertex -89.631774 73.558896 95.158993
      vertex -96.410205 79.121811 83.335535
      vertex -103.701257 69.290965 83.335535
    endloop
  endfacet
  facet normal -0.645418 0.478675 0.595236
    outer loop
      vertex -89.631774 73.558896 95.158993
      vertex -103.701257 69.290965 83.335535
      vertex -96.410205 64.419240 95.158993
    endloop
  endfacet
  facet normal -0.689229 0.413108 0.595236
    outer loop
      vertex -96.410205 64.419240 95.158993
      vertex -103.701257 69.290965 83.335535
      vertex -109.993610 58.792809 83.335535
    endloop
  endfacet
  facet normal -0.689229 0.413108 0.595236
    outer loop
      vertex -96.410205 64.419240 95.158993
      vertex -109.993610 58.792809 83.335535
      vertex -102.260153 54.659191 95.158993
    endloop
  endfacet
  facet normal -0.726401 0.343562 0.595236
    outer loop
      vertex -102.260153 54.659191 95.158993
      vertex -109.993610 58.792809 83.335535
      vertex -115.226664 47.728447 83.335535
    endloop
  endfacet
  facet normal -0.726401 0.343562 0.595236
    outer loop
      vertex -102.260153 54.659191 95.158993
      vertex -115.226664 47.728447 83.335535
      vertex -107.125280 44.372744 95.158993
    endloop
  endfacet
  facet normal -0.756579 0.270708 0.595236
    outer loop
      vertex -107.125280 44.372744 95.158993
      vertex -115.226664 47.728447 83.335535
      vertex -119.350021 36.204433 83.335535
    endloop
  endfacet
  facet normal -0.756579 0.270708 0.595236
    outer loop
      vertex -107.125280 44.372744 95.158993
      vertex -119.350021 36.204433 83.335535
      vertex -110.958732 33.658963 95.158993
    endloop
  endfacet
  facet normal -0.779469 0.195247 0.595236
    outer loop
      vertex -110.958732 33.658963 95.158993
      vertex -119.350021 36.204433 83.335535
      vertex -122.323974 24.331751 83.335535
    endloop
  endfacet
  facet normal -0.779469 0.195247 0.595236
    outer loop
      vertex -110.958732 33.658963 95.158993
      vertex -122.323974 24.331751 83.335535
      vertex -113.723591 22.621029 95.158993
    endloop
  endfacet
  facet normal -0.794854 0.117905 0.595236
    outer loop
      vertex -113.723591 22.621029 95.158993
      vertex -122.323974 24.331751 83.335535
      vertex -124.119879 12.224741 83.335535
    endloop
  endfacet
  facet normal -0.794854 0.117905 0.595236
    outer loop
      vertex -113.723591 22.621029 95.158993
      vertex -124.119879 12.224741 83.335535
      vertex -115.393230 11.365241 95.158993
    endloop
  endfacet
  facet normal -0.802583 0.039428 0.595236
    outer loop
      vertex -115.393230 11.365241 95.158993
      vertex -124.119879 12.224741 83.335535
      vertex -124.720442 0.000000 83.335535
    endloop
  endfacet
  facet normal -0.802583 0.039428 0.595236
    outer loop
      vertex -115.393230 11.365241 95.158993
      vertex -124.720442 0.000000 83.335535
      vertex -115.951568 0.000000 95.158993
    endloop
  endfacet
  facet normal -0.802583 -0.039428 0.595236
    outer loop
      vertex -115.951568 0.000000 95.158993
      vertex -124.720442 0.000000 83.335535
      vertex -124.119879 -12.224741 83.335535
    endloop
  endfacet
  facet normal -0.802583 -0.039428 0.595236
    outer loop
      vertex -115.951568 0.000000 95.158993
      vertex -124.119879 -12.224741 83.335535
      vertex -115.393230 -11.365241 95.158993
    endloop
  endfacet
  facet normal -0.794854 -0.117905 0.595236
    outer loop
      vertex -115.393230 -11.365241 95.158993
      vertex -124.119879 -12.224741 83.335535
      vertex -122.323974 -24.331751 83.335535
    endloop
  endfacet
  facet normal -0.794854 -0.117905 0.595236
    outer loop
      vertex -115.393230 -11.365241 95.158993
      vertex -122.323974 -24.331751 83.335535
      vertex -113.723591 -22.621029 95.158993
    endloop
  endfacet
  facet normal -0.779469 -0.195247 0.595236
    outer loop
      vertex -113.723591 -22.621029 95.158993
      vertex -122.323974 -24.331751 83.335535
      vertex -119.350021 -36.204433 83.335535
    endloop
  endfacet
  facet normal -0.779469 -0.195247 0.595236
    outer loop
      vertex -113.723591 -22.621029 95.158993
      vertex -119.350021 -36.204433 83.335535
      vertex -110.958732 -33.658963 95.158993
    endloop
  endfacet
  facet normal -0.756579 -0.270708 0.595236
    outer loop
      vertex -110.958732 -33.658963 95.158993
      vertex -119.350021 -36.204433 83.335535
      vertex -115.226664 -47.728447 83.335535
    endloop
  endfacet
  facet normal -0.756579 -0.270708 0.595236
    outer loop
      vertex -110.958732 -33.658963 95.158993
      vertex -115.226664 -47.728447 83.335535
      vertex -107.125280 -44.372744 95.158993
    endloop
  endfacet
  facet normal -0.726401 -0.343562 0.595236
    outer loop
      vertex -107.125280 -44.372744 95.158993
      vertex -115.226664 -47.728447 83.335535
      vertex -109.993610 -58.792809 83.335535
    endloop
  endfacet
  facet normal -0.726401 -0.343562 0.595236
    outer loop
      vertex -107.125280 -44.372744 95.158993
      vertex -109.993610 -58.792809 83.335535
      vertex -102.260153 -54.659191 95.158993
    endloop
  endfacet
  facet normal -0.689229 -0.413108 0.595236
    outer loop
      vertex -102.260153 -54.659191 95.158993
      vertex -109.993610 -58.792809 83.335535
      vertex -103.701257 -69.290965 83.335535
    endloop
  endfacet
  facet normal -0.689229 -0.413108 0.595236
    outer loop
      vertex -102.260153 -54.659191 95.158993
      vertex -103.701257 -69.290965 83.335535
      vertex -96.410205 -64.419240 95.158993
    endloop
  endfacet
  facet normal -0.645418 -0.478675 0.595236
    outer loop
      vertex -96.410205 -64.419240 95.158993
      vertex -103.701257 -69.290965 83.335535
      vertex -96.410205 -79.121811 83.335535
    endloop
  endfacet
  facet normal -0.645418 -0.478675 0.595236
    outer loop
      vertex -96.410205 -64.419240 95.158993
      vertex -96.410205 -79.121811 83.335535
      vertex -89.631774 -73.558896 95.158993
    endloop
  endfacet
  facet normal -0.595392 -0.539632 0.595236
    outer loop
      vertex -89.631774 -73.558896 95.158993
      vertex -96.410205 -79.121811 83.335535
      vertex -88.190670 -88.190670 83.335535
    endloop
  endfacet
  facet normal -0.595392 -0.539632 0.595236
    outer loop
      vertex -89.631774 -73.558896 95.158993
      vertex -88.190670 -88.190670 83.335535
      vertex -81.990140 -81.990140 95.158993
    endloop
  endfacet
  facet normal -0.539632 -0.595392 0.595236
    outer loop
      vertex -81.990140 -81.990140 95.158993
      vertex -88.190670 -88.190670 83.335535
      vertex -79.121811 -96.410205 83.335535
    endloop
  endfacet
  facet normal -0.539632 -0.595392 0.595236
    outer loop
      vertex -81.990140 -81.990140 95.158993
      vertex -79.121811 -96.410205 83.335535
      vertex -73.558896 -89.631774 95.158993
    endloop
  endfacet
  facet normal -0.478675 -0.645418 0.595236
    outer loop
      vertex -73.558896 -89.631774 95.158993
      vertex -79.121811 -96.410205 83.335535
      vertex -69.290965 -103.701257 83.335535
    endloop
  endfacet
  facet normal -0.478675 -0.645418 0.595236
    outer loop
      vertex -73.558896 -89.631774 95.158993
      vertex -69.290965 -103.701257 83.335535
      vertex -64.419240 -96.410205 95.158993
    endloop
  endfacet
  facet normal -0.413108 -0.689229 0.595236
    outer loop
      vertex -64.419240 -96.410205 95.158993
      vertex -69.290965 -103.701257 83.335535
      vertex -58.792809 -109.993610 83.335535
    endloop
  endfacet
  facet normal -0.413108 -0.689229 0.595236
    outer loop
      vertex -64.419240 -96.410205 95.158993
      vertex -58.792809 -109.993610 83.335535
      vertex -54.659191 -102.260153 95.158993
    endloop
  endfacet
  facet normal -0.343562 -0.726401 0.595236
    outer loop
      vertex -54.659191 -102.260153 95.158993
      vertex -58.792809 -109.993610 83.335535
      vertex -47.728447 -115.226664 83.335535
    endloop
  endfacet
  facet normal -0.343562 -0.726401 0.595236
    outer loop
      vertex -54.659191 -102.260153 95.158993
      vertex -47.728447 -115.226664 83.335535
      vertex -44.372744 -107.125280 95.158993
    endloop
  endfacet
  facet normal -0.270708 -0.756579 0.595236
    outer loop
      vertex -44.372744 -107.125280 95.158993
      vertex -47.728447 -115.226664 83.335535
      vertex -36.204433 -119.350021 83.335535
    endloop
  endfacet
  facet normal -0.270708 -0.756579 0.595236
    outer loop
      vertex -44.372744 -107.125280 95.158993
      vertex -36.204433 -119.350021 83.335535
      vertex -33.658963 -110.958732 95.158993
    endloop
  endfacet
  facet normal -0.195247 -0.779469 0.595236
    outer loop
      vertex -33.658963 -110.958732 95.158993
      vertex -36.204433 -119.350021 83.335535
      vertex -24.331751 -122.323974 83.335535
    endloop
  endfacet
  facet normal -0.195247 -0.779469 0.595236
    outer loop
      vertex -33.658963 -110.958732 95.158993
      vertex -24.331751 -122.323974 83.335535
      vertex -22.621029 -113.723591 95.158993
    endloop
  endfacet
  facet normal -0.117905 -0.794854 0.595236
    outer loop
      vertex -22.621029 -113.723591 95.158993
      vertex -24.331751 -122.323974 83.335535
      vertex -12.224741 -124.119879 83.335535
    endloop
  endfacet
  facet normal -0.117905 -0.794854 0.595236
    outer loop
      vertex -22.621029 -113.723591 95.158993
      vertex -12.224741 -124.119879 83.335535
      vertex -11.365241 -115.393230 95.158993
    endloop
  endfacet
  facet normal -0.039428 -0.802583 0.595236
    outer loop
      vertex -11.365241 -115.393230 95.158993
      vertex -12.224741 -124.119879 83.335535
      vertex -0.000000 -124.720442 83.335535
    endloop
  endfacet
  facet normal -0.039428 -0.802583 0.595236
    outer loop
      vertex -11.365241 -115.393230 95.158993
      vertex -0.000000 -124.720442 83.335535
      vertex -0.000000 -115.951568 95.158993
    endloop
  endfacet
  facet normal 0.039428 -0.802583 0.595236
    outer loop
      vertex -0.000000 -115.951568 95.158993
      vertex -0.000000 -124.720442 83.335535
      vertex 12.224741 -124.119879 83.335535
    endloop
  endfacet
  facet normal 0.039428 -0.802583 0.595236
    outer loop
      vertex -0.000000 -115.951568 95.158993
      vertex 12.224741 -124.119879 83.335535
      vertex 11.365241 -115.393230 95.158993
    endloop
  endfacet
  facet normal 0.117905 -0.794854 0.595236
    outer loop
      vertex 11.365241 -115.393230 95.158993
      vertex 12.224741 -124.119879 83.335535
      vertex 24.331751 -122.323974 83.335535
    endloop
  endfacet
  facet normal 0.117905 -0.794854 0.595236
    outer loop
      vertex 11.365241 -115.393230 95.158993
      vertex 24.331751 -122.323974 83.335535
      vertex 22.621029 -113.723591 95.158993
    endloop
  endfacet
  facet normal 0.195247 -0.779469 0.595236
    outer loop
      vertex 22.621029 -113.723591 95.158993
      vertex 24.331751 -122.323974 83.335535
      vertex 36.204433 -119.350021 83.335535
    endloop
  endfacet
  facet normal 0.195247 -0.779469 0.595236
    outer loop
      vertex 22.621029 -113.723591 95.158993
      vertex 36.204433 -119.350021 83.335535
      vertex 33.658963 -110.958732 95.158993
    endloop
  endfacet
  facet normal 0.270708 -0.756579 0.595236
    outer loop
      vertex 33.658963 -110.958732 95.158993
      vertex 36.204433 -119.350021 83.335535
      vertex 47.728447 -115.226664 83.335535
    endloop
  endfacet
  facet normal 0.270708 -0.756579 0.595236
    outer loop
      vertex 33.658963 -110.958732 95.158993
      vertex 47.728447 -115.226664 83.335535
      vertex 44.372744 -107.125280 95.158993
    endloop
  endfacet
  facet normal 0.343562 -0.726401 0.595236
    outer loop
      vertex 44.372744 -107.125280 95.158993
      vertex 47.728447 -115.226664 83.335535
      vertex 58.792809 -109.993610 83.335535
    endloop
  endfacet
  facet normal 0.343562 -0.726401 0.595236
    outer loop
      vertex 44.372744 -107.125280 95.158993
      vertex 58.792809 -109.993610 83.335535
      vertex 54.659191 -102.260153 95.158993
    endloop
  endfacet
  facet normal 0.413108 -0.689229 0.595236
    outer loop
      vertex 54.659191 -102.260153 95.158993
      vertex 58.792809 -109.993610 83.335535
      vertex 69.290965 -103.701257 83.335535
    endloop
  endfacet
  facet normal 0.413108 -0.689229 0.595236
    outer loop
      vertex 54.659191 -102.260153 95.158993
      vertex 69.290965 -103.701257 83.335535
      vertex 64.419240 -96.410205 95.158993
    endloop
  endfacet
  facet normal 0.478675 -0.645418 0.595236
    outer loop
      vertex 64.419240 -96.410205 95.158993
      vertex 69.290965 -103.701257 83.335535
      vertex 79.121811 -96.410205 83.335535
    endloop
  endfacet
  facet normal 0.478675 -0.645418 0.595236
    outer loop
      vertex 64.419240 -96.410205 95.158993
      vertex 79.121811 -96.410205 83.335535
      vertex 73.558896 -89.631774 95.158993
    endloop
  endfacet
  facet normal 0.539632 -0.595392 0.595236
    outer loop
      vertex 73.558896 -89.631774 95.158993
      vertex 79.121811 -96.410205 83.335535
      vertex 88.190670 -88.190670 83.335535
    endloop
  endfacet
  facet normal 0.539632 -0.595392 0.595236
    outer loop
      vertex 73.558896 -89.631774 95.158993
      vertex 88.190670 -88.190670 83.335535
      vertex 81.990140 -81.990140 95.158993
    endloop
  endfacet
  facet normal 0.595392 -0.539632 0.595236
    outer loop
      vertex 81.990140 -81.990140 95.158993
      vertex 88.190670 -88.190670 83.335535
      vertex 96.410205 -79.121811 83.335535
    endloop
  endfacet
  facet normal 0.595392 -0.539632 0.595236
    outer loop
      vertex 81.990140 -81.990140 95.158993
      vertex 96.410205 -79.121811 83.335535
      vertex 89.631774 -73.558896 95.158993
    endloop
  endfacet
  facet normal 0.645418 -0.478675 0.595236
    outer loop
      vertex 89.631774 -73.558896 95.158993
      vertex 96.410205 -79.121811 83.335535
      vertex 103.701257 -69.290965 83.335535
    endloop
  endfacet
  facet normal 0.645418 -0.478675 0.595236
    outer loop
      vertex 89.631774 -73.558896 95.158993
      vertex 103.701257 -69.290965 83.335535
      vertex 96.410205 -64.419240 95.158993
    endloop
  endfacet
  facet normal 0.689229 -0.413108 0.595236
    outer loop
      vertex 96.410205 -64.419240 95.158993
      vertex 103.701257 -69.290965 83.335535
      vertex 109.993610 -58.792809 83.335535
    endloop
  endfacet
  facet normal 0.689229 -0.413108 0.595236
    outer loop
      vertex 96.410205 -64.419240 95.158993
      vertex 109.993610 -58.792809 83.335535
      vertex 102.260153 -54.659191 95.158993
    endloop
  endfacet
  facet normal 0.726401 -0.343562 0.595236
    outer loop
      vertex 102.260153 -54.659191 95.158993
      vertex 109.993610 -58.792809 83.335535
      vertex 115.226664 -47.728447 83.335535
    endloop
  endfacet
  facet normal 0.726401 -0.343562 0.595236
    outer loop
      vertex 102.260153 -54.659191 95.158993
      vertex 115.226664 -47.728447 83.335535
      vertex 107.125280 -44.372744 95.158993
    endloop
  endfacet
  facet normal 0.756579 -0.270708 0.595236
    outer loop
      vertex 107.125280 -44.372744 95.158993
      vertex 115.226664 -47.728447 83.335535
      vertex 119.350021 -36.204433 83.335535
    endloop
  endfacet
  facet normal 0.756579 -0.270708 0.595236
    outer loop
      vertex 107.125280 -44.372744 95.158993
      vertex 119.350021 -36.204433 83.335535
      vertex 110.958732 -33.658963 95.158993
    endloop
  endfacet
  facet normal 0.779469 -0.195247 0.595236
    outer loop
      vertex 110.958732 -33.658963 95.158993
      vertex 119.350021 -36.204433 83.335535
      vertex 122.323974 -24.331751 83.335535
    endloop
  endfacet
  facet normal 0.779469 -0.195247 0.595236
    outer loop
      vertex 110.958732 -33.658963 95.158993
      vertex 122.323974 -24.331751 83.335535
      vertex 113.723591 -22.621029 95.158993
    endloop
  endfacet
  facet normal 0.794854 -0.117905 0.595236
    outer loop
      vertex 113.723591 -22.621029 95.158993
      vertex 122.323974 -24.331751 83.335535
      vertex 124.119879 -12.224741 83.335535
    endloop
  endfacet
  facet normal 0.794854 -0.117905 0.595236
    outer loop
      vertex 113.723591 -22.621029 95.158993
      vertex 124.119879 -12.224741 83.335535
      vertex 115.393230 -11.365241 95.158993
    endloop
  endfacet
  facet normal 0.802583 -0.039428 0.595236
    outer loop
      vertex 115.393230 -11.365241 95.158993
      vertex 124.119879 -12.224741 83.335535
      vertex 124.720442 -0.000000 83.335535
    endloop
  endfacet
  facet normal 0.802583 -0.039428 0.595236
    outer loop
      vertex 115.393230 -11.365241 95.158993
      vertex 124.720442 -0.000000 83.335535
      vertex 115.951568 -0.000000 95.158993
    endloop
  endfacet
  facet normal 0.856968 0.042100 0.513647
    outer loop
      vertex 124.720442 0.000000 83.335535
      vertex 132.288190 0.000000 70.709511
      vertex 131.651186 12.966510 70.709511
    endloop
  endfacet
  facet normal 0.856968 0.042100 0.513647
    outer loop
      vertex 124.720442 0.000000 83.335535
      vertex 131.651186 12.966510 70.709511
      vertex 124.119879 12.224741 83.335535
    endloop
  endfacet
  facet normal 0.848715 0.125895 0.513647
    outer loop
      vertex 124.119879 12.224741 83.335535
      vertex 131.651186 12.966510 70.709511
      vertex 129.746309 25.808146 70.709511
    endloop
  endfacet
  facet normal 0.848715 0.125895 0.513647
    outer loop
      vertex 124.119879 12.224741 83.335535
      vertex 129.746309 25.808146 70.709511
      vertex 122.323974 24.331751 83.335535
    endloop
  endfacet
  facet normal 0.832288 0.208477 0.513647
    outer loop
      vertex 122.323974 24.331751 83.335535
      vertex 129.746309 25.808146 70.709511
      vertex 126.591905 38.401234 70.709511
    endloop
  endfacet
  facet normal 0.832288 0.208477 0.513647
    outer loop
      vertex 122.323974 24.331751 83.335535
      vertex 126.591905 38.401234 70.709511
      vertex 119.350021 36.204433 83.335535
    endloop
  endfacet
  facet normal 0.807846 0.289052 0.513647
    outer loop
      vertex 119.350021 36.204433 83.335535
      vertex 126.591905 38.401234 70.709511
      vertex 122.218351 50.624498 70.709511
    endloop
  endfacet
  facet normal 0.807846 0.289052 0.513647
    outer loop
      vertex 119.350021 36.204433 83.335535
      vertex 122.218351 50.624498 70.709511
      vertex 115.226664 47.728447 83.335535
    endloop
  endfacet
  facet normal 0.775624 0.366843 0.513647
    outer loop
      vertex 115.226664 47.728447 83.335535
      vertex 122.218351 50.624498 70.709511
      vertex 116.667767 62.360221 70.709511
    endloop
  endfacet
  facet normal 0.775624 0.366843 0.513647
    outer loop
      vertex 115.226664 47.728447 83.335535
      vertex 116.667767 62.360221 70.709511
      vertex 109.993610 58.792809 83.335535
    endloop
  endfacet
  facet normal 0.735933 0.441101 0.513647
    outer loop
      vertex 109.993610 58.792809 83.335535
      vertex 116.667767 62.360221 70.709511
      vertex 109.993610 73.495380 70.709511
    endloop
  endfacet
  facet normal 0.735933 0.441101 0.513647
    outer loop
      vertex 109.993610 58.792809 83.335535
      vertex 109.993610 73.495380 70.709511
      vertex 103.701257 69.290965 83.335535
    endloop
  endfacet
  facet normal 0.689153 0.511111 0.513647
    outer loop
      vertex 103.701257 69.290965 83.335535
      vertex 109.993610 73.495380 70.709511
      vertex 102.260153 83.922739 70.709511
    endloop
  endfacet
  facet normal 0.689153 0.511111 0.513647
    outer loop
      vertex 103.701257 69.290965 83.335535
      vertex 102.260153 83.922739 70.709511
      vertex 96.410205 79.121811 83.335535
    endloop
  endfacet
  facet normal 0.635737 0.576199 0.513647
    outer loop
      vertex 96.410205 79.121811 83.335535
      vertex 102.260153 83.922739 70.709511
      vertex 93.541876 93.541876 70.709511
    endloop
  endfacet
  facet normal 0.635737 0.576199 0.513647
    outer loop
      vertex 96.410205 79.121811 83.335535
      vertex 93.541876 93.541876 70.709511
      vertex 88.190670 88.190670 83.335535
    endloop
  endfacet
  facet normal 0.576199 0.635737 0.513647
    outer loop
      vertex 88.190670 88.190670 83.335535
      vertex 93.541876 93.541876 70.709511
      vertex 83.922739 102.260153 70.709511
    endloop
  endfacet
  facet normal 0.576199 0.635737 0.513647
    outer loop
      vertex 88.190670 88.190670 83.335535
      vertex 83.922739 102.260153 70.709511
      vertex 79.121811 96.410205 83.335535
    endloop
  endfacet
  facet normal 0.511111 0.689153 0.513647
    outer loop
      vertex 79.121811 96.410205 83.335535
      vertex 83.922739 102.260153 70.709511
      vertex 73.495380 109.993610 70.709511
    endloop
  endfacet
  facet normal 0.511111 0.689153 0.513647
    outer loop
      vertex 79.121811 96.410205 83.335535
      vertex 73.495380 109.993610 70.709511
      vertex 69.290965 103.701257 83.335535
    endloop
  endfacet
  facet normal 0.441101 0.735933 0.513647
    outer loop
      vertex 69.290965 103.701257 83.335535
      vertex 73.495380 109.993610 70.709511
      vertex 62.360221 116.667767 70.709511
    endloop
  endfacet
  facet normal 0.441101 0.735933 0.513647
    outer loop
      vertex 69.290965 103.701257 83.335535
      vertex 62.360221 116.667767 70.709511
      vertex 58.792809 109.993610 83.335535
    endloop
  endfacet
  facet normal 0.366843 0.775624 0.513647
    outer loop
      vertex 58.792809 109.993610 83.335535
      vertex 62.360221 116.667767 70.709511
      vertex 50.624498 122.218351 70.709511
    endloop
  endfacet
  facet normal 0.366843 0.775624 0.513647
    outer loop
      vertex 58.792809 109.993610 83.335535
      vertex 50.624498 122.218351 70.709511
      vertex 47.728447 115.226664 83.335535
    endloop
  endfacet
  facet normal 0.289052 0.807846 0.513647
    outer loop
      vertex 47.728447 115.226664 83.335535
      vertex 50.624498 122.218351 70.709511
      vertex 38.401234 126.591905 70.709511
    endloop
  endfacet
  facet normal 0.289052 0.807846 0.513647
    outer loop
      vertex 47.728447 115.226664 83.335535
      vertex 38.401234 126.591905 70.709511
      vertex 36.204433 119.350021 83.335535
    endloop
  endfacet
  facet normal 0.208477 0.832288 0.513647
    outer loop
      vertex 36.204433 119.350021 83.335535
      vertex 38.401234 126.591905 70.709511
      vertex 25.808146 129.746309 70.709511
    endloop
  endfacet
  facet normal 0.208477 0.832288 0.513647
    outer loop
      vertex 36.204433 119.350021 83.335535
      vertex 25.808146 129.746309 70.709511
      vertex 24.331751 122.323974 83.335535
    endloop
  endfacet
  facet normal 0.125895 0.848715 0.513647
    outer loop
      vertex 24.331751 122.323974 83.335535
      vertex 25.808146 129.746309 70.709511
      vertex 12.966510 131.651186 70.709511
    endloop
  endfacet
  facet normal 0.125895 0.848715 0.513647
    outer loop
      vertex 24.331751 122.323974 83.335535
      vertex 12.966510 131.651186 70.709511
      vertex 12.224741 124.119879 83.335535
    endloop
  endfacet
  facet normal 0.042100 0.856968 0.513647
    outer loop
      vertex 12.224741 124.119879 83.335535
      vertex 12.966510 131.651186 70.709511
      vertex 0.000000 132.288190 70.709511
    endloop
  endfacet
  facet normal 0.042100 0.856968 0.513647
    outer loop
      vertex 12.224741 124.119879 83.335535
      vertex 0.000000 132.288190 70.709511
      vertex 0.000000 124.720442 83.335535
    endloop
  endfacet
  facet normal -0.042100 0.856968 0.513647
    outer loop
      vertex 0.000000 124.720442 83.335535
      vertex 0.000000 132.288190 70.709511
      vertex -12.966510 131.651186 70.709511
    endloop
  endfacet
  facet normal -0.042100 0.856968 0.513647
    outer loop
      vertex 0.000000 124.720442 83.335535
      vertex -12.966510 131.651186 70.709511
      vertex -12.224741 124.119879 83.335535
    endloop
  endfacet
  facet normal -0.125895 0.848715 0.513647
    outer loop
      vertex -12.224741 124.119879 83.335535
      vertex -12.966510 131.651186 70.709511
      vertex -25.808146 129.746309 70.709511
    endloop
  endfacet
  facet normal -0.125895 0.848715 0.513647
    outer loop
      vertex -12.224741 124.119879 83.335535
      vertex -25.808146 129.746309 70.709511
      vertex -24.331751 122.323974 83.335535
    endloop
  endfacet
  facet normal -0.208477 0.832288 0.513647
    outer loop
      vertex -24.331751 122.323974 83.335535
      vertex -25.808146 129.746309 70.709511
      vertex -38.401234 126.591905 70.709511
    endloop
  endfacet
  facet normal -0.208477 0.832288 0.513647
    outer loop
      vertex -24.331751 122.323974 83.335535
      vertex -38.401234 126.591905 70.709511
      vertex -36.204433 119.350021 83.335535
    endloop
  endfacet
  facet normal -0.289052 0.807846 0.513647
    outer loop
      vertex -36.204433 119.350021 83.335535
      vertex -38.401234 126.591905 70.709511
      vertex -50.624498 122.218351 70.709511
    endloop
  endfacet
  facet normal -0.289052 0.807846 0.513647
    outer loop
      vertex -36.204433 119.350021 83.335535
      vertex -50.624498 122.218351 70.709511
      vertex -47.728447 115.226664 83.335535
    endloop
  endfacet
  facet normal -0.366843 0.775624 0.513647
    outer loop
      vertex -47.728447 115.226664 83.335535
      vertex -50.624498 122.218351 70.709511
      vertex -62.360221 116.667767 70.709511
    endloop
  endfacet
  facet normal -0.366843 0.775624 0.513647
    outer loop
      vertex -47.728447 115.226664 83.335535
      vertex -62.360221 116.667767 70.709511
      vertex -58.792809 109.993610 83.335535
    endloop
  endfacet
  facet normal -0.441101 0.735933 0.513647
    outer loop
      vertex -58.792809 109.993610 83.335535
      vertex -62.360221 116.667767 70.709511
      vertex -73.495380 109.993610 70.709511
    endloop
  endfacet
  facet normal -0.441101 0.735933 0.513647
    outer loop
      vertex -58.792809 109.993610 83.335535
      vertex -73.495380 109.993610 70.709511
      vertex -69.290965 103.701257 83.335535
    endloop
  endfacet
  facet normal -0.511111 0.689153 0.513647
    outer loop
      vertex -69.290965 103.701257 83.335535
      vertex -73.495380 109.993610 70.709511
      vertex -83.922739 102.260153 70.709511
    endloop
  endfacet
  facet normal -0.511111 0.689153 0.513647
    outer loop
      vertex -69.290965 103.701257 83.335535
      vertex -83.922739 102.260153 70.709511
      vertex -79.121811 96.410205 83.335535
    endloop
  endfacet
  facet normal -0.576199 0.635737 0.513647
    outer loop
      vertex -79.121811 96.410205 83.335535
      vertex -83.922739 102.260153 70.709511
      vertex -93.541876 93.541876 70.709511
    endloop
  endfacet
  facet normal -0.576199 0.635737 0.513647
    outer loop
      vertex -79.121811 96.410205 83.335535
      vertex -93.541876 93.541876 70.709511
      vertex -88.190670 88.190670 83.335535
    endloop
  endfacet
  facet normal -0.635737 0.576199 0.513647
    outer loop
      vertex -88.190670 88.190670 83.335535
      vertex -93.541876 93.541876 70.709511
      vertex -102.260153 83.922739 70.709511
    endloop
  endfacet
  facet normal -0.635737 0.576199 0.513647
    outer loop
      vertex -88.190670 88.190670 83.335535
      vertex -102.260153 83.922739 70.709511
      vertex -96.410205 79.121811 83.335535
    endloop
  endfacet
  facet normal -0.689153 0.511111 0.513647
    outer loop
      vertex -96.410205 79.121811 83.335535
      vertex -102.260153 83.922739 70.709511
      vertex -109.993610 73.495380 70.709511
    endloop
  endfacet
  facet normal -0.689153 0.511111 0.513647
    outer loop
      vertex -96.410205 79.121811 83.335535
      vertex -109.993610 73.495380 70.709511
      vertex -103.701257 69.290965 83.335535
    endloop
  endfacet
  facet normal -0.735933 0.441101 0.513647
    outer loop
      vertex -103.701257 69.290965 83.335535
      vertex -109.993610 73.495380 70.709511
      vertex -116.667767 62.360221 70.709511
    endloop
  endfacet
  facet normal -0.735933 0.441101 0.513647
    outer loop
      vertex -103.701257 69.290965 83.335535
      vertex -116.667767 62.360221 70.709511
      vertex -109.993610 58.792809 83.335535
    endloop
  endfacet
  facet normal -0.775624 0.366843 0.513647
    outer loop
      vertex -109.993610 58.792809 83.335535
      vertex -116.667767 62.360221 70.709511
      vertex -122.218351 50.624498 70.709511
    endloop
  endfacet
  facet normal -0.775624 0.366843 0.513647
    outer loop
      vertex -109.993610 58.792809 83.335535
      vertex -122.218351 50.624498 70.709511
      vertex -115.226664 47.728447 83.335535
    endloop
  endfacet
  facet normal -0.807846 0.289052 0.513647
    outer loop
      vertex -115.226664 47.728447 83.335535
      vertex -122.218351 50.624498 70.709511
      vertex -126.591905 38.401234 70.709511
    endloop
  endfacet
  facet normal -0.807846 0.289052 0.513647
    outer loop
      vertex -115.226664 47.728447 83.335535
      vertex -126.591905 38.401234 70.709511
      vertex -119.350021 36.204433 83.335535
    endloop
  endfacet
  facet normal -0.832288 0.208477 0.513647
    outer loop
      vertex -119.350021 36.204433 83.335535
      vertex -126.591905 38.401234 70.709511
      vertex -129.746309 25.808146 70.709511
    endloop
  endfacet
  facet normal -0.832288 0.208477 0.513647
    outer loop
      vertex -119.350021 36.204433 83.335535
      vertex -129.746309 25.808146 70.709511
      vertex -122.323974 24.331751 83.335535
    endloop
  endfacet
  facet normal -0.848715 0.125895 0.513647
    outer loop
      vertex -122.323974 24.331751 83.335535
      vertex -129.746309 25.808146 70.709511
      vertex -131.651186 12.966510 70.709511
    endloop
  endfacet
  facet normal -0.848715 0.125895 0.513647
    outer loop
      vertex -122.323974 24.331751 83.335535
      vertex -131.651186 12.966510 70.709511
      vertex -124.119879 12.224741 83.335535
    endloop
  endfacet
  facet normal -0.856968 0.042100 0.513647
    outer loop
      vertex -124.119879 12.224741 83.335535
      vertex -131.651186 12.966510 70.709511
      vertex -132.288190 0.000000 70.709511
    endloop
  endfacet
  facet normal -0.856968 0.042100 0.513647
    outer loop
      vertex -124.119879 12.224741 83.335535
      vertex -132.288190 0.000000 70.709511
      vertex -124.720442 0.000000 83.335535
    endloop
  endfacet
  facet normal -0.856968 -0.042100 0.513647
    outer loop
      vertex -124.720442 0.000000 83.335535
      vertex -132.288190 0.000000 70.709511
      vertex -131.651186 -12.966510 70.709511
    endloop
  endfacet
  facet normal -0.856968 -0.042100 0.513647
    outer loop
      vertex -124.720442 0.000000 83.335535
      vertex -131.651186 -12.966510 70.709511
      vertex -124.119879 -12.224741 83.335535
    endloop
  endfacet
  facet normal -0.848715 -0.125895 0.513647
    outer loop
      vertex -124.119879 -12.224741 83.335535
      vertex -131.651186 -12.966510 70.709511
      vertex -129.746309 -25.808146 70.709511
    endloop
  endfacet
  facet normal -0.848715 -0.125895 0.513647
    outer loop
      vertex -124.119879 -12.224741 83.335535
      vertex -129.746309 -25.808146 70.709511
      vertex -122.323974 -24.331751 83.335535
    endloop
  endfacet
  facet normal -0.832288 -0.208477 0.513647
    outer loop
      vertex -122.323974 -24.331751 83.335535
      vertex -129.746309 -25.808146 70.709511
      vertex -126.591905 -38.401234 70.709511
    endloop
  endfacet
  facet normal -0.832288 -0.208477 0.513647
    outer loop
      vertex -122.323974 -24.331751 83.335535
      vertex -126.591905 -38.401234 70.709511
      vertex -119.350021 -36.204433 83.335535
    endloop
  endfacet
  facet normal -0.807846 -0.289052 0.513647
    outer loop
      vertex -119.350021 -36.204433 83.335535
      vertex -126.591905 -38.401234 70.709511
      vertex -122.218351 -50.624498 70.709511
    endloop
  endfacet
  facet normal -0.807846 -0.289052 0.513647
    outer loop
      vertex -119.350021 -36.204433 83.335535
      vertex -122.218351 -50.624498 70.709511
      vertex -115.226664 -47.728447 83.335535
    endloop
  endfacet
  facet normal -0.775624 -0.366843 0.513647
    outer loop
      vertex -115.226664 -47.728447 83.335535
      vertex -122.218351 -50.624498 70.709511
      vertex -116.667767 -62.360221 70.709511
    endloop
  endfacet
  facet normal -0.775624 -0.366843 0.513647
    outer loop
      vertex -115.226664 -47.728447 83.335535
      vertex -116.667767 -62.360221 70.709511
      vertex -109.993610 -58.792809 83.335535
    endloop
  endfacet
  facet normal -0.735933 -0.441101 0.513647
    outer loop
      vertex -109.993610 -58.792809 83.335535
      vertex -116.667767 -62.360221 70.709511
      vertex -109.993610 -73.495380 70.709511
    endloop
  endfacet
  facet normal -0.735933 -0.441101 0.513647
    outer loop
      vertex -109.993610 -58.792809 83.335535
      vertex -109.993610 -73.495380 70.709511
      vertex -103.701257 -69.290965 83.335535
    endloop
  endfacet
  facet normal -0.689153 -0.511111 0.513647
    outer loop
      vertex -103.701257 -69.290965 83.335535
      vertex -109.993610 -73.495380 70.709511
      vertex -102.260153 -83.922739 70.709511
    endloop
  endfacet
  facet normal -0.689153 -0.511111 0.513647
    outer loop
      vertex -103.701257 -69.290965 83.335535
      vertex -102.260153 -83.922739 70.709511
      vertex -96.410205 -79.121811 83.335535
    endloop
  endfacet
  facet normal -0.635737 -0.576199 0.513647
    outer loop
      vertex -96.410205 -79.121811 83.335535
      vertex -102.260153 -83.922739 70.709511
      vertex -93.541876 -93.541876 70.709511
    endloop
  endfacet
  facet normal -0.635737 -0.576199 0.513647
    outer loop
      vertex -96.410205 -79.121811 83.335535
      vertex -93.541876 -93.541876 70.709511
      vertex -88.190670 -88.190670 83.335535
    endloop
  endfacet
  facet normal -0.576199 -0.635737 0.513647
    outer loop
      vertex -88.190670 -88.190670 83.335535
      vertex -93.541876 -93.541876 70.709511
      vertex -83.922739 -102.260153 70.709511
    endloop
  endfacet
  facet normal -0.576199 -0.635737 0.513647
    outer loop
      vertex -88.190670 -88.190670 83.335535
      vertex -83.922739 -102.260153 70.709511
      vertex -79.121811 -96.410205 83.335535
    endloop
  endfacet
  facet normal -0.511111 -0.689153 0.513647
    outer loop
      vertex -79.121811 -96.410205 83.335535
      vertex -83.922739 -102.260153 70.709511
      vertex -73.495380 -109.993610 70.709511
    endloop
  endfacet
  facet normal -0.511111 -0.689153 0.513647
    outer loop
      vertex -79.121811 -96.410205 83.335535
      vertex -73.495380 -109.993610 70.709511
      vertex -69.290965 -103.701257 83.335535
    endloop
  endfacet
  facet normal -0.441101 -0.735933 0.513647
    outer loop
      vertex -69.290965 -103.701257 83.335535
      vertex -73.495380 -109.993610 70.709511
      vertex -62.360221 -116.667767 70.709511
    endloop
  endfacet
  facet normal -0.441101 -0.735933 0.513647
    outer loop
      vertex -69.290965 -103.701257 83.335535
      vertex -62.360221 -116.667767 70.709511
      vertex -58.792809 -109.993610 83.335535
    endloop
  endfacet
  facet normal -0.366843 -0.775624 0.513647
    outer loop
      vertex -58.792809 -109.993610 83.335535
      vertex -62.360221 -116.667767 70.709511
      vertex -50.624498 -122.218351 70.709511
    endloop
  endfacet
  facet normal -0.366843 -0.775624 0.513647
    outer loop
      vertex -58.792809 -109.993610 83.335535
      vertex -50.624498 -122.218351 70.709511
      vertex -47.728447 -115.226664 83.335535
    endloop
  endfacet
  facet normal -0.289052 -0.807846 0.513647
    outer loop
      vertex -47.728447 -115.226664 83.335535
      vertex -50.624498 -122.218351 70.709511
      vertex -38.401234 -126.591905 70.709511
    endloop
  endfacet
  facet normal -0.289052 -0.807846 0.513647
    outer loop
      vertex -47.728447 -115.226664 83.335535
      vertex -38.401234 -126.591905 70.709511
      vertex -36.204433 -119.350021 83.335535
    endloop
  endfacet
  facet normal -0.208477 -0.832288 0.513647
    outer loop
      vertex -36.204433 -119.350021 83.335535
      vertex -38.401234 -126.591905 70.709511
      vertex -25.808146 -129.746309 70.709511
    endloop
  endfacet
  facet normal -0.208477 -0.832288 0.513647
    outer loop
      vertex -36.204433 -119.350021 83.335535
      vertex -25.808146 -129.746309 70.709511
      vertex -24.331751 -122.323974 83.335535
    endloop
  endfacet
  facet normal -0.125895 -0.848715 0.513647
    outer loop
      vertex -24.331751 -122.323974 83.335535
      vertex -25.808146 -129.746309 70.709511
      vertex -12.966510 -131.651186 70.709511
    endloop
  endfacet
  facet normal -0.125895 -0.848715 0.513647
    outer loop
      vertex -24.331751 -122.323974 83.335535
      vertex -12.966510 -131.651186 70.709511
      vertex -12.224741 -124.119879 83.335535
    endloop
  endfacet
  facet normal -0.042100 -0.856968 0.513647
    outer loop
      vertex -12.224741 -124.119879 83.335535
      vertex -12.966510 -131.651186 70.709511
      vertex -0.000000 -132.288190 70.709511
    endloop
  endfacet
  facet normal -0.042100 -0.856968 0.513647
    outer loop
      vertex -12.224741 -124.119879 83.335535
      vertex -0.000000 -132.288190 70.709511
      vertex -0.000000 -124.720442 83.335535
    endloop
  endfacet
  facet normal 0.042100 -0.856968 0.513647
    outer loop
      vertex -0.000000 -124.720442 83.335535
      vertex -0.000000 -132.288190 70.709511
      vertex 12.966510 -131.651186 70.709511
    endloop
  endfacet
  facet normal 0.042100 -0.856968 0.513647
    outer loop
      vertex -0.000000 -124.720442 83.335535
      vertex 12.966510 -131.651186 70.709511
      vertex 12.224741 -124.119879 83.335535
    endloop
  endfacet
  facet normal 0.125895 -0.848715 0.513647
    outer loop
      vertex 12.224741 -124.119879 83.335535
      vertex 12.966510 -131.651186 70.709511
      vertex 25.808146 -129.746309 70.709511
    endloop
  endfacet
  facet normal 0.125895 -0.848715 0.513647
    outer loop
      vertex 12.224741 -124.119879 83.335535
      vertex 25.808146 -129.746309 70.709511
      vertex 24.331751 -122.323974 83.335535
    endloop
  endfacet
  facet normal 0.208477 -0.832288 0.513647
    outer loop
      vertex 24.331751 -122.323974 83.335535
      vertex 25.808146 -129.746309 70.709511
      vertex 38.401234 -126.591905 70.709511
    endloop
  endfacet
  facet normal 0.208477 -0.832288 0.513647
    outer loop
      vertex 24.331751 -122.323974 83.335535
      vertex 38.401234 -126.591905 70.709511
      vertex 36.204433 -119.350021 83.335535
    endloop
  endfacet
  facet normal 0.289052 -0.807846 0.513647
    outer loop
      vertex 36.204433 -119.350021 83.335535
      vertex 38.401234 -126.591905 70.709511
      vertex 50.624498 -122.218351 70.709511
    endloop
  endfacet
  facet normal 0.289052 -0.807846 0.513647
    outer loop
      vertex 36.204433 -119.350021 83.335535
      vertex 50.624498 -122.218351 70.709511
      vertex 47.728447 -115.226664 83.335535
    endloop
  endfacet
  facet normal 0.366843 -0.775624 0.513647
    outer loop
      vertex 47.728447 -115.226664 83.335535
      vertex 50.624498 -122.218351 70.709511
      vertex 62.360221 -116.667767 70.709511
    endloop
  endfacet
  facet normal 0.366843 -0.775624 0.513647
    outer loop
      vertex 47.728447 -115.226664 83.335535
      vertex 62.360221 -116.667767 70.709511
      vertex 58.792809 -109.993610 83.335535
    endloop
  endfacet
  facet normal 0.441101 -0.735933 0.513647
    outer loop
      vertex 58.792809 -109.993610 83.335535
      vertex 62.360221 -116.667767 70.709511
      vertex 73.495380 -109.993610 70.709511
    endloop
  endfacet
  facet normal 0.441101 -0.735933 0.513647
    outer loop
      vertex 58.792809 -109.993610 83.335535
      vertex 73.495380 -109.993610 70.709511
      vertex 69.290965 -103.701257 83.335535
    endloop
  endfacet
  facet normal 0.511111 -0.689153 0.513647
    outer loop
      vertex 69.290965 -103.701257 83.335535
      vertex 73.495380 -109.993610 70.709511
      vertex 83.922739 -102.260153 70.709511
    endloop
  endfacet
  facet normal 0.511111 -0.689153 0.513647
    outer loop
      vertex 69.290965 -103.701257 83.335535
      vertex 83.922739 -102.260153 70.709511
      vertex 79.121811 -96.410205 83.335535
    endloop
  endfacet
  facet normal 0.576199 -0.635737 0.513647
    outer loop
      vertex 79.121811 -96.410205 83.335535
      vertex 83.922739 -102.260153 70.709511
      vertex 93.541876 -93.541876 70.709511
    endloop
  endfacet
  facet normal 0.576199 -0.635737 0.513647
    outer loop
      vertex 79.121811 -96.410205 83.335535
      vertex 93.541876 -93.541876 70.709511
      vertex 88.190670 -88.190670 83.335535
    endloop
  endfacet
  facet normal 0.635737 -0.576199 0.513647
    outer loop
      vertex 88.190670 -88.190670 83.335535
      vertex 93.541876 -93.541876 70.709511
      vertex 102.260153 -83.922739 70.709511
    endloop
  endfacet
  facet normal 0.635737 -0.576199 0.513647
    outer loop
      vertex 88.190670 -88.190670 83.335535
      vertex 102.260153 -83.922739 70.709511
      vertex 96.410205 -79.121811 83.335535
    endloop
  endfacet
  facet normal 0.689153 -0.511111 0.513647
    outer loop
      vertex 96.410205 -79.121811 83.335535
      vertex 102.260153 -83.922739 70.709511
      vertex 109.993610 -73.495380 70.709511
    endloop
  endfacet
  facet normal 0.689153 -0.511111 0.513647
    outer loop
      vertex 96.410205 -79.121811 83.335535
      vertex 109.993610 -73.495380 70.709511
      vertex 103.701257 -69.290965 83.335535
    endloop
  endfacet
  facet normal 0.735933 -0.441101 0.513647
    outer loop
      vertex 103.701257 -69.290965 83.335535
      vertex 109.993610 -73.495380 70.709511
      vertex 116.667767 -62.360221 70.709511
    endloop
  endfacet
  facet normal 0.735933 -0.441101 0.513647
    outer loop
      vertex 103.701257 -69.290965 83.335535
      vertex 116.667767 -62.360221 70.709511
      vertex 109.993610 -58.792809 83.335535
    endloop
  endfacet
  facet normal 0.775624 -0.366843 0.513647
    outer loop
      vertex 109.993610 -58.792809 83.335535
      vertex 116.667767 -62.360221 70.709511
      vertex 122.218351 -50.624498 70.709511
    endloop
  endfacet
  facet normal 0.775624 -0.366843 0.513647
    outer loop
      vertex 109.993610 -58.792809 83.335535
      vertex 122.218351 -50.624498 70.709511
      vertex 115.226664 -47.728447 83.335535
    endloop
  endfacet
  facet normal 0.807846 -0.289052 0.513647
    outer loop
      vertex 115.226664 -47.728447 83.335535
      vertex 122.218351 -50.624498 70.709511
      vertex 126.591905 -38.401234 70.709511
    endloop
  endfacet
  facet normal 0.807846 -0.289052 0.513647
    outer loop
      vertex 115.226664 -47.728447 83.335535
      vertex 126.591905 -38.401234 70.709511
      vertex 119.350021 -36.204433 83.335535
    endloop
  endfacet
  facet normal 0.832288 -0.208477 0.513647
    outer loop
      vertex 119.350021 -36.204433 83.335535
      vertex 126.591905 -38.401234 70.709511
      vertex 129.746309 -25.808146 70.709511
    endloop
  endfacet
  facet normal 0.832288 -0.208477 0.513647
    outer loop
      vertex 119.350021 -36.204433 83.335535
      vertex 129.746309 -25.808146 70.709511
      vertex 122.323974 -24.331751 83.335535
    endloop
  endfacet
  facet normal 0.848715 -0.125895 0.513647
    outer loop
      vertex 122.323974 -24.331751 83.335535
      vertex 129.746309 -25.808146 70.709511
      vertex 131.651186 -12.966510 70.709511
    endloop
  endfacet
  facet normal 0.848715 -0.125895 0.513647
    outer loop
      vertex 122.323974 -24.331751 83.335535
      vertex 131.651186 -12.966510 70.709511
      vertex 124.119879 -12.224741 83.335535
    endloop
  endfacet
  facet normal 0.856968 -0.042100 0.513647
    outer loop
      vertex 124.119879 -12.224741 83.335535
      vertex 131.651186 -12.966510 70.709511
      vertex 132.288190 -0.000000 70.709511
    endloop
  endfacet
  facet normal 0.856968 -0.042100 0.513647
    outer loop
      vertex 124.119879 -12.224741 83.335535
      vertex 132.288190 -0.000000 70.709511
      vertex 124.720442 -0.000000 83.335535
    endloop
  endfacet
  facet normal 0.903099 0.044366 0.427134
    outer loop
      vertex 132.288190 0.000000 70.709511
      vertex 138.581930 0.000000 57.402515
      vertex 137.914620 13.583404 57.402515
    endloop
  endfacet
  facet normal 0.903099 0.044366 0.427134
    outer loop
      vertex 132.288190 0.000000 70.709511
      vertex 137.914620 13.583404 57.402515
      vertex 131.651186 12.966510 70.709511
    endloop
  endfacet
  facet normal 0.894402 0.132672 0.427134
    outer loop
      vertex 131.651186 12.966510 70.709511
      vertex 137.914620 13.583404 57.402515
      vertex 135.919117 27.035993 57.402515
    endloop
  endfacet
  facet normal 0.894402 0.132672 0.427134
    outer loop
      vertex 131.651186 12.966510 70.709511
      vertex 135.919117 27.035993 57.402515
      vertex 129.746309 25.808146 70.709511
    endloop
  endfacet
  facet normal 0.877091 0.219700 0.427134
    outer loop
      vertex 129.746309 25.808146 70.709511
      vertex 135.919117 27.035993 57.402515
      vertex 132.614639 40.228211 57.402515
    endloop
  endfacet
  facet normal 0.877091 0.219700 0.427134
    outer loop
      vertex 129.746309 25.808146 70.709511
      vertex 132.614639 40.228211 57.402515
      vertex 126.591905 38.401234 70.709511
    endloop
  endfacet
  facet normal 0.851333 0.304612 0.427134
    outer loop
      vertex 126.591905 38.401234 70.709511
      vertex 132.614639 40.228211 57.402515
      vertex 128.033009 53.033009 57.402515
    endloop
  endfacet
  facet normal 0.851333 0.304612 0.427134
    outer loop
      vertex 126.591905 38.401234 70.709511
      vertex 128.033009 53.033009 57.402515
      vertex 122.218351 50.624498 70.709511
    endloop
  endfacet
  facet normal 0.817377 0.386590 0.427134
    outer loop
      vertex 122.218351 50.624498 70.709511
      vertex 128.033009 53.033009 57.402515
      vertex 122.218351 65.327070 57.402515
    endloop
  endfacet
  facet normal 0.817377 0.386590 0.427134
    outer loop
      vertex 122.218351 50.624498 70.709511
      vertex 122.218351 65.327070 57.402515
      vertex 116.667767 62.360221 70.709511
    endloop
  endfacet
  facet normal 0.775548 0.464846 0.427134
    outer loop
      vertex 116.667767 62.360221 70.709511
      vertex 122.218351 65.327070 57.402515
      vertex 115.226664 76.991995 57.402515
    endloop
  endfacet
  facet normal 0.775548 0.464846 0.427134
    outer loop
      vertex 116.667767 62.360221 70.709511
      vertex 115.226664 76.991995 57.402515
      vertex 109.993610 73.495380 70.709511
    endloop
  endfacet
  facet normal 0.726251 0.538624 0.427134
    outer loop
      vertex 109.993610 73.495380 70.709511
      vertex 115.226664 76.991995 57.402515
      vertex 107.125280 87.915446 57.402515
    endloop
  endfacet
  facet normal 0.726251 0.538624 0.427134
    outer loop
      vertex 109.993610 73.495380 70.709511
      vertex 107.125280 87.915446 57.402515
      vertex 102.260153 83.922739 70.709511
    endloop
  endfacet
  facet normal 0.669959 0.607216 0.427134
    outer loop
      vertex 102.260153 83.922739 70.709511
      vertex 107.125280 87.915446 57.402515
      vertex 97.992222 97.992222 57.402515
    endloop
  endfacet
  facet normal 0.669959 0.607216 0.427134
    outer loop
      vertex 102.260153 83.922739 70.709511
      vertex 97.992222 97.992222 57.402515
      vertex 93.541876 93.541876 70.709511
    endloop
  endfacet
  facet normal 0.607216 0.669959 0.427134
    outer loop
      vertex 93.541876 93.541876 70.709511
      vertex 97.992222 97.992222 57.402515
      vertex 87.915446 107.125280 57.402515
    endloop
  endfacet
  facet normal 0.607216 0.669959 0.427134
    outer loop
      vertex 93.541876 93.541876 70.709511
      vertex 87.915446 107.125280 57.402515
      vertex 83.922739 102.260153 70.709511
    endloop
  endfacet
  facet normal 0.538624 0.726251 0.427134
    outer loop
      vertex 83.922739 102.260153 70.709511
      vertex 87.915446 107.125280 57.402515
      vertex 76.991995 115.226664 57.402515
    endloop
  endfacet
  facet normal 0.538624 0.726251 0.427134
    outer loop
      vertex 83.922739 102.260153 70.709511
      vertex 76.991995 115.226664 57.402515
      vertex 73.495380 109.993610 70.709511
    endloop
  endfacet
  facet normal 0.464846 0.775548 0.427134
    outer loop
      vertex 73.495380 109.993610 70.709511
      vertex 76.991995 115.226664 57.402515
      vertex 65.327070 122.218351 57.402515
    endloop
  endfacet
  facet normal 0.464846 0.775548 0.427134
    outer loop
      vertex 73.495380 109.993610 70.709511
      vertex 65.327070 122.218351 57.402515
      vertex 62.360221 116.667767 70.709511
    endloop
  endfacet
  facet normal 0.386590 0.817377 0.427134
    outer loop
      vertex 62.360221 116.667767 70.709511
      vertex 65.327070 122.218351 57.402515
      vertex 53.033009 128.033009 57.402515
    endloop
  endfacet
  facet normal 0.386590 0.817377 0.427134
    outer loop
      vertex 62.360221 116.667767 70.709511
      vertex 53.033009 128.033009 57.402515
      vertex 50.624498 122.218351 70.709511
    endloop
  endfacet
  facet normal 0.304612 0.851333 0.427134
    outer loop
      vertex 50.624498 122.218351 70.709511
      vertex 53.033009 128.033009 57.402515
      vertex 40.228211 132.614639 57.402515
    endloop
  endfacet
  facet normal 0.304612 0.851333 0.427134
    outer loop
      vertex 50.624498 122.218351 70.709511
      vertex 40.228211 132.614639 57.402515
      vertex 38.401234 126.591905 70.709511
    endloop
  endfacet
  facet normal 0.219700 0.877091 0.427134
    outer loop
      vertex 38.401234 126.591905 70.709511
      vertex 40.228211 132.614639 57.402515
      vertex 27.035993 135.919117 57.402515
    endloop
  endfacet
  facet normal 0.219700 0.877091 0.427134
    outer loop
      vertex 38.401234 126.591905 70.709511
      vertex 27.035993 135.919117 57.402515
      vertex 25.808146 129.746309 70.709511
    endloop
  endfacet
  facet normal 0.132672 0.894402 0.427134
    outer loop
      vertex 25.808146 129.746309 70.709511
      vertex 27.035993 135.919117 57.402515
      vertex 13.583404 137.914620 57.402515
    endloop
  endfacet
  facet normal 0.132672 0.894402 0.427134
    outer loop
      vertex 25.808146 129.746309 70.709511
      vertex 13.583404 137.914620 57.402515
      vertex 12.966510 131.651186 70.709511
    endloop
  endfacet
  facet normal 0.044366 0.903099 0.427134
    outer loop
      vertex 12.966510 131.651186 70.709511
      vertex 13.583404 137.914620 57.402515
      vertex 0.000000 138.581930 57.402515
    endloop
  endfacet
  facet normal 0.044366 0.903099 0.427134
    outer loop
      vertex 12.966510 131.651186 70.709511
      vertex 0.000000 138.581930 57.402515
      vertex 0.000000 132.288190 70.709511
    endloop
  endfacet
  facet normal -0.044366 0.903099 0.427134
    outer loop
      vertex 0.000000 132.288190 70.709511
      vertex 0.000000 138.581930 57.402515
      vertex -13.583404 137.914620 57.402515
    endloop
  endfacet
  facet normal -0.044366 0.903099 0.427134
    outer loop
      vertex 0.000000 132.288190 70.709511
      vertex -13.583404 137.914620 57.402515
      vertex -12.966510 131.651186 70.709511
    endloop
  endfacet
  facet normal -0.132672 0.894402 0.427134
    outer loop
      vertex -12.966510 131.651186 70.709511
      vertex -13.583404 137.914620 57.402515
      vertex -27.035993 135.919117 57.402515
    endloop
  endfacet
  facet normal -0.132672 0.894402 0.427134
    outer loop
      vertex -12.966510 131.651186 70.709511
      vertex -27.035993 135.919117 57.402515
      vertex -25.808146 129.746309 70.709511
    endloop
  endfacet
  facet normal -0.219700 0.877091 0.427134
    outer loop
      vertex -25.808146 129.746309 70.709511
      vertex -27.035993 135.919117 57.402515
      vertex -40.228211 132.614639 57.402515
    endloop
  endfacet
  facet normal -0.219700 0.877091 0.427134
    outer loop
      vertex -25.808146 129.746309 70.709511
      vertex -40.228211 132.614639 57.402515
      vertex -38.401234 126.591905 70.709511
    endloop
  endfacet
  facet normal -0.304612 0.851333 0.427134
    outer loop
      vertex -38.401234 126.591905 70.709511
      vertex -40.228211 132.614639 57.402515
      vertex -53.033009 128.033009 57.402515
    endloop
  endfacet
  facet normal -0.304612 0.851333 0.427134
    outer loop
      vertex -38.401234 126.591905 70.709511
      vertex -53.033009 128.033009 57.402515
      vertex -50.624498 122.218351 70.709511
    endloop
  endfacet
  facet normal -0.386590 0.817377 0.427134
    outer loop
      vertex -50.624498 122.218351 70.709511
      vertex -53.033009 128.033009 57.402515
      vertex -65.327070 122.218351 57.402515
    endloop
  endfacet
  facet normal -0.386590 0.817377 0.427134
    outer loop
      vertex -50.624498 122.218351 70.709511
      vertex -65.327070 122.218351 57.402515
      vertex -62.360221 116.667767 70.709511
    endloop
  endfacet
  facet normal -0.464846 0.775548 0.427134
    outer loop
      vertex -62.360221 116.667767 70.709511
      vertex -65.327070 122.218351 57.402515
      vertex -76.991995 115.226664 57.402515
    endloop
  endfacet
  facet normal -0.464846 0.775548 0.427134
    outer loop
      vertex -62.360221 116.667767 70.709511
      vertex -76.991995 115.226664 57.402515
      vertex -73.495380 109.993610 70.709511
    endloop
  endfacet
  facet normal -0.538624 0.726251 0.427134
    outer loop
      vertex -73.495380 109.993610 70.709511
      vertex -76.991995 115.226664 57.402515
      vertex -87.915446 107.125280 57.402515
    endloop
  endfacet
  facet normal -0.538624 0.726251 0.427134
    outer loop
      vertex -73.495380 109.993610 70.709511
      vertex -87.915446 107.125280 57.402515
      vertex -83.922739 102.260153 70.709511
    endloop
  endfacet
  facet normal -0.607216 0.669959 0.427134
    outer loop
      vertex -83.922739 102.260153 70.709511
      vertex -87.915446 107.125280 57.402515
      vertex -97.992222 97.992222 57.402515
    endloop
  endfacet
  facet normal -0.607216 0.669959 0.427134
    outer loop
      vertex -83.922739 102.260153 70.709511
      vertex -97.992222 97.992222 57.402515
      vertex -93.541876 93.541876 70.709511
    endloop
  endfacet
  facet normal -0.669959 0.607216 0.427134
    outer loop
      vertex -93.541876 93.541876 70.709511
      vertex -97.992222 97.992222 57.402515
      vertex -107.125280 87.915446 57.402515
    endloop
  endfacet
  facet normal -0.669959 0.607216 0.427134
    outer loop
      vertex -93.541876 93.541876 70.709511
      vertex -107.125280 87.915446 57.402515
      vertex -102.260153 83.922739 70.709511
    endloop
  endfacet
  facet normal -0.726251 0.538624 0.427134
    outer loop
      vertex -102.260153 83.922739 70.709511
      vertex -107.125280 87.915446 57.402515
      vertex -115.226664 76.991995 57.402515
    endloop
  endfacet
  facet normal -0.726251 0.538624 0.427134
    outer loop
      vertex -102.260153 83.922739 70.709511
      vertex -115.226664 76.991995 57.402515
      vertex -109.993610 73.495380 70.709511
    endloop
  endfacet
  facet normal -0.775548 0.464846 0.427134
    outer loop
      vertex -109.993610 73.495380 70.709511
      vertex -115.226664 76.991995 57.402515
      vertex -122.218351 65.327070 57.402515
    endloop
  endfacet
  facet normal -0.775548 0.464846 0.427134
    outer loop
      vertex -109.993610 73.495380 70.709511
      vertex -122.218351 65.327070 57.402515
      vertex -116.667767 62.360221 70.709511
    endloop
  endfacet
  facet normal -0.817377 0.386590 0.427134
    outer loop
      vertex -116.667767 62.360221 70.709511
      vertex -122.218351 65.327070 57.402515
      vertex -128.033009 53.033009 57.402515
    endloop
  endfacet
  facet normal -0.817377 0.386590 0.427134
    outer loop
      vertex -116.667767 62.360221 70.709511
      vertex -128.033009 53.033009 57.402515
      vertex -122.218351 50.624498 70.709511
    endloop
  endfacet
  facet normal -0.851333 0.304612 0.427134
    outer loop
      vertex -122.218351 50.624498 70.709511
      vertex -128.033009 53.033009 57.402515
      vertex -132.614639 40.228211 57.402515
    endloop
  endfacet
  facet normal -0.851333 0.304612 0.427134
    outer loop
      vertex -122.218351 50.624498 70.709511
      vertex -132.614639 40.228211 57.402515
      vertex -126.591905 38.401234 70.709511
    endloop
  endfacet
  facet normal -0.877091 0.219700 0.427134
    outer loop
      vertex -126.591905 38.401234 70.709511
      vertex -132.614639 40.228211 57.402515
      vertex -135.919117 27.035993 57.402515
    endloop
  endfacet
  facet normal -0.877091 0.219700 0.427134
    outer loop
      vertex -126.591905 38.401234 70.709511
      vertex -135.919117 27.035993 57.402515
      vertex -129.746309 25.808146 70.709511
    endloop
  endfacet
  facet normal -0.894402 0.132672 0.427134
    outer loop
      vertex -129.746309 25.808146 70.709511
      vertex -135.919117 27.035993 57.402515
      vertex -137.914620 13.583404 57.402515
    endloop
  endfacet
  facet normal -0.894402 0.132672 0.427134
    outer loop
      vertex -129.746309 25.808146 70.709511
      vertex -137.914620 13.583404 57.402515
      vertex -131.651186 12.966510 70.709511
    endloop
  endfacet
  facet normal -0.903099 0.044366 0.427134
    outer loop
      vertex -131.651186 12.966510 70.709511
      vertex -137.914620 13.583404 57.402515
      vertex -138.581930 0.000000 57.402515
    endloop
  endfacet
  facet normal -0.903099 0.044366 0.427134
    outer loop
      vertex -131.651186 12.966510 70.709511
      vertex -138.581930 0.000000 57.402515
      vertex -132.288190 0.000000 70.709511
    endloop
  endfacet
  facet normal -0.903099 -0.044366 0.427134
    outer loop
      vertex -132.288190 0.000000 70.709511
      vertex -138.581930 0.000000 57.402515
      vertex -137.914620 -13.583404 57.402515
    endloop
  endfacet
  facet normal -0.903099 -0.044366 0.427134
    outer loop
      vertex -132.288190 0.000000 70.709511
      vertex -137.914620 -13.583404 57.402515
      vertex -131.651186 -12.966510 70.709511
    endloop
  endfacet
  facet normal -0.894402 -0.132672 0.427134
    outer loop
      vertex -131.651186 -12.966510 70.709511
      vertex -137.914620 -13.583404 57.402515
      vertex -135.919117 -27.035993 57.402515
    endloop
  endfacet
  facet normal -0.894402 -0.132672 0.427134
    outer loop
      vertex -131.651186 -12.966510 70.709511
      vertex -135.919117 -27.035993 57.402515
      vertex -129.746309 -25.808146 70.709511
    endloop
  endfacet
  facet normal -0.877091 -0.219700 0.427134
    outer loop
      vertex -129.746309 -25.808146 70.709511
      vertex -135.919117 -27.035993 57.402515
      vertex -132.614639 -40.228211 57.402515
    endloop
  endfacet
  facet normal -0.877091 -0.219700 0.427134
    outer loop
      vertex -129.746309 -25.808146 70.709511
      vertex -132.614639 -40.228211 57.402515
      vertex -126.591905 -38.401234 70.709511
    endloop
  endfacet
  facet normal -0.851333 -0.304612 0.427134
    outer loop
      vertex -126.591905 -38.401234 70.709511
      vertex -132.614639 -40.228211 57.402515
      vertex -128.033009 -53.033009 57.402515
    endloop
  endfacet
  facet normal -0.851333 -0.304612 0.427134
    outer loop
      vertex -126.591905 -38.401234 70.709511
      vertex -128.033009 -53.033009 57.402515
      vertex -122.218351 -50.624498 70.709511
    endloop
  endfacet
  facet normal -0.817377 -0.386590 0.427134
    outer loop
      vertex -122.218351 -50.624498 70.709511
      vertex -128.033009 -53.033009 57.402515
      vertex -122.218351 -65.327070 57.402515
    endloop
  endfacet
  facet normal -0.817377 -0.386590 0.427134
    outer loop
      vertex -122.218351 -50.624498 70.709511
      vertex -122.218351 -65.327070 57.402515
      vertex -116.667767 -62.360221 70.709511
    endloop
  endfacet
  facet normal -0.775548 -0.464846 0.427134
    outer loop
      vertex -116.667767 -62.360221 70.709511
      vertex -122.218351 -65.327070 57.402515
      vertex -115.226664 -76.991995 57.402515
    endloop
  endfacet
  facet normal -0.775548 -0.464846 0.427134
    outer loop
      vertex -116.667767 -62.360221 70.709511
      vertex -115.226664 -76.991995 57.402515
      vertex -109.993610 -73.495380 70.709511
    endloop
  endfacet
  facet normal -0.726251 -0.538624 0.427134
    outer loop
      vertex -109.993610 -73.495380 70.709511
      vertex -115.226664 -76.991995 57.402515
      vertex -107.125280 -87.915446 57.402515
    endloop
  endfacet
  facet normal -0.726251 -0.538624 0.427134
    outer loop
      vertex -109.993610 -73.495380 70.709511
      vertex -107.125280 -87.915446 57.402515
      vertex -102.260153 -83.922739 70.709511
    endloop
  endfacet
  facet normal -0.669959 -0.607216 0.427134
    outer loop
      vertex -102.260153 -83.922739 70.709511
      vertex -107.125280 -87.915446 57.402515
      vertex -97.992222 -97.992222 57.402515
    endloop
  endfacet
  facet normal -0.669959 -0.607216 0.427134
    outer loop
      vertex -102.260153 -83.922739 70.709511
      vertex -97.992222 -97.992222 57.402515
      vertex -93.541876 -93.541876 70.709511
    endloop
  endfacet
  facet normal -0.607216 -0.669959 0.427134
    outer loop
      vertex -93.541876 -93.541876 70.709511
      vertex -97.992222 -97.992222 57.402515
      vertex -87.915446 -107.125280 57.402515
    endloop
  endfacet
  facet normal -0.607216 -0.669959 0.427134
    outer loop
      vertex -93.541876 -93.541876 70.709511
      vertex -87.915446 -107.125280 57.402515
      vertex -83.922739 -102.260153 70.709511
    endloop
  endfacet
  facet normal -0.538624 -0.726251 0.427134
    outer loop
      vertex -83.922739 -102.260153 70.709511
      vertex -87.915446 -107.125280 57.402515
      vertex -76.991995 -115.226664 57.402515
    endloop
  endfacet
  facet normal -0.538624 -0.726251 0.427134
    outer loop
      vertex -83.922739 -102.260153 70.709511
      vertex -76.991995 -115.226664 57.402515
      vertex -73.495380 -109.993610 70.709511
    endloop
  endfacet
  facet normal -0.464846 -0.775548 0.427134
    outer loop
      vertex -73.495380 -109.993610 70.709511
      vertex -76.991995 -115.226664 57.402515
      vertex -65.327070 -122.218351 57.402515
    endloop
  endfacet
  facet normal -0.464846 -0.775548 0.427134
    outer loop
      vertex -73.495380 -109.993610 70.709511
      vertex -65.327070 -122.218351 57.402515
      vertex -62.360221 -116.667767 70.709511
    endloop
  endfacet
  facet normal -0.386590 -0.817377 0.427134
    outer loop
      vertex -62.360221 -116.667767 70.709511
      vertex -65.327070 -122.218351 57.402515
      vertex -53.033009 -128.033009 57.402515
    endloop
  endfacet
  facet normal -0.386590 -0.817377 0.427134
    outer loop
      vertex -62.360221 -116.667767 70.709511
      vertex -53.033009 -128.033009 57.402515
      vertex -50.624498 -122.218351 70.709511
    endloop
  endfacet
  facet normal -0.304612 -0.851333 0.427134
    outer loop
      vertex -50.624498 -122.218351 70.709511
      vertex -53.033009 -128.033009 57.402515
      vertex -40.228211 -132.614639 57.402515
    endloop
  endfacet
  facet normal -0.304612 -0.851333 0.427134
    outer loop
      vertex -50.624498 -122.218351 70.709511
      vertex -40.228211 -132.614639 57.402515
      vertex -38.401234 -126.591905 70.709511
    endloop
  endfacet
  facet normal -0.219700 -0.877091 0.427134
    outer loop
      vertex -38.401234 -126.591905 70.709511
      vertex -40.228211 -132.614639 57.402515
      vertex -27.035993 -135.919117 57.402515
    endloop
  endfacet
  facet normal -0.219700 -0.877091 0.427134
    outer loop
      vertex -38.401234 -126.591905 70.709511
      vertex -27.035993 -135.919117 57.402515
      vertex -25.808146 -129.746309 70.709511
    endloop
  endfacet
  facet normal -0.132672 -0.894402 0.427134
    outer loop
      vertex -25.808146 -129.746309 70.709511
      vertex -27.035993 -135.919117 57.402515
      vertex -13.583404 -137.914620 57.402515
    endloop
  endfacet
  facet normal -0.132672 -0.894402 0.427134
    outer loop
      vertex -25.808146 -129.746309 70.709511
      vertex -13.583404 -137.914620 57.402515
      vertex -12.966510 -131.651186 70.709511
    endloop
  endfacet
  facet normal -0.044366 -0.903099 0.427134
    outer loop
      vertex -12.966510 -131.651186 70.709511
      vertex -13.583404 -137.914620 57.402515
      vertex -0.000000 -138.581930 57.402515
    endloop
  endfacet
  facet normal -0.044366 -0.903099 0.427134
    outer loop
      vertex -12.966510 -131.651186 70.709511
      vertex -0.000000 -138.581930 57.402515
      vertex -0.000000 -132.288190 70.709511
    endloop
  endfacet
  facet normal 0.044366 -0.903099 0.427134
    outer loop
      vertex -0.000000 -132.288190 70.709511
      vertex -0.000000 -138.581930 57.402515
      vertex 13.583404 -137.914620 57.402515
    endloop
  endfacet
  facet normal 0.044366 -0.903099 0.427134
    outer loop
      vertex -0.000000 -132.288190 70.709511
      vertex 13.583404 -137.914620 57.402515
      vertex 12.966510 -131.651186 70.709511
    endloop
  endfacet
  facet normal 0.132672 -0.894402 0.427134
    outer loop
      vertex 12.966510 -131.651186 70.709511
      vertex 13.583404 -137.914620 57.402515
      vertex 27.035993 -135.919117 57.402515
    endloop
  endfacet
  facet normal 0.132672 -0.894402 0.427134
    outer loop
      vertex 12.966510 -131.651186 70.709511
      vertex 27.035993 -135.919117 57.402515
      vertex 25.808146 -129.746309 70.709511
    endloop
  endfacet
  facet normal 0.219700 -0.877091 0.427134
    outer loop
      vertex 25.808146 -129.746309 70.709511
      vertex 27.035993 -135.919117 57.402515
      vertex 40.228211 -132.614639 57.402515
    endloop
  endfacet
  facet normal 0.219700 -0.877091 0.427134
    outer loop
      vertex 25.808146 -129.746309 70.709511
      vertex 40.228211 -132.614639 57.402515
      vertex 38.401234 -126.591905 70.709511
    endloop
  endfacet
  facet normal 0.304612 -0.851333 0.427134
    outer loop
      vertex 38.401234 -126.591905 70.709511
      vertex 40.228211 -132.614639 57.402515
      vertex 53.033009 -128.033009 57.402515
    endloop
  endfacet
  facet normal 0.304612 -0.851333 0.427134
    outer loop
      vertex 38.401234 -126.591905 70.709511
      vertex 53.033009 -128.033009 57.402515
      vertex 50.624498 -122.218351 70.709511
    endloop
  endfacet
  facet normal 0.386590 -0.817377 0.427134
    outer loop
      vertex 50.624498 -122.218351 70.709511
      vertex 53.033009 -128.033009 57.402515
      vertex 65.327070 -122.218351 57.402515
    endloop
  endfacet
  facet normal 0.386590 -0.817377 0.427134
    outer loop
      vertex 50.624498 -122.218351 70.709511
      vertex 65.327070 -122.218351 57.402515
      vertex 62.360221 -116.667767 70.709511
    endloop
  endfacet
  facet normal 0.464846 -0.775548 0.427134
    outer loop
      vertex 62.360221 -116.667767 70.709511
      vertex 65.327070 -122.218351 57.402515
      vertex 76.991995 -115.226664 57.402515
    endloop
  endfacet
  facet normal 0.464846 -0.775548 0.427134
    outer loop
      vertex 62.360221 -116.667767 70.709511
      vertex 76.991995 -115.226664 57.402515
      vertex 73.495380 -109.993610 70.709511
    endloop
  endfacet
  facet normal 0.538624 -0.726251 0.427134
    outer loop
      vertex 73.495380 -109.993610 70.709511
      vertex 76.991995 -115.226664 57.402515
      vertex 87.915446 -107.125280 57.402515
    endloop
  endfacet
  facet normal 0.538624 -0.726251 0.427134
    outer loop
      vertex 73.495380 -109.993610 70.709511
      vertex 87.915446 -107.125280 57.402515
      vertex 83.922739 -102.260153 70.709511
    endloop
  endfacet
  facet normal 0.607216 -0.669959 0.427134
    outer loop
      vertex 83.922739 -102.260153 70.709511
      vertex 87.915446 -107.125280 57.402515
      vertex 97.992222 -97.992222 57.402515
    endloop
  endfacet
  facet normal 0.607216 -0.669959 0.427134
    outer loop
      vertex 83.922739 -102.260153 70.709511
      vertex 97.992222 -97.992222 57.402515
      vertex 93.541876 -93.541876 70.709511
    endloop
  endfacet
  facet normal 0.669959 -0.607216 0.427134
    outer loop
      vertex 93.541876 -93.541876 70.709511
      vertex 97.992222 -97.992222 57.402515
      vertex 107.125280 -87.915446 57.402515
    endloop
  endfacet
  facet normal 0.669959 -0.607216 0.427134
    outer loop
      vertex 93.541876 -93.541876 70.709511
      vertex 107.125280 -87.915446 57.402515
      vertex 102.260153 -83.922739 70.709511
    endloop
  endfacet
  facet normal 0.726251 -0.538624 0.427134
    outer loop
      vertex 102.260153 -83.922739 70.709511
      vertex 107.125280 -87.915446 57.402515
      vertex 115.226664 -76.991995 57.402515
    endloop
  endfacet
  facet normal 0.726251 -0.538624 0.427134
    outer loop
      vertex 102.260153 -83.922739 70.709511
      vertex 115.226664 -76.991995 57.402515
      vertex 109.993610 -73.495380 70.709511
    endloop
  endfacet
  facet normal 0.775548 -0.464846 0.427134
    outer loop
      vertex 109.993610 -73.495380 70.709511
      vertex 115.226664 -76.991995 57.402515
      vertex 122.218351 -65.327070 57.402515
    endloop
  endfacet
  facet normal 0.775548 -0.464846 0.427134
    outer loop
      vertex 109.993610 -73.495380 70.709511
      vertex 122.218351 -65.327070 57.402515
      vertex 116.667767 -62.360221 70.709511
    endloop
  endfacet
  facet normal 0.817377 -0.386590 0.427134
    outer loop
      vertex 116.667767 -62.360221 70.709511
      vertex 122.218351 -65.327070 57.402515
      vertex 128.033009 -53.033009 57.402515
    endloop
  endfacet
  facet normal 0.817377 -0.386590 0.427134
    outer loop
      vertex 116.667767 -62.360221 70.709511
      vertex 128.033009 -53.033009 57.402515
      vertex 122.218351 -50.624498 70.709511
    endloop
  endfacet
  facet normal 0.851333 -0.304612 0.427134
    outer loop
      vertex 122.218351 -50.624498 70.709511
      vertex 128.033009 -53.033009 57.402515
      vertex 132.614639 -40.228211 57.402515
    endloop
  endfacet
  facet normal 0.851333 -0.304612 0.427134
    outer loop
      vertex 122.218351 -50.624498 70.709511
      vertex 132.614639 -40.228211 57.402515
      vertex 126.591905 -38.401234 70.709511
    endloop
  endfacet
  facet normal 0.877091 -0.219700 0.427134
    outer loop
      vertex 126.591905 -38.401234 70.709511
      vertex 132.614639 -40.228211 57.402515
      vertex 135.919117 -27.035993 57.402515
    endloop
  endfacet
  facet normal 0.877091 -0.219700 0.427134
    outer loop
      vertex 126.591905 -38.401234 70.709511
      vertex 135.919117 -27.035993 57.402515
      vertex 129.746309 -25.808146 70.709511
    endloop
  endfacet
  facet normal 0.894402 -0.132672 0.427134
    outer loop
      vertex 129.746309 -25.808146 70.709511
      vertex 135.919117 -27.035993 57.402515
      vertex 137.914620 -13.583404 57.402515
    endloop
  endfacet
  facet normal 0.894402 -0.132672 0.427134
    outer loop
      vertex 129.746309 -25.808146 70.709511
      vertex 137.914620 -13.583404 57.402515
      vertex 131.651186 -12.966510 70.709511
    endloop
  endfacet
  facet normal 0.903099 -0.044366 0.427134
    outer loop
      vertex 131.651186 -12.966510 70.709511
      vertex 137.914620 -13.583404 57.402515
      vertex 138.581930 -0.000000 57.402515
    endloop
  endfacet
  facet normal 0.903099 -0.044366 0.427134
    outer loop
      vertex 131.651186 -12.966510 70.709511
      vertex 138.581930 -0.000000 57.402515
      vertex 132.288190 -0.000000 70.709511
    endloop
  endfacet
  facet normal 0.940538 0.046206 0.336530
    outer loop
      vertex 138.581930 0.000000 57.402515
      vertex 143.541050 0.000000 43.542702
      vertex 142.849861 14.069483 43.542702
    endloop
  endfacet
  facet normal 0.940538 0.046206 0.336530
    outer loop
      vertex 138.581930 0.000000 57.402515
      vertex 142.849861 14.069483 43.542702
      vertex 137.914620 13.583404 57.402515
    endloop
  endfacet
  facet normal 0.931481 0.138172 0.336530
    outer loop
      vertex 137.914620 13.583404 57.402515
      vertex 142.849861 14.069483 43.542702
      vertex 140.782949 28.003470 43.542702
    endloop
  endfacet
  facet normal 0.931481 0.138172 0.336530
    outer loop
      vertex 137.914620 13.583404 57.402515
      vertex 140.782949 28.003470 43.542702
      vertex 135.919117 27.035993 57.402515
    endloop
  endfacet
  facet normal 0.913452 0.228808 0.336530
    outer loop
      vertex 135.919117 27.035993 57.402515
      vertex 140.782949 28.003470 43.542702
      vertex 137.360221 41.667767 43.542702
    endloop
  endfacet
  facet normal 0.913452 0.228808 0.336530
    outer loop
      vertex 135.919117 27.035993 57.402515
      vertex 137.360221 41.667767 43.542702
      vertex 132.614639 40.228211 57.402515
    endloop
  endfacet
  facet normal 0.886626 0.317240 0.336530
    outer loop
      vertex 132.614639 40.228211 57.402515
      vertex 137.360221 41.667767 43.542702
      vertex 132.614639 54.930782 43.542702
    endloop
  endfacet
  facet normal 0.886626 0.317240 0.336530
    outer loop
      vertex 132.614639 40.228211 57.402515
      vertex 132.614639 54.930782 43.542702
      vertex 128.033009 53.033009 57.402515
    endloop
  endfacet
  facet normal 0.851262 0.402617 0.336530
    outer loop
      vertex 128.033009 53.033009 57.402515
      vertex 132.614639 54.930782 43.542702
      vertex 126.591905 67.664783 43.542702
    endloop
  endfacet
  facet normal 0.851262 0.402617 0.336530
    outer loop
      vertex 128.033009 53.033009 57.402515
      vertex 126.591905 67.664783 43.542702
      vertex 122.218351 65.327070 57.402515
    endloop
  endfacet
  facet normal 0.807700 0.484117 0.336530
    outer loop
      vertex 122.218351 65.327070 57.402515
      vertex 126.591905 67.664783 43.542702
      vertex 119.350021 79.747135 43.542702
    endloop
  endfacet
  facet normal 0.807700 0.484117 0.336530
    outer loop
      vertex 122.218351 65.327070 57.402515
      vertex 119.350021 79.747135 43.542702
      vertex 115.226664 76.991995 57.402515
    endloop
  endfacet
  facet normal 0.756359 0.560954 0.336530
    outer loop
      vertex 115.226664 76.991995 57.402515
      vertex 119.350021 79.747135 43.542702
      vertex 110.958732 91.061478 43.542702
    endloop
  endfacet
  facet normal 0.756359 0.560954 0.336530
    outer loop
      vertex 115.226664 76.991995 57.402515
      vertex 110.958732 91.061478 43.542702
      vertex 107.125280 87.915446 57.402515
    endloop
  endfacet
  facet normal 0.697733 0.632389 0.336530
    outer loop
      vertex 107.125280 87.915446 57.402515
      vertex 110.958732 91.061478 43.542702
      vertex 101.498850 101.498850 43.542702
    endloop
  endfacet
  facet normal 0.697733 0.632389 0.336530
    outer loop
      vertex 107.125280 87.915446 57.402515
      vertex 101.498850 101.498850 43.542702
      vertex 97.992222 97.992222 57.402515
    endloop
  endfacet
  facet normal 0.632389 0.697733 0.336530
    outer loop
      vertex 97.992222 97.992222 57.402515
      vertex 101.498850 101.498850 43.542702
      vertex 91.061478 110.958732 43.542702
    endloop
  endfacet
  facet normal 0.632389 0.697733 0.336530
    outer loop
      vertex 97.992222 97.992222 57.402515
      vertex 91.061478 110.958732 43.542702
      vertex 87.915446 107.125280 57.402515
    endloop
  endfacet
  facet normal 0.560954 0.756359 0.336530
    outer loop
      vertex 87.915446 107.125280 57.402515
      vertex 91.061478 110.958732 43.542702
      vertex 79.747135 119.350021 43.542702
    endloop
  endfacet
  facet normal 0.560954 0.756359 0.336530
    outer loop
      vertex 87.915446 107.125280 57.402515
      vertex 79.747135 119.350021 43.542702
      vertex 76.991995 115.226664 57.402515
    endloop
  endfacet
  facet normal 0.484117 0.807700 0.336530
    outer loop
      vertex 76.991995 115.226664 57.402515
      vertex 79.747135 119.350021 43.542702
      vertex 67.664783 126.591905 43.542702
    endloop
  endfacet
  facet normal 0.484117 0.807700 0.336530
    outer loop
      vertex 76.991995 115.226664 57.402515
      vertex 67.664783 126.591905 43.542702
      vertex 65.327070 122.218351 57.402515
    endloop
  endfacet
  facet normal 0.402617 0.851262 0.336530
    outer loop
      vertex 65.327070 122.218351 57.402515
      vertex 67.664783 126.591905 43.542702
      vertex 54.930782 132.614639 43.542702
    endloop
  endfacet
  facet normal 0.402617 0.851262 0.336530
    outer loop
      vertex 65.327070 122.218351 57.402515
      vertex 54.930782 132.614639 43.542702
      vertex 53.033009 128.033009 57.402515
    endloop
  endfacet
  facet normal 0.317240 0.886626 0.336530
    outer loop
      vertex 53.033009 128.033009 57.402515
      vertex 54.930782 132.614639 43.542702
      vertex 41.667767 137.360221 43.542702
    endloop
  endfacet
  facet normal 0.317240 0.886626 0.336530
    outer loop
      vertex 53.033009 128.033009 57.402515
      vertex 41.667767 137.360221 43.542702
      vertex 40.228211 132.614639 57.402515
    endloop
  endfacet
  facet normal 0.228808 0.913452 0.336530
    outer loop
      vertex 40.228211 132.614639 57.402515
      vertex 41.667767 137.360221 43.542702
      vertex 28.003470 140.782949 43.542702
    endloop
  endfacet
  facet normal 0.228808 0.913452 0.336530
    outer loop
      vertex 40.228211 132.614639 57.402515
      vertex 28.003470 140.782949 43.542702
      vertex 27.035993 135.919117 57.402515
    endloop
  endfacet
  facet normal 0.138172 0.931481 0.336530
    outer loop
      vertex 27.035993 135.919117 57.402515
      vertex 28.003470 140.782949 43.542702
      vertex 14.069483 142.849861 43.542702
    endloop
  endfacet
  facet normal 0.138172 0.931481 0.336530
    outer loop
      vertex 27.035993 135.919117 57.402515
      vertex 14.069483 142.849861 43.542702
      vertex 13.583404 137.914620 57.402515
    endloop
  endfacet
  facet normal 0.046206 0.940538 0.336530
    outer loop
      vertex 13.583404 137.914620 57.402515
      vertex 14.069483 142.849861 43.542702
      vertex 0.000000 143.541050 43.542702
    endloop
  endfacet
  facet normal 0.046206 0.940538 0.336530
    outer loop
      vertex 13.583404 137.914620 57.402515
      vertex 0.000000 143.541050 43.542702
      vertex 0.000000 138.581930 57.402515
    endloop
  endfacet
  facet normal -0.046206 0.940538 0.336530
    outer loop
      vertex 0.000000 138.581930 57.402515
      vertex 0.000000 143.541050 43.542702
      vertex -14.069483 142.849861 43.542702
    endloop
  endfacet
  facet normal -0.046206 0.940538 0.336530
    outer loop
      vertex 0.000000 138.581930 57.402515
      vertex -14.069483 142.849861 43.542702
      vertex -13.583404 137.914620 57.402515
    endloop
  endfacet
  facet normal -0.138172 0.931481 0.336530
    outer loop
      vertex -13.583404 137.914620 57.402515
      vertex -14.069483 142.849861 43.542702
      vertex -28.003470 140.782949 43.542702
    endloop
  endfacet
  facet normal -0.138172 0.931481 0.336530
    outer loop
      vertex -13.583404 137.914620 57.402515
      vertex -28.003470 140.782949 43.542702
      vertex -27.035993 135.919117 57.402515
    endloop
  endfacet
  facet normal -0.228808 0.913452 0.336530
    outer loop
      vertex -27.035993 135.919117 57.402515
      vertex -28.003470 140.782949 43.542702
      vertex -41.667767 137.360221 43.542702
    endloop
  endfacet
  facet normal -0.228808 0.913452 0.336530
    outer loop
      vertex -27.035993 135.919117 57.402515
      vertex -41.667767 137.360221 43.542702
      vertex -40.228211 132.614639 57.402515
    endloop
  endfacet
  facet normal -0.317240 0.886626 0.336530
    outer loop
      vertex -40.228211 132.614639 57.402515
      vertex -41.667767 137.360221 43.542702
      vertex -54.930782 132.614639 43.542702
    endloop
  endfacet
  facet normal -0.317240 0.886626 0.336530
    outer loop
      vertex -40.228211 132.614639 57.402515
      vertex -54.930782 132.614639 43.542702
      vertex -53.033009 128.033009 57.402515
    endloop
  endfacet
  facet normal -0.402617 0.851262 0.336530
    outer loop
      vertex -53.033009 128.033009 57.402515
      vertex -54.930782 132.614639 43.542702
      vertex -67.664783 126.591905 43.542702
    endloop
  endfacet
  facet normal -0.402617 0.851262 0.336530
    outer loop
      vertex -53.033009 128.033009 57.402515
      vertex -67.664783 126.591905 43.542702
      vertex -65.327070 122.218351 57.402515
    endloop
  endfacet
  facet normal -0.484117 0.807700 0.336530
    outer loop
      vertex -65.327070 122.218351 57.402515
      vertex -67.664783 126.591905 43.542702
      vertex -79.747135 119.350021 43.542702
    endloop
  endfacet
  facet normal -0.484117 0.807700 0.336530
    outer loop
      vertex -65.327070 122.218351 57.402515
      vertex -79.747135 119.350021 43.542702
      vertex -76.991995 115.226664 57.402515
    endloop
  endfacet
  facet normal -0.560954 0.756359 0.336530
    outer loop
      vertex -76.991995 115.226664 57.402515
      vertex -79.747135 119.350021 43.542702
      vertex -91.061478 110.958732 43.542702
    endloop
  endfacet
  facet normal -0.560954 0.756359 0.336530
    outer loop
      vertex -76.991995 115.226664 57.402515
      vertex -91.061478 110.958732 43.542702
      vertex -87.915446 107.125280 57.402515
    endloop
  endfacet
  facet normal -0.632389 0.697733 0.336530
    outer loop
      vertex -87.915446 107.125280 57.402515
      vertex -91.061478 110.958732 43.542702
      vertex -101.498850 101.498850 43.542702
    endloop
  endfacet
  facet normal -0.632389 0.697733 0.336530
    outer loop
      vertex -87.915446 107.125280 57.402515
      vertex -101.498850 101.498850 43.542702
      vertex -97.992222 97.992222 57.402515
    endloop
  endfacet
  facet normal -0.697733 0.632389 0.336530
    outer loop
      vertex -97.992222 97.992222 57.402515
      vertex -101.498850 101.498850 43.542702
      vertex -110.958732 91.061478 43.542702
    endloop
  endfacet
  facet normal -0.697733 0.632389 0.336530
    outer loop
      vertex -97.992222 97.992222 57.402515
      vertex -110.958732 91.061478 43.542702
      vertex -107.125280 87.915446 57.402515
    endloop
  endfacet
  facet normal -0.756359 0.560954 0.336530
    outer loop
      vertex -107.125280 87.915446 57.402515
      vertex -110.958732 91.061478 43.542702
      vertex -119.350021 79.747135 43.542702
    endloop
  endfacet
  facet normal -0.756359 0.560954 0.336530
    outer loop
      vertex -107.125280 87.915446 57.402515
      vertex -119.350021 79.747135 43.542702
      vertex -115.226664 76.991995 57.402515
    endloop
  endfacet
  facet normal -0.807700 0.484117 0.336530
    outer loop
      vertex -115.226664 76.991995 57.402515
      vertex -119.350021 79.747135 43.542702
      vertex -126.591905 67.664783 43.542702
    endloop
  endfacet
  facet normal -0.807700 0.484117 0.336530
    outer loop
      vertex -115.226664 76.991995 57.402515
      vertex -126.591905 67.664783 43.542702
      vertex -122.218351 65.327070 57.402515
    endloop
  endfacet
  facet normal -0.851262 0.402617 0.336530
    outer loop
      vertex -122.218351 65.327070 57.402515
      vertex -126.591905 67.664783 43.542702
      vertex -132.614639 54.930782 43.542702
    endloop
  endfacet
  facet normal -0.851262 0.402617 0.336530
    outer loop
      vertex -122.218351 65.327070 57.402515
      vertex -132.614639 54.930782 43.542702
      vertex -128.033009 53.033009 57.402515
    endloop
  endfacet
  facet normal -0.886626 0.317240 0.336530
    outer loop
      vertex -128.033009 53.033009 57.402515
      vertex -132.614639 54.930782 43.542702
      vertex -137.360221 41.667767 43.542702
    endloop
  endfacet
  facet normal -0.886626 0.317240 0.336530
    outer loop
      vertex -128.033009 53.033009 57.402515
      vertex -137.360221 41.667767 43.542702
      vertex -132.614639 40.228211 57.402515
    endloop
  endfacet
  facet normal -0.913452 0.228808 0.336530
    outer loop
      vertex -132.614639 40.228211 57.402515
      vertex -137.360221 41.667767 43.542702
      vertex -140.782949 28.003470 43.542702
    endloop
  endfacet
  facet normal -0.913452 0.228808 0.336530
    outer loop
      vertex -132.614639 40.228211 57.402515
      vertex -140.782949 28.003470 43.542702
      vertex -135.919117 27.035993 57.402515
    endloop
  endfacet
  facet normal -0.931481 0.138172 0.336530
    outer loop
      vertex -135.919117 27.035993 57.402515
      vertex -140.782949 28.003470 43.542702
      vertex -142.849861 14.069483 43.542702
    endloop
  endfacet
  facet normal -0.931481 0.138172 0.336530
    outer loop
      vertex -135.919117 27.035993 57.402515
      vertex -142.849861 14.069483 43.542702
      vertex -137.914620 13.583404 57.402515
    endloop
  endfacet
  facet normal -0.940538 0.046206 0.336530
    outer loop
      vertex -137.914620 13.583404 57.402515
      vertex -142.849861 14.069483 43.542702
      vertex -143.541050 0.000000 43.542702
    endloop
  endfacet
  facet normal -0.940538 0.046206 0.336530
    outer loop
      vertex -137.914620 13.583404 57.402515
      vertex -143.541050 0.000000 43.542702
      vertex -138.581930 0.000000 57.402515
    endloop
  endfacet
  facet normal -0.940538 -0.046206 0.336530
    outer loop
      vertex -138.581930 0.000000 57.402515
      vertex -143.541050 0.000000 43.542702
      vertex -142.849861 -14.069483 43.542702
    endloop
  endfacet
  facet normal -0.940538 -0.046206 0.336530
    outer loop
      vertex -138.581930 0.000000 57.402515
      vertex -142.849861 -14.069483 43.542702
      vertex -137.914620 -13.583404 57.402515
    endloop
  endfacet
  facet normal -0.931481 -0.138172 0.336530
    outer loop
      vertex -137.914620 -13.583404 57.402515
      vertex -142.849861 -14.069483 43.542702
      vertex -140.782949 -28.003470 43.542702
    endloop
  endfacet
  facet normal -0.931481 -0.138172 0.336530
    outer loop
      vertex -137.914620 -13.583404 57.402515
      vertex -140.782949 -28.003470 43.542702
      vertex -135.919117 -27.035993 57.402515
    endloop
  endfacet
  facet normal -0.913452 -0.228808 0.336530
    outer loop
      vertex -135.919117 -27.035993 57.402515
      vertex -140.782949 -28.003470 43.542702
      vertex -137.360221 -41.667767 43.542702
    endloop
  endfacet
  facet normal -0.913452 -0.228808 0.336530
    outer loop
      vertex -135.919117 -27.035993 57.402515
      vertex -137.360221 -41.667767 43.542702
      vertex -132.614639 -40.228211 57.402515
    endloop
  endfacet
  facet normal -0.886626 -0.317240 0.336530
    outer loop
      vertex -132.614639 -40.228211 57.402515
      vertex -137.360221 -41.667767 43.542702
      vertex -132.614639 -54.930782 43.542702
    endloop
  endfacet
  facet normal -0.886626 -0.317240 0.336530
    outer loop
      vertex -132.614639 -40.228211 57.402515
      vertex -132.614639 -54.930782 43.542702
      vertex -128.033009 -53.033009 57.402515
    endloop
  endfacet
  facet normal -0.851262 -0.402617 0.336530
    outer loop
      vertex -128.033009 -53.033009 57.402515
      vertex -132.614639 -54.930782 43.542702
      vertex -126.591905 -67.664783 43.542702
    endloop
  endfacet
  facet normal -0.851262 -0.402617 0.336530
    outer loop
      vertex -128.033009 -53.033009 57.402515
      vertex -126.591905 -67.664783 43.542702
      vertex -122.218351 -65.327070 57.402515
    endloop
  endfacet
  facet normal -0.807700 -0.484117 0.336530
    outer loop
      vertex -122.218351 -65.327070 57.402515
      vertex -126.591905 -67.664783 43.542702
      vertex -119.350021 -79.747135 43.542702
    endloop
  endfacet
  facet normal -0.807700 -0.484117 0.336530
    outer loop
      vertex -122.218351 -65.327070 57.402515
      vertex -119.350021 -79.747135 43.542702
      vertex -115.226664 -76.991995 57.402515
    endloop
  endfacet
  facet normal -0.756359 -0.560954 0.336530
    outer loop
      vertex -115.226664 -76.991995 57.402515
      vertex -119.350021 -79.747135 43.542702
      vertex -110.958732 -91.061478 43.542702
    endloop
  endfacet
  facet normal -0.756359 -0.560954 0.336530
    outer loop
      vertex -115.226664 -76.991995 57.402515
      vertex -110.958732 -91.061478 43.542702
      vertex -107.125280 -87.915446 57.402515
    endloop
  endfacet
  facet normal -0.697733 -0.632389 0.336530
    outer loop
      vertex -107.125280 -87.915446 57.402515
      vertex -110.958732 -91.061478 43.542702
      vertex -101.498850 -101.498850 43.542702
    endloop
  endfacet
  facet normal -0.697733 -0.632389 0.336530
    outer loop
      vertex -107.125280 -87.915446 57.402515
      vertex -101.498850 -101.498850 43.542702
      vertex -97.992222 -97.992222 57.402515
    endloop
  endfacet
  facet normal -0.632389 -0.697733 0.336530
    outer loop
      vertex -97.992222 -97.992222 57.402515
      vertex -101.498850 -101.498850 43.542702
      vertex -91.061478 -110.958732 43.542702
    endloop
  endfacet
  facet normal -0.632389 -0.697733 0.336530
    outer loop
      vertex -97.992222 -97.992222 57.402515
      vertex -91.061478 -110.958732 43.542702
      vertex -87.915446 -107.125280 57.402515
    endloop
  endfacet
  facet normal -0.560954 -0.756359 0.336530
    outer loop
      vertex -87.915446 -107.125280 57.402515
      vertex -91.061478 -110.958732 43.542702
      vertex -79.747135 -119.350021 43.542702
    endloop
  endfacet
  facet normal -0.560954 -0.756359 0.336530
    outer loop
      vertex -87.915446 -107.125280 57.402515
      vertex -79.747135 -119.350021 43.542702
      vertex -76.991995 -115.226664 57.402515
    endloop
  endfacet
  facet normal -0.484117 -0.807700 0.336530
    outer loop
      vertex -76.991995 -115.226664 57.402515
      vertex -79.747135 -119.350021 43.542702
      vertex -67.664783 -126.591905 43.542702
    endloop
  endfacet
  facet normal -0.484117 -0.807700 0.336530
    outer loop
      vertex -76.991995 -115.226664 57.402515
      vertex -67.664783 -126.591905 43.542702
      vertex -65.327070 -122.218351 57.402515
    endloop
  endfacet
  facet normal -0.402617 -0.851262 0.336530
    outer loop
      vertex -65.327070 -122.218351 57.402515
      vertex -67.664783 -126.591905 43.542702
      vertex -54.930782 -132.614639 43.542702
    endloop
  endfacet
  facet normal -0.402617 -0.851262 0.336530
    outer loop
      vertex -65.327070 -122.218351 57.402515
      vertex -54.930782 -132.614639 43.542702
      vertex -53.033009 -128.033009 57.402515
    endloop
  endfacet
  facet normal -0.317240 -0.886626 0.336530
    outer loop
      vertex -53.033009 -128.033009 57.402515
      vertex -54.930782 -132.614639 43.542702
      vertex -41.667767 -137.360221 43.542702
    endloop
  endfacet
  facet normal -0.317240 -0.886626 0.336530
    outer loop
      vertex -53.033009 -128.033009 57.402515
      vertex -41.667767 -137.360221 43.542702
      vertex -40.228211 -132.614639 57.402515
    endloop
  endfacet
  facet normal -0.228808 -0.913452 0.336530
    outer loop
      vertex -40.228211 -132.614639 57.402515
      vertex -41.667767 -137.360221 43.542702
      vertex -28.003470 -140.782949 43.542702
    endloop
  endfacet
  facet normal -0.228808 -0.913452 0.336530
    outer loop
      vertex -40.228211 -132.614639 57.402515
      vertex -28.003470 -140.782949 43.542702
      vertex -27.035993 -135.919117 57.402515
    endloop
  endfacet
  facet normal -0.138172 -0.931481 0.336530
    outer loop
      vertex -27.035993 -135.919117 57.402515
      vertex -28.003470 -140.782949 43.542702
      vertex -14.069483 -142.849861 43.542702
    endloop
  endfacet
  facet normal -0.138172 -0.931481 0.336530
    outer loop
      vertex -27.035993 -135.919117 57.402515
      vertex -14.069483 -142.849861 43.542702
      vertex -13.583404 -137.914620 57.402515
    endloop
  endfacet
  facet normal -0.046206 -0.940538 0.336530
    outer loop
      vertex -13.583404 -137.914620 57.402515
      vertex -14.069483 -142.849861 43.542702
      vertex -0.000000 -143.541050 43.542702
    endloop
  endfacet
  facet normal -0.046206 -0.940538 0.336530
    outer loop
      vertex -13.583404 -137.914620 57.402515
      vertex -0.000000 -143.541050 43.542702
      vertex -0.000000 -138.581930 57.402515
    endloop
  endfacet
  facet normal 0.046206 -0.940538 0.336530
    outer loop
      vertex -0.000000 -138.581930 57.402515
      vertex -0.000000 -143.541050 43.542702
      vertex 14.069483 -142.849861 43.542702
    endloop
  endfacet
  facet normal 0.046206 -0.940538 0.336530
    outer loop
      vertex -0.000000 -138.581930 57.402515
      vertex 14.069483 -142.849861 43.542702
      vertex 13.583404 -137.914620 57.402515
    endloop
  endfacet
  facet normal 0.138172 -0.931481 0.336530
    outer loop
      vertex 13.583404 -137.914620 57.402515
      vertex 14.069483 -142.849861 43.542702
      vertex 28.003470 -140.782949 43.542702
    endloop
  endfacet
  facet normal 0.138172 -0.931481 0.336530
    outer loop
      vertex 13.583404 -137.914620 57.402515
      vertex 28.003470 -140.782949 43.542702
      vertex 27.035993 -135.919117 57.402515
    endloop
  endfacet
  facet normal 0.228808 -0.913452 0.336530
    outer loop
      vertex 27.035993 -135.919117 57.402515
      vertex 28.003470 -140.782949 43.542702
      vertex 41.667767 -137.360221 43.542702
    endloop
  endfacet
  facet normal 0.228808 -0.913452 0.336530
    outer loop
      vertex 27.035993 -135.919117 57.402515
      vertex 41.667767 -137.360221 43.542702
      vertex 40.228211 -132.614639 57.402515
    endloop
  endfacet
  facet normal 0.317240 -0.886626 0.336530
    outer loop
      vertex 40.228211 -132.614639 57.402515
      vertex 41.667767 -137.360221 43.542702
      vertex 54.930782 -132.614639 43.542702
    endloop
  endfacet
  facet normal 0.317240 -0.886626 0.336530
    outer loop
      vertex 40.228211 -132.614639 57.402515
      vertex 54.930782 -132.614639 43.542702
      vertex 53.033009 -128.033009 57.402515
    endloop
  endfacet
  facet normal 0.402617 -0.851262 0.336530
    outer loop
      vertex 53.033009 -128.033009 57.402515
      vertex 54.930782 -132.614639 43.542702
      vertex 67.664783 -126.591905 43.542702
    endloop
  endfacet
  facet normal 0.402617 -0.851262 0.336530
    outer loop
      vertex 53.033009 -128.033009 57.402515
      vertex 67.664783 -126.591905 43.542702
      vertex 65.327070 -122.218351 57.402515
    endloop
  endfacet
  facet normal 0.484117 -0.807700 0.336530
    outer loop
      vertex 65.327070 -122.218351 57.402515
      vertex 67.664783 -126.591905 43.542702
      vertex 79.747135 -119.350021 43.542702
    endloop
  endfacet
  facet normal 0.484117 -0.807700 0.336530
    outer loop
      vertex 65.327070 -122.218351 57.402515
      vertex 79.747135 -119.350021 43.542702
      vertex 76.991995 -115.226664 57.402515
    endloop
  endfacet
  facet normal 0.560954 -0.756359 0.336530
    outer loop
      vertex 76.991995 -115.226664 57.402515
      vertex 79.747135 -119.350021 43.542702
      vertex 91.061478 -110.958732 43.542702
    endloop
  endfacet
  facet normal 0.560954 -0.756359 0.336530
    outer loop
      vertex 76.991995 -115.226664 57.402515
      vertex 91.061478 -110.958732 43.542702
      vertex 87.915446 -107.125280 57.402515
    endloop
  endfacet
  facet normal 0.632389 -0.697733 0.336530
    outer loop
      vertex 87.915446 -107.125280 57.402515
      vertex 91.061478 -110.958732 43.542702
      vertex 101.498850 -101.498850 43.542702
    endloop
  endfacet
  facet normal 0.632389 -0.697733 0.336530
    outer loop
      vertex 87.915446 -107.125280 57.402515
      vertex 101.498850 -101.498850 43.542702
      vertex 97.992222 -97.992222 57.402515
    endloop
  endfacet
  facet normal 0.697733 -0.632389 0.336530
    outer loop
      vertex 97.992222 -97.992222 57.402515
      vertex 101.498850 -101.498850 43.542702
      vertex 110.958732 -91.061478 43.542702
    endloop
  endfacet
  facet normal 0.697733 -0.632389 0.336530
    outer loop
      vertex 97.992222 -97.992222 57.402515
      vertex 110.958732 -91.061478 43.542702
      vertex 107.125280 -87.915446 57.402515
    endloop
  endfacet
  facet normal 0.756359 -0.560954 0.336530
    outer loop
      vertex 107.125280 -87.915446 57.402515
      vertex 110.958732 -91.061478 43.542702
      vertex 119.350021 -79.747135 43.542702
    endloop
  endfacet
  facet normal 0.756359 -0.560954 0.336530
    outer loop
      vertex 107.125280 -87.915446 57.402515
      vertex 119.350021 -79.747135 43.542702
      vertex 115.226664 -76.991995 57.402515
    endloop
  endfacet
  facet normal 0.807700 -0.484117 0.336530
    outer loop
      vertex 115.226664 -76.991995 57.402515
      vertex 119.350021 -79.747135 43.542702
      vertex 126.591905 -67.664783 43.542702
    endloop
  endfacet
  facet normal 0.807700 -0.484117 0.336530
    outer loop
      vertex 115.226664 -76.991995 57.402515
      vertex 126.591905 -67.664783 43.542702
      vertex 122.218351 -65.327070 57.402515
    endloop
  endfacet
  facet normal 0.851262 -0.402617 0.336530
    outer loop
      vertex 122.218351 -65.327070 57.402515
      vertex 126.591905 -67.664783 43.542702
      vertex 132.614639 -54.930782 43.542702
    endloop
  endfacet
  facet normal 0.851262 -0.402617 0.336530
    outer loop
      vertex 122.218351 -65.327070 57.402515
      vertex 132.614639 -54.930782 43.542702
      vertex 128.033009 -53.033009 57.402515
    endloop
  endfacet
  facet normal 0.886626 -0.317240 0.336530
    outer loop
      vertex 128.033009 -53.033009 57.402515
      vertex 132.614639 -54.930782 43.542702
      vertex 137.360221 -41.667767 43.542702
    endloop
  endfacet
  facet normal 0.886626 -0.317240 0.336530
    outer loop
      vertex 128.033009 -53.033009 57.402515
      vertex 137.360221 -41.667767 43.542702
      vertex 132.614639 -40.228211 57.402515
    endloop
  endfacet
  facet normal 0.913452 -0.228808 0.336530
    outer loop
      vertex 132.614639 -40.228211 57.402515
      vertex 137.360221 -41.667767 43.542702
      vertex 140.782949 -28.003470 43.542702
    endloop
  endfacet
  facet normal 0.913452 -0.228808 0.336530
    outer loop
      vertex 132.614639 -40.228211 57.402515
      vertex 140.782949 -28.003470 43.542702
      vertex 135.919117 -27.035993 57.402515
    endloop
  endfacet
  facet normal 0.931481 -0.138172 0.336530
    outer loop
      vertex 135.919117 -27.035993 57.402515
      vertex 140.782949 -28.003470 43.542702
      vertex 142.849861 -14.069483 43.542702
    endloop
  endfacet
  facet normal 0.931481 -0.138172 0.336530
    outer loop
      vertex 135.919117 -27.035993 57.402515
      vertex 142.849861 -14.069483 43.542702
      vertex 137.914620 -13.583404 57.402515
    endloop
  endfacet
  facet normal 0.940538 -0.046206 0.336530
    outer loop
      vertex 137.914620 -13.583404 57.402515
      vertex 142.849861 -14.069483 43.542702
      vertex 143.541050 -0.000000 43.542702
    endloop
  endfacet
  facet normal 0.940538 -0.046206 0.336530
    outer loop
      vertex 137.914620 -13.583404 57.402515
      vertex 143.541050 -0.000000 43.542702
      vertex 138.581930 -0.000000 57.402515
    endloop
  endfacet
  facet normal 0.968932 0.047601 0.242705
    outer loop
      vertex 143.541050 0.000000 43.542702
      vertex 147.117792 0.000000 29.263548
      vertex 146.409380 14.420065 29.263548
    endloop
  endfacet
  facet normal 0.968932 0.047601 0.242705
    outer loop
      vertex 143.541050 0.000000 43.542702
      vertex 146.409380 14.420065 29.263548
      vertex 142.849861 14.069483 43.542702
    endloop
  endfacet
  facet normal 0.959600 0.142343 0.242705
    outer loop
      vertex 142.849861 14.069483 43.542702
      vertex 146.409380 14.420065 29.263548
      vertex 144.290965 28.701257 29.263548
    endloop
  endfacet
  facet normal 0.959600 0.142343 0.242705
    outer loop
      vertex 142.849861 14.069483 43.542702
      vertex 144.290965 28.701257 29.263548
      vertex 140.782949 28.003470 43.542702
    endloop
  endfacet
  facet normal 0.941028 0.235715 0.242705
    outer loop
      vertex 140.782949 28.003470 43.542702
      vertex 144.290965 28.701257 29.263548
      vertex 140.782949 42.706041 29.263548
    endloop
  endfacet
  facet normal 0.941028 0.235715 0.242705
    outer loop
      vertex 140.782949 28.003470 43.542702
      vertex 140.782949 42.706041 29.263548
      vertex 137.360221 41.667767 43.542702
    endloop
  endfacet
  facet normal 0.913392 0.326817 0.242705
    outer loop
      vertex 137.360221 41.667767 43.542702
      vertex 140.782949 42.706041 29.263548
      vertex 135.919117 56.299542 29.263548
    endloop
  endfacet
  facet normal 0.913392 0.326817 0.242705
    outer loop
      vertex 137.360221 41.667767 43.542702
      vertex 135.919117 56.299542 29.263548
      vertex 132.614639 54.930782 43.542702
    endloop
  endfacet
  facet normal 0.876960 0.414771 0.242705
    outer loop
      vertex 132.614639 54.930782 43.542702
      vertex 135.919117 56.299542 29.263548
      vertex 129.746309 69.350847 29.263548
    endloop
  endfacet
  facet normal 0.876960 0.414771 0.242705
    outer loop
      vertex 132.614639 54.930782 43.542702
      vertex 129.746309 69.350847 29.263548
      vertex 126.591905 67.664783 43.542702
    endloop
  endfacet
  facet normal 0.832083 0.498731 0.242705
    outer loop
      vertex 126.591905 67.664783 43.542702
      vertex 129.746309 69.350847 29.263548
      vertex 122.323974 81.734266 29.263548
    endloop
  endfacet
  facet normal 0.832083 0.498731 0.242705
    outer loop
      vertex 126.591905 67.664783 43.542702
      vertex 122.323974 81.734266 29.263548
      vertex 119.350021 79.747135 43.542702
    endloop
  endfacet
  facet normal 0.779192 0.577888 0.242705
    outer loop
      vertex 119.350021 79.747135 43.542702
      vertex 122.323974 81.734266 29.263548
      vertex 113.723591 93.330539 29.263548
    endloop
  endfacet
  facet normal 0.779192 0.577888 0.242705
    outer loop
      vertex 119.350021 79.747135 43.542702
      vertex 113.723591 93.330539 29.263548
      vertex 110.958732 91.061478 43.542702
    endloop
  endfacet
  facet normal 0.718797 0.651479 0.242705
    outer loop
      vertex 110.958732 91.061478 43.542702
      vertex 113.723591 93.330539 29.263548
      vertex 104.027988 104.027988 29.263548
    endloop
  endfacet
  facet normal 0.718797 0.651479 0.242705
    outer loop
      vertex 110.958732 91.061478 43.542702
      vertex 104.027988 104.027988 29.263548
      vertex 101.498850 101.498850 43.542702
    endloop
  endfacet
  facet normal 0.651479 0.718797 0.242705
    outer loop
      vertex 101.498850 101.498850 43.542702
      vertex 104.027988 104.027988 29.263548
      vertex 93.330539 113.723591 29.263548
    endloop
  endfacet
  facet normal 0.651479 0.718797 0.242705
    outer loop
      vertex 101.498850 101.498850 43.542702
      vertex 93.330539 113.723591 29.263548
      vertex 91.061478 110.958732 43.542702
    endloop
  endfacet
  facet normal 0.577888 0.779192 0.242705
    outer loop
      vertex 91.061478 110.958732 43.542702
      vertex 93.330539 113.723591 29.263548
      vertex 81.734266 122.323974 29.263548
    endloop
  endfacet
  facet normal 0.577888 0.779192 0.242705
    outer loop
      vertex 91.061478 110.958732 43.542702
      vertex 81.734266 122.323974 29.263548
      vertex 79.747135 119.350021 43.542702
    endloop
  endfacet
  facet normal 0.498731 0.832083 0.242705
    outer loop
      vertex 79.747135 119.350021 43.542702
      vertex 81.734266 122.323974 29.263548
      vertex 69.350847 129.746309 29.263548
    endloop
  endfacet
  facet normal 0.498731 0.832083 0.242705
    outer loop
      vertex 79.747135 119.350021 43.542702
      vertex 69.350847 129.746309 29.263548
      vertex 67.664783 126.591905 43.542702
    endloop
  endfacet
  facet normal 0.414771 0.876960 0.242705
    outer loop
      vertex 67.664783 126.591905 43.542702
      vertex 69.350847 129.746309 29.263548
      vertex 56.299542 135.919117 29.263548
    endloop
  endfacet
  facet normal 0.414771 0.876960 0.242705
    outer loop
      vertex 67.664783 126.591905 43.542702
      vertex 56.299542 135.919117 29.263548
      vertex 54.930782 132.614639 43.542702
    endloop
  endfacet
  facet normal 0.326817 0.913392 0.242705
    outer loop
      vertex 54.930782 132.614639 43.542702
      vertex 56.299542 135.919117 29.263548
      vertex 42.706041 140.782949 29.263548
    endloop
  endfacet
  facet normal 0.326817 0.913392 0.242705
    outer loop
      vertex 54.930782 132.614639 43.542702
      vertex 42.706041 140.782949 29.263548
      vertex 41.667767 137.360221 43.542702
    endloop
  endfacet
  facet normal 0.235715 0.941028 0.242705
    outer loop
      vertex 41.667767 137.360221 43.542702
      vertex 42.706041 140.782949 29.263548
      vertex 28.701257 144.290965 29.263548
    endloop
  endfacet
  facet normal 0.235715 0.941028 0.242705
    outer loop
      vertex 41.667767 137.360221 43.542702
      vertex 28.701257 144.290965 29.263548
      vertex 28.003470 140.782949 43.542702
    endloop
  endfacet
  facet normal 0.142343 0.959600 0.242705
    outer loop
      vertex 28.003470 140.782949 43.542702
      vertex 28.701257 144.290965 29.263548
      vertex 14.420065 146.409380 29.263548
    endloop
  endfacet
  facet normal 0.142343 0.959600 0.242705
    outer loop
      vertex 28.003470 140.782949 43.542702
      vertex 14.420065 146.409380 29.263548
      vertex 14.069483 142.849861 43.542702
    endloop
  endfacet
  facet normal 0.047601 0.968932 0.242705
    outer loop
      vertex 14.069483 142.849861 43.542702
      vertex 14.420065 146.409380 29.263548
      vertex 0.000000 147.117792 29.263548
    endloop
  endfacet
  facet normal 0.047601 0.968932 0.242705
    outer loop
      vertex 14.069483 142.849861 43.542702
      vertex 0.000000 147.117792 29.263548
      vertex 0.000000 143.541050 43.542702
    endloop
  endfacet
  facet normal -0.047601 0.968932 0.242705
    outer loop
      vertex 0.000000 143.541050 43.542702
      vertex 0.000000 147.117792 29.263548
      vertex -14.420065 146.409380 29.263548
    endloop
  endfacet
  facet normal -0.047601 0.968932 0.242705
    outer loop
      vertex 0.000000 143.541050 43.542702
      vertex -14.420065 146.409380 29.263548
      vertex -14.069483 142.849861 43.542702
    endloop
  endfacet
  facet normal -0.142343 0.959600 0.242705
    outer loop
      vertex -14.069483 142.849861 43.542702
      vertex -14.420065 146.409380 29.263548
      vertex -28.701257 144.290965 29.263548
    endloop
  endfacet
  facet normal -0.142343 0.959600 0.242705
    outer loop
      vertex -14.069483 142.849861 43.542702
      vertex -28.701257 144.290965 29.263548
      vertex -28.003470 140.782949 43.542702
    endloop
  endfacet
  facet normal -0.235715 0.941028 0.242705
    outer loop
      vertex -28.003470 140.782949 43.542702
      vertex -28.701257 144.290965 29.263548
      vertex -42.706041 140.782949 29.263548
    endloop
  endfacet
  facet normal -0.235715 0.941028 0.242705
    outer loop
      vertex -28.003470 140.782949 43.542702
      vertex -42.706041 140.782949 29.263548
      vertex -41.667767 137.360221 43.542702
    endloop
  endfacet
  facet normal -0.326817 0.913392 0.242705
    outer loop
      vertex -41.667767 137.360221 43.542702
      vertex -42.706041 140.782949 29.263548
      vertex -56.299542 135.919117 29.263548
    endloop
  endfacet
  facet normal -0.326817 0.913392 0.242705
    outer loop
      vertex -41.667767 137.360221 43.542702
      vertex -56.299542 135.919117 29.263548
      vertex -54.930782 132.614639 43.542702
    endloop
  endfacet
  facet normal -0.414771 0.876960 0.242705
    outer loop
      vertex -54.930782 132.614639 43.542702
      vertex -56.299542 135.919117 29.263548
      vertex -69.350847 129.746309 29.263548
    endloop
  endfacet
  facet normal -0.414771 0.876960 0.242705
    outer loop
      vertex -54.930782 132.614639 43.542702
      vertex -69.350847 129.746309 29.263548
      vertex -67.664783 126.591905 43.542702
    endloop
  endfacet
  facet normal -0.498731 0.832083 0.242705
    outer loop
      vertex -67.664783 126.591905 43.542702
      vertex -69.350847 129.746309 29.263548
      vertex -81.734266 122.323974 29.263548
    endloop
  endfacet
  facet normal -0.498731 0.832083 0.242705
    outer loop
      vertex -67.664783 126.591905 43.542702
      vertex -81.734266 122.323974 29.263548
      vertex -79.747135 119.350021 43.542702
    endloop
  endfacet
  facet normal -0.577888 0.779192 0.242705
    outer loop
      vertex -79.747135 119.350021 43.542702
      vertex -81.734266 122.323974 29.263548
      vertex -93.330539 113.723591 29.263548
    endloop
  endfacet
  facet normal -0.577888 0.779192 0.242705
    outer loop
      vertex -79.747135 119.350021 43.542702
      vertex -93.330539 113.723591 29.263548
      vertex -91.061478 110.958732 43.542702
    endloop
  endfacet
  facet normal -0.651479 0.718797 0.242705
    outer loop
      vertex -91.061478 110.958732 43.542702
      vertex -93.330539 113.723591 29.263548
      vertex -104.027988 104.027988 29.263548
    endloop
  endfacet
  facet normal -0.651479 0.718797 0.242705
    outer loop
      vertex -91.061478 110.958732 43.542702
      vertex -104.027988 104.027988 29.263548
      vertex -101.498850 101.498850 43.542702
    endloop
  endfacet
  facet normal -0.718797 0.651479 0.242705
    outer loop
      vertex -101.498850 101.498850 43.542702
      vertex -104.027988 104.027988 29.263548
      vertex -113.723591 93.330539 29.263548
    endloop
  endfacet
  facet normal -0.718797 0.651479 0.242705
    outer loop
      vertex -101.498850 101.498850 43.542702
      vertex -113.723591 93.330539 29.263548
      vertex -110.958732 91.061478 43.542702
    endloop
  endfacet
  facet normal -0.779192 0.577888 0.242705
    outer loop
      vertex -110.958732 91.061478 43.542702
      vertex -113.723591 93.330539 29.263548
      vertex -122.323974 81.734266 29.263548
    endloop
  endfacet
  facet normal -0.779192 0.577888 0.242705
    outer loop
      vertex -110.958732 91.061478 43.542702
      vertex -122.323974 81.734266 29.263548
      vertex -119.350021 79.747135 43.542702
    endloop
  endfacet
  facet normal -0.832083 0.498731 0.242705
    outer loop
      vertex -119.350021 79.747135 43.542702
      vertex -122.323974 81.734266 29.263548
      vertex -129.746309 69.350847 29.263548
    endloop
  endfacet
  facet normal -0.832083 0.498731 0.242705
    outer loop
      vertex -119.350021 79.747135 43.542702
      vertex -129.746309 69.350847 29.263548
      vertex -126.591905 67.664783 43.542702
    endloop
  endfacet
  facet normal -0.876960 0.414771 0.242705
    outer loop
      vertex -126.591905 67.664783 43.542702
      vertex -129.746309 69.350847 29.263548
      vertex -135.919117 56.299542 29.263548
    endloop
  endfacet
  facet normal -0.876960 0.414771 0.242705
    outer loop
      vertex -126.591905 67.664783 43.542702
      vertex -135.919117 56.299542 29.263548
      vertex -132.614639 54.930782 43.542702
    endloop
  endfacet
  facet normal -0.913392 0.326817 0.242705
    outer loop
      vertex -132.614639 54.930782 43.542702
      vertex -135.919117 56.299542 29.263548
      vertex -140.782949 42.706041 29.263548
    endloop
  endfacet
  facet normal -0.913392 0.326817 0.242705
    outer loop
      vertex -132.614639 54.930782 43.542702
      vertex -140.782949 42.706041 29.263548
      vertex -137.360221 41.667767 43.542702
    endloop
  endfacet
  facet normal -0.941028 0.235715 0.242705
    outer loop
      vertex -137.360221 41.667767 43.542702
      vertex -140.782949 42.706041 29.263548
      vertex -144.290965 28.701257 29.263548
    endloop
  endfacet
  facet normal -0.941028 0.235715 0.242705
    outer loop
      vertex -137.360221 41.667767 43.542702
      vertex -144.290965 28.701257 29.263548
      vertex -140.782949 28.003470 43.542702
    endloop
  endfacet
  facet normal -0.959600 0.142343 0.242705
    outer loop
      vertex -140.782949 28.003470 43.542702
      vertex -144.290965 28.701257 29.263548
      vertex -146.409380 14.420065 29.263548
    endloop
  endfacet
  facet normal -0.959600 0.142343 0.242705
    outer loop
      vertex -140.782949 28.003470 43.542702
      vertex -146.409380 14.420065 29.263548
      vertex -142.849861 14.069483 43.542702
    endloop
  endfacet
  facet normal -0.968932 0.047601 0.242705
    outer loop
      vertex -142.849861 14.069483 43.542702
      vertex -146.409380 14.420065 29.263548
      vertex -147.117792 0.000000 29.263548
    endloop
  endfacet
  facet normal -0.968932 0.047601 0.242705
    outer loop
      vertex -142.849861 14.069483 43.542702
      vertex -147.117792 0.000000 29.263548
      vertex -143.541050 0.000000 43.542702
    endloop
  endfacet
  facet normal -0.968932 -0.047601 0.242705
    outer loop
      vertex -143.541050 0.000000 43.542702
      vertex -147.117792 0.000000 29.263548
      vertex -146.409380 -14.420065 29.263548
    endloop
  endfacet
  facet normal -0.968932 -0.047601 0.242705
    outer loop
      vertex -143.541050 0.000000 43.542702
      vertex -146.409380 -14.420065 29.263548
      vertex -142.849861 -14.069483 43.542702
    endloop
  endfacet
  facet normal -0.959600 -0.142343 0.242705
    outer loop
      vertex -142.849861 -14.069483 43.542702
      vertex -146.409380 -14.420065 29.263548
      vertex -144.290965 -28.701257 29.263548
    endloop
  endfacet
  facet normal -0.959600 -0.142343 0.242705
    outer loop
      vertex -142.849861 -14.069483 43.542702
      vertex -144.290965 -28.701257 29.263548
      vertex -140.782949 -28.003470 43.542702
    endloop
  endfacet
  facet normal -0.941028 -0.235715 0.242705
    outer loop
      vertex -140.782949 -28.003470 43.542702
      vertex -144.290965 -28.701257 29.263548
      vertex -140.782949 -42.706041 29.263548
    endloop
  endfacet
  facet normal -0.941028 -0.235715 0.242705
    outer loop
      vertex -140.782949 -28.003470 43.542702
      vertex -140.782949 -42.706041 29.263548
      vertex -137.360221 -41.667767 43.542702
    endloop
  endfacet
  facet normal -0.913392 -0.326817 0.242705
    outer loop
      vertex -137.360221 -41.667767 43.542702
      vertex -140.782949 -42.706041 29.263548
      vertex -135.919117 -56.299542 29.263548
    endloop
  endfacet
  facet normal -0.913392 -0.326817 0.242705
    outer loop
      vertex -137.360221 -41.667767 43.542702
      vertex -135.919117 -56.299542 29.263548
      vertex -132.614639 -54.930782 43.542702
    endloop
  endfacet
  facet normal -0.876960 -0.414771 0.242705
    outer loop
      vertex -132.614639 -54.930782 43.542702
      vertex -135.919117 -56.299542 29.263548
      vertex -129.746309 -69.350847 29.263548
    endloop
  endfacet
  facet normal -0.876960 -0.414771 0.242705
    outer loop
      vertex -132.614639 -54.930782 43.542702
      vertex -129.746309 -69.350847 29.263548
      vertex -126.591905 -67.664783 43.542702
    endloop
  endfacet
  facet normal -0.832083 -0.498731 0.242705
    outer loop
      vertex -126.591905 -67.664783 43.542702
      vertex -129.746309 -69.350847 29.263548
      vertex -122.323974 -81.734266 29.263548
    endloop
  endfacet
  facet normal -0.832083 -0.498731 0.242705
    outer loop
      vertex -126.591905 -67.664783 43.542702
      vertex -122.323974 -81.734266 29.263548
      vertex -119.350021 -79.747135 43.542702
    endloop
  endfacet
  facet normal -0.779192 -0.577888 0.242705
    outer loop
      vertex -119.350021 -79.747135 43.542702
      vertex -122.323974 -81.734266 29.263548
      vertex -113.723591 -93.330539 29.263548
    endloop
  endfacet
  facet normal -0.779192 -0.577888 0.242705
    outer loop
      vertex -119.350021 -79.747135 43.542702
      vertex -113.723591 -93.330539 29.263548
      vertex -110.958732 -91.061478 43.542702
    endloop
  endfacet
  facet normal -0.718797 -0.651479 0.242705
    outer loop
      vertex -110.958732 -91.061478 43.542702
      vertex -113.723591 -93.330539 29.263548
      vertex -104.027988 -104.027988 29.263548
    endloop
  endfacet
  facet normal -0.718797 -0.651479 0.242705
    outer loop
      vertex -110.958732 -91.061478 43.542702
      vertex -104.027988 -104.027988 29.263548
      vertex -101.498850 -101.498850 43.542702
    endloop
  endfacet
  facet normal -0.651479 -0.718797 0.242705
    outer loop
      vertex -101.498850 -101.498850 43.542702
      vertex -104.027988 -104.027988 29.263548
      vertex -93.330539 -113.723591 29.263548
    endloop
  endfacet
  facet normal -0.651479 -0.718797 0.242705
    outer loop
      vertex -101.498850 -101.498850 43.542702
      vertex -93.330539 -113.723591 29.263548
      vertex -91.061478 -110.958732 43.542702
    endloop
  endfacet
  facet normal -0.577888 -0.779192 0.242705
    outer loop
      vertex -91.061478 -110.958732 43.542702
      vertex -93.330539 -113.723591 29.263548
      vertex -81.734266 -122.323974 29.263548
    endloop
  endfacet
  facet normal -0.577888 -0.779192 0.242705
    outer loop
      vertex -91.061478 -110.958732 43.542702
      vertex -81.734266 -122.323974 29.263548
      vertex -79.747135 -119.350021 43.542702
    endloop
  endfacet
  facet normal -0.498731 -0.832083 0.242705
    outer loop
      vertex -79.747135 -119.350021 43.542702
      vertex -81.734266 -122.323974 29.263548
      vertex -69.350847 -129.746309 29.263548
    endloop
  endfacet
  facet normal -0.498731 -0.832083 0.242705
    outer loop
      vertex -79.747135 -119.350021 43.542702
      vertex -69.350847 -129.746309 29.263548
      vertex -67.664783 -126.591905 43.542702
    endloop
  endfacet
  facet normal -0.414771 -0.876960 0.242705
    outer loop
      vertex -67.664783 -126.591905 43.542702
      vertex -69.350847 -129.746309 29.263548
      vertex -56.299542 -135.919117 29.263548
    endloop
  endfacet
  facet normal -0.414771 -0.876960 0.242705
    outer loop
      vertex -67.664783 -126.591905 43.542702
      vertex -56.299542 -135.919117 29.263548
      vertex -54.930782 -132.614639 43.542702
    endloop
  endfacet
  facet normal -0.326817 -0.913392 0.242705
    outer loop
      vertex -54.930782 -132.614639 43.542702
      vertex -56.299542 -135.919117 29.263548
      vertex -42.706041 -140.782949 29.263548
    endloop
  endfacet
  facet normal -0.326817 -0.913392 0.242705
    outer loop
      vertex -54.930782 -132.614639 43.542702
      vertex -42.706041 -140.782949 29.263548
      vertex -41.667767 -137.360221 43.542702
    endloop
  endfacet
  facet normal -0.235715 -0.941028 0.242705
    outer loop
      vertex -41.667767 -137.360221 43.542702
      vertex -42.706041 -140.782949 29.263548
      vertex -28.701257 -144.290965 29.263548
    endloop
  endfacet
  facet normal -0.235715 -0.941028 0.242705
    outer loop
      vertex -41.667767 -137.360221 43.542702
      vertex -28.701257 -144.290965 29.263548
      vertex -28.003470 -140.782949 43.542702
    endloop
  endfacet
  facet normal -0.142343 -0.959600 0.242705
    outer loop
      vertex -28.003470 -140.782949 43.542702
      vertex -28.701257 -144.290965 29.263548
      vertex -14.420065 -146.409380 29.263548
    endloop
  endfacet
  facet normal -0.142343 -0.959600 0.242705
    outer loop
      vertex -28.003470 -140.782949 43.542702
      vertex -14.420065 -146.409380 29.263548
      vertex -14.069483 -142.849861 43.542702
    endloop
  endfacet
  facet normal -0.047601 -0.968932 0.242705
    outer loop
      vertex -14.069483 -142.849861 43.542702
      vertex -14.420065 -146.409380 29.263548
      vertex -0.000000 -147.117792 29.263548
    endloop
  endfacet
  facet normal -0.047601 -0.968932 0.242705
    outer loop
      vertex -14.069483 -142.849861 43.542702
      vertex -0.000000 -147.117792 29.263548
      vertex -0.000000 -143.541050 43.542702
    endloop
  endfacet
  facet normal 0.047601 -0.968932 0.242705
    outer loop
      vertex -0.000000 -143.541050 43.542702
      vertex -0.000000 -147.117792 29.263548
      vertex 14.420065 -146.409380 29.263548
    endloop
  endfacet
  facet normal 0.047601 -0.968932 0.242705
    outer loop
      vertex -0.000000 -143.541050 43.542702
      vertex 14.420065 -146.409380 29.263548
      vertex 14.069483 -142.849861 43.542702
    endloop
  endfacet
  facet normal 0.142343 -0.959600 0.242705
    outer loop
      vertex 14.069483 -142.849861 43.542702
      vertex 14.420065 -146.409380 29.263548
      vertex 28.701257 -144.290965 29.263548
    endloop
  endfacet
  facet normal 0.142343 -0.959600 0.242705
    outer loop
      vertex 14.069483 -142.849861 43.542702
      vertex 28.701257 -144.290965 29.263548
      vertex 28.003470 -140.782949 43.542702
    endloop
  endfacet
  facet normal 0.235715 -0.941028 0.242705
    outer loop
      vertex 28.003470 -140.782949 43.542702
      vertex 28.701257 -144.290965 29.263548
      vertex 42.706041 -140.782949 29.263548
    endloop
  endfacet
  facet normal 0.235715 -0.941028 0.242705
    outer loop
      vertex 28.003470 -140.782949 43.542702
      vertex 42.706041 -140.782949 29.263548
      vertex 41.667767 -137.360221 43.542702
    endloop
  endfacet
  facet normal 0.326817 -0.913392 0.242705
    outer loop
      vertex 41.667767 -137.360221 43.542702
      vertex 42.706041 -140.782949 29.263548
      vertex 56.299542 -135.919117 29.263548
    endloop
  endfacet
  facet normal 0.326817 -0.913392 0.242705
    outer loop
      vertex 41.667767 -137.360221 43.542702
      vertex 56.299542 -135.919117 29.263548
      vertex 54.930782 -132.614639 43.542702
    endloop
  endfacet
  facet normal 0.414771 -0.876960 0.242705
    outer loop
      vertex 54.930782 -132.614639 43.542702
      vertex 56.299542 -135.919117 29.263548
      vertex 69.350847 -129.746309 29.263548
    endloop
  endfacet
  facet normal 0.414771 -0.876960 0.242705
    outer loop
      vertex 54.930782 -132.614639 43.542702
      vertex 69.350847 -129.746309 29.263548
      vertex 67.664783 -126.591905 43.542702
    endloop
  endfacet
  facet normal 0.498731 -0.832083 0.242705
    outer loop
      vertex 67.664783 -126.591905 43.542702
      vertex 69.350847 -129.746309 29.263548
      vertex 81.734266 -122.323974 29.263548
    endloop
  endfacet
  facet normal 0.498731 -0.832083 0.242705
    outer loop
      vertex 67.664783 -126.591905 43.542702
      vertex 81.734266 -122.323974 29.263548
      vertex 79.747135 -119.350021 43.542702
    endloop
  endfacet
  facet normal 0.577888 -0.779192 0.242705
    outer loop
      vertex 79.747135 -119.350021 43.542702
      vertex 81.734266 -122.323974 29.263548
      vertex 93.330539 -113.723591 29.263548
    endloop
  endfacet
  facet normal 0.577888 -0.779192 0.242705
    outer loop
      vertex 79.747135 -119.350021 43.542702
      vertex 93.330539 -113.723591 29.263548
      vertex 91.061478 -110.958732 43.542702
    endloop
  endfacet
  facet normal 0.651479 -0.718797 0.242705
    outer loop
      vertex 91.061478 -110.958732 43.542702
      vertex 93.330539 -113.723591 29.263548
      vertex 104.027988 -104.027988 29.263548
    endloop
  endfacet
  facet normal 0.651479 -0.718797 0.242705
    outer loop
      vertex 91.061478 -110.958732 43.542702
      vertex 104.027988 -104.027988 29.263548
      vertex 101.498850 -101.498850 43.542702
    endloop
  endfacet
  facet normal 0.718797 -0.651479 0.242705
    outer loop
      vertex 101.498850 -101.498850 43.542702
      vertex 104.027988 -104.027988 29.263548
      vertex 113.723591 -93.330539 29.263548
    endloop
  endfacet
  facet normal 0.718797 -0.651479 0.242705
    outer loop
      vertex 101.498850 -101.498850 43.542702
      vertex 113.723591 -93.330539 29.263548
      vertex 110.958732 -91.061478 43.542702
    endloop
  endfacet
  facet normal 0.779192 -0.577888 0.242705
    outer loop
      vertex 110.958732 -91.061478 43.542702
      vertex 113.723591 -93.330539 29.263548
      vertex 122.323974 -81.734266 29.263548
    endloop
  endfacet
  facet normal 0.779192 -0.577888 0.242705
    outer loop
      vertex 110.958732 -91.061478 43.542702
      vertex 122.323974 -81.734266 29.263548
      vertex 119.350021 -79.747135 43.542702
    endloop
  endfacet
  facet normal 0.832083 -0.498731 0.242705
    outer loop
      vertex 119.350021 -79.747135 43.542702
      vertex 122.323974 -81.734266 29.263548
      vertex 129.746309 -69.350847 29.263548
    endloop
  endfacet
  facet normal 0.832083 -0.498731 0.242705
    outer loop
      vertex 119.350021 -79.747135 43.542702
      vertex 129.746309 -69.350847 29.263548
      vertex 126.591905 -67.664783 43.542702
    endloop
  endfacet
  facet normal 0.876960 -0.414771 0.242705
    outer loop
      vertex 126.591905 -67.664783 43.542702
      vertex 129.746309 -69.350847 29.263548
      vertex 135.919117 -56.299542 29.263548
    endloop
  endfacet
  facet normal 0.876960 -0.414771 0.242705
    outer loop
      vertex 126.591905 -67.664783 43.542702
      vertex 135.919117 -56.299542 29.263548
      vertex 132.614639 -54.930782 43.542702
    endloop
  endfacet
  facet normal 0.913392 -0.326817 0.242705
    outer loop
      vertex 132.614639 -54.930782 43.542702
      vertex 135.919117 -56.299542 29.263548
      vertex 140.782949 -42.706041 29.263548
    endloop
  endfacet
  facet normal 0.913392 -0.326817 0.242705
    outer loop
      vertex 132.614639 -54.930782 43.542702
      vertex 140.782949 -42.706041 29.263548
      vertex 137.360221 -41.667767 43.542702
    endloop
  endfacet
  facet normal 0.941028 -0.235715 0.242705
    outer loop
      vertex 137.360221 -41.667767 43.542702
      vertex 140.782949 -42.706041 29.263548
      vertex 144.290965 -28.701257 29.263548
    endloop
  endfacet
  facet normal 0.941028 -0.235715 0.242705
    outer loop
      vertex 137.360221 -41.667767 43.542702
      vertex 144.290965 -28.701257 29.263548
      vertex 140.782949 -28.003470 43.542702
    endloop
  endfacet
  facet normal 0.959600 -0.142343 0.242705
    outer loop
      vertex 140.782949 -28.003470 43.542702
      vertex 144.290965 -28.701257 29.263548
      vertex 146.409380 -14.420065 29.263548
    endloop
  endfacet
  facet normal 0.959600 -0.142343 0.242705
    outer loop
      vertex 140.782949 -28.003470 43.542702
      vertex 146.409380 -14.420065 29.263548
      vertex 142.849861 -14.069483 43.542702
    endloop
  endfacet
  facet normal 0.968932 -0.047601 0.242705
    outer loop
      vertex 142.849861 -14.069483 43.542702
      vertex 146.409380 -14.420065 29.263548
      vertex 147.117792 -0.000000 29.263548
    endloop
  endfacet
  facet normal 0.968932 -0.047601 0.242705
    outer loop
      vertex 142.849861 -14.069483 43.542702
      vertex 147.117792 -0.000000 29.263548
      vertex 143.541050 -0.000000 43.542702
    endloop
  endfacet
  facet normal 0.988011 0.048538 0.146558
    outer loop
      vertex 147.117792 0.000000 29.263548
      vertex 149.277709 0.000000 14.702571
      vertex 148.558896 14.631774 14.702571
    endloop
  endfacet
  facet normal 0.988011 0.048538 0.146558
    outer loop
      vertex 147.117792 0.000000 29.263548
      vertex 148.558896 14.631774 14.702571
      vertex 146.409380 14.420065 29.263548
    endloop
  endfacet
  facet normal 0.978496 0.145146 0.146558
    outer loop
      vertex 146.409380 14.420065 29.263548
      vertex 148.558896 14.631774 14.702571
      vertex 146.409380 29.122636 14.702571
    endloop
  endfacet
  facet normal 0.978496 0.145146 0.146558
    outer loop
      vertex 146.409380 14.420065 29.263548
      vertex 146.409380 29.122636 14.702571
      vertex 144.290965 28.701257 29.263548
    endloop
  endfacet
  facet normal 0.959557 0.240357 0.146558
    outer loop
      vertex 144.290965 28.701257 29.263548
      vertex 146.409380 29.122636 14.702571
      vertex 142.849861 43.333032 14.702571
    endloop
  endfacet
  facet normal 0.959557 0.240357 0.146558
    outer loop
      vertex 144.290965 28.701257 29.263548
      vertex 142.849861 43.333032 14.702571
      vertex 140.782949 42.706041 29.263548
    endloop
  endfacet
  facet normal 0.931377 0.333252 0.146558
    outer loop
      vertex 140.782949 42.706041 29.263548
      vertex 142.849861 43.333032 14.702571
      vertex 137.914620 57.126106 14.702571
    endloop
  endfacet
  facet normal 0.931377 0.333252 0.146558
    outer loop
      vertex 140.782949 42.706041 29.263548
      vertex 137.914620 57.126106 14.702571
      vertex 135.919117 56.299542 29.263548
    endloop
  endfacet
  facet normal 0.894228 0.422938 0.146558
    outer loop
      vertex 135.919117 56.299542 29.263548
      vertex 137.914620 57.126106 14.702571
      vertex 131.651186 70.369025 14.702571
    endloop
  endfacet
  facet normal 0.894228 0.422938 0.146558
    outer loop
      vertex 135.919117 56.299542 29.263548
      vertex 131.651186 70.369025 14.702571
      vertex 129.746309 69.350847 29.263548
    endloop
  endfacet
  facet normal 0.848467 0.508552 0.146558
    outer loop
      vertex 129.746309 69.350847 29.263548
      vertex 131.651186 70.369025 14.702571
      vertex 124.119879 82.934252 14.702571
    endloop
  endfacet
  facet normal 0.848467 0.508552 0.146558
    outer loop
      vertex 129.746309 69.350847 29.263548
      vertex 124.119879 82.934252 14.702571
      vertex 122.323974 81.734266 29.263548
    endloop
  endfacet
  facet normal 0.794535 0.589267 0.146558
    outer loop
      vertex 122.323974 81.734266 29.263548
      vertex 124.119879 82.934252 14.702571
      vertex 115.393230 94.700776 14.702571
    endloop
  endfacet
  facet normal 0.794535 0.589267 0.146558
    outer loop
      vertex 122.323974 81.734266 29.263548
      vertex 115.393230 94.700776 14.702571
      vertex 113.723591 93.330539 29.263548
    endloop
  endfacet
  facet normal 0.732950 0.664308 0.146558
    outer loop
      vertex 113.723591 93.330539 29.263548
      vertex 115.393230 94.700776 14.702571
      vertex 105.555280 105.555280 14.702571
    endloop
  endfacet
  facet normal 0.732950 0.664308 0.146558
    outer loop
      vertex 113.723591 93.330539 29.263548
      vertex 105.555280 105.555280 14.702571
      vertex 104.027988 104.027988 29.263548
    endloop
  endfacet
  facet normal 0.664308 0.732950 0.146558
    outer loop
      vertex 104.027988 104.027988 29.263548
      vertex 105.555280 105.555280 14.702571
      vertex 94.700776 115.393230 14.702571
    endloop
  endfacet
  facet normal 0.664308 0.732950 0.146558
    outer loop
      vertex 104.027988 104.027988 29.263548
      vertex 94.700776 115.393230 14.702571
      vertex 93.330539 113.723591 29.263548
    endloop
  endfacet
  facet normal 0.589267 0.794535 0.146558
    outer loop
      vertex 93.330539 113.723591 29.263548
      vertex 94.700776 115.393230 14.702571
      vertex 82.934252 124.119879 14.702571
    endloop
  endfacet
  facet normal 0.589267 0.794535 0.146558
    outer loop
      vertex 93.330539 113.723591 29.263548
      vertex 82.934252 124.119879 14.702571
      vertex 81.734266 122.323974 29.263548
    endloop
  endfacet
  facet normal 0.508552 0.848467 0.146558
    outer loop
      vertex 81.734266 122.323974 29.263548
      vertex 82.934252 124.119879 14.702571
      vertex 70.369025 131.651186 14.702571
    endloop
  endfacet
  facet normal 0.508552 0.848467 0.146558
    outer loop
      vertex 81.734266 122.323974 29.263548
      vertex 70.369025 131.651186 14.702571
      vertex 69.350847 129.746309 29.263548
    endloop
  endfacet
  facet normal 0.422938 0.894228 0.146558
    outer loop
      vertex 69.350847 129.746309 29.263548
      vertex 70.369025 131.651186 14.702571
      vertex 57.126106 137.914620 14.702571
    endloop
  endfacet
  facet normal 0.422938 0.894228 0.146558
    outer loop
      vertex 69.350847 129.746309 29.263548
      vertex 57.126106 137.914620 14.702571
      vertex 56.299542 135.919117 29.263548
    endloop
  endfacet
  facet normal 0.333252 0.931377 0.146558
    outer loop
      vertex 56.299542 135.919117 29.263548
      vertex 57.126106 137.914620 14.702571
      vertex 43.333032 142.849861 14.702571
    endloop
  endfacet
  facet normal 0.333252 0.931377 0.146558
    outer loop
      vertex 56.299542 135.919117 29.263548
      vertex 43.333032 142.849861 14.702571
      vertex 42.706041 140.782949 29.263548
    endloop
  endfacet
  facet normal 0.240357 0.959557 0.146558
    outer loop
      vertex 42.706041 140.782949 29.263548
      vertex 43.333032 142.849861 14.702571
      vertex 29.122636 146.409380 14.702571
    endloop
  endfacet
  facet normal 0.240357 0.959557 0.146558
    outer loop
      vertex 42.706041 140.782949 29.263548
      vertex 29.122636 146.409380 14.702571
      vertex 28.701257 144.290965 29.263548
    endloop
  endfacet
  facet normal 0.145146 0.978496 0.146558
    outer loop
      vertex 28.701257 144.290965 29.263548
      vertex 29.122636 146.409380 14.702571
      vertex 14.631774 148.558896 14.702571
    endloop
  endfacet
  facet normal 0.145146 0.978496 0.146558
    outer loop
      vertex 28.701257 144.290965 29.263548
      vertex 14.631774 148.558896 14.702571
      vertex 14.420065 146.409380 29.263548
    endloop
  endfacet
  facet normal 0.048538 0.988011 0.146558
    outer loop
      vertex 14.420065 146.409380 29.263548
      vertex 14.631774 148.558896 14.702571
      vertex 0.000000 149.277709 14.702571
    endloop
  endfacet
  facet normal 0.048538 0.988011 0.146558
    outer loop
      vertex 14.420065 146.409380 29.263548
      vertex 0.000000 149.277709 14.702571
      vertex 0.000000 147.117792 29.263548
    endloop
  endfacet
  facet normal -0.048538 0.988011 0.146558
    outer loop
      vertex 0.000000 147.117792 29.263548
      vertex 0.000000 149.277709 14.702571
      vertex -14.631774 148.558896 14.702571
    endloop
  endfacet
  facet normal -0.048538 0.988011 0.146558
    outer loop
      vertex 0.000000 147.117792 29.263548
      vertex -14.631774 148.558896 14.702571
      vertex -14.420065 146.409380 29.263548
    endloop
  endfacet
  facet normal -0.145146 0.978496 0.146558
    outer loop
      vertex -14.420065 146.409380 29.263548
      vertex -14.631774 148.558896 14.702571
      vertex -29.122636 146.409380 14.702571
    endloop
  endfacet
  facet normal -0.145146 0.978496 0.146558
    outer loop
      vertex -14.420065 146.409380 29.263548
      vertex -29.122636 146.409380 14.702571
      vertex -28.701257 144.290965 29.263548
    endloop
  endfacet
  facet normal -0.240357 0.959557 0.146558
    outer loop
      vertex -28.701257 144.290965 29.263548
      vertex -29.122636 146.409380 14.702571
      vertex -43.333032 142.849861 14.702571
    endloop
  endfacet
  facet normal -0.240357 0.959557 0.146558
    outer loop
      vertex -28.701257 144.290965 29.263548
      vertex -43.333032 142.849861 14.702571
      vertex -42.706041 140.782949 29.263548
    endloop
  endfacet
  facet normal -0.333252 0.931377 0.146558
    outer loop
      vertex -42.706041 140.782949 29.263548
      vertex -43.333032 142.849861 14.702571
      vertex -57.126106 137.914620 14.702571
    endloop
  endfacet
  facet normal -0.333252 0.931377 0.146558
    outer loop
      vertex -42.706041 140.782949 29.263548
      vertex -57.126106 137.914620 14.702571
      vertex -56.299542 135.919117 29.263548
    endloop
  endfacet
  facet normal -0.422938 0.894228 0.146558
    outer loop
      vertex -56.299542 135.919117 29.263548
      vertex -57.126106 137.914620 14.702571
      vertex -70.369025 131.651186 14.702571
    endloop
  endfacet
  facet normal -0.422938 0.894228 0.146558
    outer loop
      vertex -56.299542 135.919117 29.263548
      vertex -70.369025 131.651186 14.702571
      vertex -69.350847 129.746309 29.263548
    endloop
  endfacet
  facet normal -0.508552 0.848467 0.146558
    outer loop
      vertex -69.350847 129.746309 29.263548
      vertex -70.369025 131.651186 14.702571
      vertex -82.934252 124.119879 14.702571
    endloop
  endfacet
  facet normal -0.508552 0.848467 0.146558
    outer loop
      vertex -69.350847 129.746309 29.263548
      vertex -82.934252 124.119879 14.702571
      vertex -81.734266 122.323974 29.263548
    endloop
  endfacet
  facet normal -0.589267 0.794535 0.146558
    outer loop
      vertex -81.734266 122.323974 29.263548
      vertex -82.934252 124.119879 14.702571
      vertex -94.700776 115.393230 14.702571
    endloop
  endfacet
  facet normal -0.589267 0.794535 0.146558
    outer loop
      vertex -81.734266 122.323974 29.263548
      vertex -94.700776 115.393230 14.702571
      vertex -93.330539 113.723591 29.263548
    endloop
  endfacet
  facet normal -0.664308 0.732950 0.146558
    outer loop
      vertex -93.330539 113.723591 29.263548
      vertex -94.700776 115.393230 14.702571
      vertex -105.555280 105.555280 14.702571
    endloop
  endfacet
  facet normal -0.664308 0.732950 0.146558
    outer loop
      vertex -93.330539 113.723591 29.263548
      vertex -105.555280 105.555280 14.702571
      vertex -104.027988 104.027988 29.263548
    endloop
  endfacet
  facet normal -0.732950 0.664308 0.146558
    outer loop
      vertex -104.027988 104.027988 29.263548
      vertex -105.555280 105.555280 14.702571
      vertex -115.393230 94.700776 14.702571
    endloop
  endfacet
  facet normal -0.732950 0.664308 0.146558
    outer loop
      vertex -104.027988 104.027988 29.263548
      vertex -115.393230 94.700776 14.702571
      vertex -113.723591 93.330539 29.263548
    endloop
  endfacet
  facet normal -0.794535 0.589267 0.146558
    outer loop
      vertex -113.723591 93.330539 29.263548
      vertex -115.393230 94.700776 14.702571
      vertex -124.119879 82.934252 14.702571
    endloop
  endfacet
  facet normal -0.794535 0.589267 0.146558
    outer loop
      vertex -113.723591 93.330539 29.263548
      vertex -124.119879 82.934252 14.702571
      vertex -122.323974 81.734266 29.263548
    endloop
  endfacet
  facet normal -0.848467 0.508552 0.146558
    outer loop
      vertex -122.323974 81.734266 29.263548
      vertex -124.119879 82.934252 14.702571
      vertex -131.651186 70.369025 14.702571
    endloop
  endfacet
  facet normal -0.848467 0.508552 0.146558
    outer loop
      vertex -122.323974 81.734266 29.263548
      vertex -131.651186 70.369025 14.702571
      vertex -129.746309 69.350847 29.263548
    endloop
  endfacet
  facet normal -0.894228 0.422938 0.146558
    outer loop
      vertex -129.746309 69.350847 29.263548
      vertex -131.651186 70.369025 14.702571
      vertex -137.914620 57.126106 14.702571
    endloop
  endfacet
  facet normal -0.894228 0.422938 0.146558
    outer loop
      vertex -129.746309 69.350847 29.263548
      vertex -137.914620 57.126106 14.702571
      vertex -135.919117 56.299542 29.263548
    endloop
  endfacet
  facet normal -0.931377 0.333252 0.146558
    outer loop
      vertex -135.919117 56.299542 29.263548
      vertex -137.914620 57.126106 14.702571
      vertex -142.849861 43.333032 14.702571
    endloop
  endfacet
  facet normal -0.931377 0.333252 0.146558
    outer loop
      vertex -135.919117 56.299542 29.263548
      vertex -142.849861 43.333032 14.702571
      vertex -140.782949 42.706041 29.263548
    endloop
  endfacet
  facet normal -0.959557 0.240357 0.146558
    outer loop
      vertex -140.782949 42.706041 29.263548
      vertex -142.849861 43.333032 14.702571
      vertex -146.409380 29.122636 14.702571
    endloop
  endfacet
  facet normal -0.959557 0.240357 0.146558
    outer loop
      vertex -140.782949 42.706041 29.263548
      vertex -146.409380 29.122636 14.702571
      vertex -144.290965 28.701257 29.263548
    endloop
  endfacet
  facet normal -0.978496 0.145146 0.146558
    outer loop
      vertex -144.290965 28.701257 29.263548
      vertex -146.409380 29.122636 14.702571
      vertex -148.558896 14.631774 14.702571
    endloop
  endfacet
  facet normal -0.978496 0.145146 0.146558
    outer loop
      vertex -144.290965 28.701257 29.263548
      vertex -148.558896 14.631774 14.702571
      vertex -146.409380 14.420065 29.263548
    endloop
  endfacet
  facet normal -0.988011 0.048538 0.146558
    outer loop
      vertex -146.409380 14.420065 29.263548
      vertex -148.558896 14.631774 14.702571
      vertex -149.277709 0.000000 14.702571
    endloop
  endfacet
  facet normal -0.988011 0.048538 0.146558
    outer loop
      vertex -146.409380 14.420065 29.263548
      vertex -149.277709 0.000000 14.702571
      vertex -147.117792 0.000000 29.263548
    endloop
  endfacet
  facet normal -0.988011 -0.048538 0.146558
    outer loop
      vertex -147.117792 0.000000 29.263548
      vertex -149.277709 0.000000 14.702571
      vertex -148.558896 -14.631774 14.702571
    endloop
  endfacet
  facet normal -0.988011 -0.048538 0.146558
    outer loop
      vertex -147.117792 0.000000 29.263548
      vertex -148.558896 -14.631774 14.702571
      vertex -146.409380 -14.420065 29.263548
    endloop
  endfacet
  facet normal -0.978496 -0.145146 0.146558
    outer loop
      vertex -146.409380 -14.420065 29.263548
      vertex -148.558896 -14.631774 14.702571
      vertex -146.409380 -29.122636 14.702571
    endloop
  endfacet
  facet normal -0.978496 -0.145146 0.146558
    outer loop
      vertex -146.409380 -14.420065 29.263548
      vertex -146.409380 -29.122636 14.702571
      vertex -144.290965 -28.701257 29.263548
    endloop
  endfacet
  facet normal -0.959557 -0.240357 0.146558
    outer loop
      vertex -144.290965 -28.701257 29.263548
      vertex -146.409380 -29.122636 14.702571
      vertex -142.849861 -43.333032 14.702571
    endloop
  endfacet
  facet normal -0.959557 -0.240357 0.146558
    outer loop
      vertex -144.290965 -28.701257 29.263548
      vertex -142.849861 -43.333032 14.702571
      vertex -140.782949 -42.706041 29.263548
    endloop
  endfacet
  facet normal -0.931377 -0.333252 0.146558
    outer loop
      vertex -140.782949 -42.706041 29.263548
      vertex -142.849861 -43.333032 14.702571
      vertex -137.914620 -57.126106 14.702571
    endloop
  endfacet
  facet normal -0.931377 -0.333252 0.146558
    outer loop
      vertex -140.782949 -42.706041 29.263548
      vertex -137.914620 -57.126106 14.702571
      vertex -135.919117 -56.299542 29.263548
    endloop
  endfacet
  facet normal -0.894228 -0.422938 0.146558
    outer loop
      vertex -135.919117 -56.299542 29.263548
      vertex -137.914620 -57.126106 14.702571
      vertex -131.651186 -70.369025 14.702571
    endloop
  endfacet
  facet normal -0.894228 -0.422938 0.146558
    outer loop
      vertex -135.919117 -56.299542 29.263548
      vertex -131.651186 -70.369025 14.702571
      vertex -129.746309 -69.350847 29.263548
    endloop
  endfacet
  facet normal -0.848467 -0.508552 0.146558
    outer loop
      vertex -129.746309 -69.350847 29.263548
      vertex -131.651186 -70.369025 14.702571
      vertex -124.119879 -82.934252 14.702571
    endloop
  endfacet
  facet normal -0.848467 -0.508552 0.146558
    outer loop
      vertex -129.746309 -69.350847 29.263548
      vertex -124.119879 -82.934252 14.702571
      vertex -122.323974 -81.734266 29.263548
    endloop
  endfacet
  facet normal -0.794535 -0.589267 0.146558
    outer loop
      vertex -122.323974 -81.734266 29.263548
      vertex -124.119879 -82.934252 14.702571
      vertex -115.393230 -94.700776 14.702571
    endloop
  endfacet
  facet normal -0.794535 -0.589267 0.146558
    outer loop
      vertex -122.323974 -81.734266 29.263548
      vertex -115.393230 -94.700776 14.702571
      vertex -113.723591 -93.330539 29.263548
    endloop
  endfacet
  facet normal -0.732950 -0.664308 0.146558
    outer loop
      vertex -113.723591 -93.330539 29.263548
      vertex -115.393230 -94.700776 14.702571
      vertex -105.555280 -105.555280 14.702571
    endloop
  endfacet
  facet normal -0.732950 -0.664308 0.146558
    outer loop
      vertex -113.723591 -93.330539 29.263548
      vertex -105.555280 -105.555280 14.702571
      vertex -104.027988 -104.027988 29.263548
    endloop
  endfacet
  facet normal -0.664308 -0.732950 0.146558
    outer loop
      vertex -104.027988 -104.027988 29.263548
      vertex -105.555280 -105.555280 14.702571
      vertex -94.700776 -115.393230 14.702571
    endloop
  endfacet
  facet normal -0.664308 -0.732950 0.146558
    outer loop
      vertex -104.027988 -104.027988 29.263548
      vertex -94.700776 -115.393230 14.702571
      vertex -93.330539 -113.723591 29.263548
    endloop
  endfacet
  facet normal -0.589267 -0.794535 0.146558
    outer loop
      vertex -93.330539 -113.723591 29.263548
      vertex -94.700776 -115.393230 14.702571
      vertex -82.934252 -124.119879 14.702571
    endloop
  endfacet
  facet normal -0.589267 -0.794535 0.146558
    outer loop
      vertex -93.330539 -113.723591 29.263548
      vertex -82.934252 -124.119879 14.702571
      vertex -81.734266 -122.323974 29.263548
    endloop
  endfacet
  facet normal -0.508552 -0.848467 0.146558
    outer loop
      vertex -81.734266 -122.323974 29.263548
      vertex -82.934252 -124.119879 14.702571
      vertex -70.369025 -131.651186 14.702571
    endloop
  endfacet
  facet normal -0.508552 -0.848467 0.146558
    outer loop
      vertex -81.734266 -122.323974 29.263548
      vertex -70.369025 -131.651186 14.702571
      vertex -69.350847 -129.746309 29.263548
    endloop
  endfacet
  facet normal -0.422938 -0.894228 0.146558
    outer loop
      vertex -69.350847 -129.746309 29.263548
      vertex -70.369025 -131.651186 14.702571
      vertex -57.126106 -137.914620 14.702571
    endloop
  endfacet
  facet normal -0.422938 -0.894228 0.146558
    outer loop
      vertex -69.350847 -129.746309 29.263548
      vertex -57.126106 -137.914620 14.702571
      vertex -56.299542 -135.919117 29.263548
    endloop
  endfacet
  facet normal -0.333252 -0.931377 0.146558
    outer loop
      vertex -56.299542 -135.919117 29.263548
      vertex -57.126106 -137.914620 14.702571
      vertex -43.333032 -142.849861 14.702571
    endloop
  endfacet
  facet normal -0.333252 -0.931377 0.146558
    outer loop
      vertex -56.299542 -135.919117 29.263548
      vertex -43.333032 -142.849861 14.702571
      vertex -42.706041 -140.782949 29.263548
    endloop
  endfacet
  facet normal -0.240357 -0.959557 0.146558
    outer loop
      vertex -42.706041 -140.782949 29.263548
      vertex -43.333032 -142.849861 14.702571
      vertex -29.122636 -146.409380 14.702571
    endloop
  endfacet
  facet normal -0.240357 -0.959557 0.146558
    outer loop
      vertex -42.706041 -140.782949 29.263548
      vertex -29.122636 -146.409380 14.702571
      vertex -28.701257 -144.290965 29.263548
    endloop
  endfacet
  facet normal -0.145146 -0.978496 0.146558
    outer loop
      vertex -28.701257 -144.290965 29.263548
      vertex -29.122636 -146.409380 14.702571
      vertex -14.631774 -148.558896 14.702571
    endloop
  endfacet
  facet normal -0.145146 -0.978496 0.146558
    outer loop
      vertex -28.701257 -144.290965 29.263548
      vertex -14.631774 -148.558896 14.702571
      vertex -14.420065 -146.409380 29.263548
    endloop
  endfacet
  facet normal -0.048538 -0.988011 0.146558
    outer loop
      vertex -14.420065 -146.409380 29.263548
      vertex -14.631774 -148.558896 14.702571
      vertex -0.000000 -149.277709 14.702571
    endloop
  endfacet
  facet normal -0.048538 -0.988011 0.146558
    outer loop
      vertex -14.420065 -146.409380 29.263548
      vertex -0.000000 -149.277709 14.702571
      vertex -0.000000 -147.117792 29.263548
    endloop
  endfacet
  facet normal 0.048538 -0.988011 0.146558
    outer loop
      vertex -0.000000 -147.117792 29.263548
      vertex -0.000000 -149.277709 14.702571
      vertex 14.631774 -148.558896 14.702571
    endloop
  endfacet
  facet normal 0.048538 -0.988011 0.146558
    outer loop
      vertex -0.000000 -147.117792 29.263548
      vertex 14.631774 -148.558896 14.702571
      vertex 14.420065 -146.409380 29.263548
    endloop
  endfacet
  facet normal 0.145146 -0.978496 0.146558
    outer loop
      vertex 14.420065 -146.409380 29.263548
      vertex 14.631774 -148.558896 14.702571
      vertex 29.122636 -146.409380 14.702571
    endloop
  endfacet
  facet normal 0.145146 -0.978496 0.146558
    outer loop
      vertex 14.420065 -146.409380 29.263548
      vertex 29.122636 -146.409380 14.702571
      vertex 28.701257 -144.290965 29.263548
    endloop
  endfacet
  facet normal 0.240357 -0.959557 0.146558
    outer loop
      vertex 28.701257 -144.290965 29.263548
      vertex 29.122636 -146.409380 14.702571
      vertex 43.333032 -142.849861 14.702571
    endloop
  endfacet
  facet normal 0.240357 -0.959557 0.146558
    outer loop
      vertex 28.701257 -144.290965 29.263548
      vertex 43.333032 -142.849861 14.702571
      vertex 42.706041 -140.782949 29.263548
    endloop
  endfacet
  facet normal 0.333252 -0.931377 0.146558
    outer loop
      vertex 42.706041 -140.782949 29.263548
      vertex 43.333032 -142.849861 14.702571
      vertex 57.126106 -137.914620 14.702571
    endloop
  endfacet
  facet normal 0.333252 -0.931377 0.146558
    outer loop
      vertex 42.706041 -140.782949 29.263548
      vertex 57.126106 -137.914620 14.702571
      vertex 56.299542 -135.919117 29.263548
    endloop
  endfacet
  facet normal 0.422938 -0.894228 0.146558
    outer loop
      vertex 56.299542 -135.919117 29.263548
      vertex 57.126106 -137.914620 14.702571
      vertex 70.369025 -131.651186 14.702571
    endloop
  endfacet
  facet normal 0.422938 -0.894228 0.146558
    outer loop
      vertex 56.299542 -135.919117 29.263548
      vertex 70.369025 -131.651186 14.702571
      vertex 69.350847 -129.746309 29.263548
    endloop
  endfacet
  facet normal 0.508552 -0.848467 0.146558
    outer loop
      vertex 69.350847 -129.746309 29.263548
      vertex 70.369025 -131.651186 14.702571
      vertex 82.934252 -124.119879 14.702571
    endloop
  endfacet
  facet normal 0.508552 -0.848467 0.146558
    outer loop
      vertex 69.350847 -129.746309 29.263548
      vertex 82.934252 -124.119879 14.702571
      vertex 81.734266 -122.323974 29.263548
    endloop
  endfacet
  facet normal 0.589267 -0.794535 0.146558
    outer loop
      vertex 81.734266 -122.323974 29.263548
      vertex 82.934252 -124.119879 14.702571
      vertex 94.700776 -115.393230 14.702571
    endloop
  endfacet
  facet normal 0.589267 -0.794535 0.146558
    outer loop
      vertex 81.734266 -122.323974 29.263548
      vertex 94.700776 -115.393230 14.702571
      vertex 93.330539 -113.723591 29.263548
    endloop
  endfacet
  facet normal 0.664308 -0.732950 0.146558
    outer loop
      vertex 93.330539 -113.723591 29.263548
      vertex 94.700776 -115.393230 14.702571
      vertex 105.555280 -105.555280 14.702571
    endloop
  endfacet
  facet normal 0.664308 -0.732950 0.146558
    outer loop
      vertex 93.330539 -113.723591 29.263548
      vertex 105.555280 -105.555280 14.702571
      vertex 104.027988 -104.027988 29.263548
    endloop
  endfacet
  facet normal 0.732950 -0.664308 0.146558
    outer loop
      vertex 104.027988 -104.027988 29.263548
      vertex 105.555280 -105.555280 14.702571
      vertex 115.393230 -94.700776 14.702571
    endloop
  endfacet
  facet normal 0.732950 -0.664308 0.146558
    outer loop
      vertex 104.027988 -104.027988 29.263548
      vertex 115.393230 -94.700776 14.702571
      vertex 113.723591 -93.330539 29.263548
    endloop
  endfacet
  facet normal 0.794535 -0.589267 0.146558
    outer loop
      vertex 113.723591 -93.330539 29.263548
      vertex 115.393230 -94.700776 14.702571
      vertex 124.119879 -82.934252 14.702571
    endloop
  endfacet
  facet normal 0.794535 -0.589267 0.146558
    outer loop
      vertex 113.723591 -93.330539 29.263548
      vertex 124.119879 -82.934252 14.702571
      vertex 122.323974 -81.734266 29.263548
    endloop
  endfacet
  facet normal 0.848467 -0.508552 0.146558
    outer loop
      vertex 122.323974 -81.734266 29.263548
      vertex 124.119879 -82.934252 14.702571
      vertex 131.651186 -70.369025 14.702571
    endloop
  endfacet
  facet normal 0.848467 -0.508552 0.146558
    outer loop
      vertex 122.323974 -81.734266 29.263548
      vertex 131.651186 -70.369025 14.702571
      vertex 129.746309 -69.350847 29.263548
    endloop
  endfacet
  facet normal 0.894228 -0.422938 0.146558
    outer loop
      vertex 129.746309 -69.350847 29.263548
      vertex 131.651186 -70.369025 14.702571
      vertex 137.914620 -57.126106 14.702571
    endloop
  endfacet
  facet normal 0.894228 -0.422938 0.146558
    outer loop
      vertex 129.746309 -69.350847 29.263548
      vertex 137.914620 -57.126106 14.702571
      vertex 135.919117 -56.299542 29.263548
    endloop
  endfacet
  facet normal 0.931377 -0.333252 0.146558
    outer loop
      vertex 135.919117 -56.299542 29.263548
      vertex 137.914620 -57.126106 14.702571
      vertex 142.849861 -43.333032 14.702571
    endloop
  endfacet
  facet normal 0.931377 -0.333252 0.146558
    outer loop
      vertex 135.919117 -56.299542 29.263548
      vertex 142.849861 -43.333032 14.702571
      vertex 140.782949 -42.706041 29.263548
    endloop
  endfacet
  facet normal 0.959557 -0.240357 0.146558
    outer loop
      vertex 140.782949 -42.706041 29.263548
      vertex 142.849861 -43.333032 14.702571
      vertex 146.409380 -29.122636 14.702571
    endloop
  endfacet
  facet normal 0.959557 -0.240357 0.146558
    outer loop
      vertex 140.782949 -42.706041 29.263548
      vertex 146.409380 -29.122636 14.702571
      vertex 144.290965 -28.701257 29.263548
    endloop
  endfacet
  facet normal 0.978496 -0.145146 0.146558
    outer loop
      vertex 144.290965 -28.701257 29.263548
      vertex 146.409380 -29.122636 14.702571
      vertex 148.558896 -14.631774 14.702571
    endloop
  endfacet
  facet normal 0.978496 -0.145146 0.146558
    outer loop
      vertex 144.290965 -28.701257 29.263548
      vertex 148.558896 -14.631774 14.702571
      vertex 146.409380 -14.420065 29.263548
    endloop
  endfacet
  facet normal 0.988011 -0.048538 0.146558
    outer loop
      vertex 146.409380 -14.420065 29.263548
      vertex 148.558896 -14.631774 14.702571
      vertex 149.277709 -0.000000 14.702571
    endloop
  endfacet
  facet normal 0.988011 -0.048538 0.146558
    outer loop
      vertex 146.409380 -14.420065 29.263548
      vertex 149.277709 -0.000000 14.702571
      vertex 147.117792 -0.000000 29.263548
    endloop
  endfacet
  facet normal 0.997595 0.049009 0.049009
    outer loop
      vertex 149.277709 0.000000 14.702571
      vertex 150.000000 0.000000 0.000000
      vertex 149.277709 14.702571 0.000000
    endloop
  endfacet
  facet normal 0.997595 0.049009 0.049009
    outer loop
      vertex 149.277709 0.000000 14.702571
      vertex 149.277709 14.702571 0.000000
      vertex 148.558896 14.631774 14.702571
    endloop
  endfacet
  facet normal 0.987988 0.146554 0.049009
    outer loop
      vertex 148.558896 14.631774 14.702571
      vertex 149.277709 14.702571 0.000000
      vertex 147.117792 29.263548 0.000000
    endloop
  endfacet
  facet normal 0.987988 0.146554 0.049009
    outer loop
      vertex 148.558896 14.631774 14.702571
      vertex 147.117792 29.263548 0.000000
      vertex 146.409380 29.122636 14.702571
    endloop
  endfacet
  facet normal 0.968866 0.242688 0.049009
    outer loop
      vertex 146.409380 29.122636 14.702571
      vertex 147.117792 29.263548 0.000000
      vertex 143.541050 43.542702 0.000000
    endloop
  endfacet
  facet normal 0.968866 0.242688 0.049009
    outer loop
      vertex 146.409380 29.122636 14.702571
      vertex 143.541050 43.542702 0.000000
      vertex 142.849861 43.333032 14.702571
    endloop
  endfacet
  facet normal 0.940413 0.336485 0.049009
    outer loop
      vertex 142.849861 43.333032 14.702571
      vertex 143.541050 43.542702 0.000000
      vertex 138.581930 57.402515 0.000000
    endloop
  endfacet
  facet normal 0.940413 0.336485 0.049009
    outer loop
      vertex 142.849861 43.333032 14.702571
      vertex 138.581930 57.402515 0.000000
      vertex 137.914620 57.126106 14.702571
    endloop
  endfacet
  facet normal 0.902903 0.427041 0.049009
    outer loop
      vertex 137.914620 57.126106 14.702571
      vertex 138.581930 57.402515 0.000000
      vertex 132.288190 70.709511 0.000000
    endloop
  endfacet
  facet normal 0.902903 0.427041 0.049009
    outer loop
      vertex 137.914620 57.126106 14.702571
      vertex 132.288190 70.709511 0.000000
      vertex 131.651186 70.369025 14.702571
    endloop
  endfacet
  facet normal 0.856698 0.513485 0.049009
    outer loop
      vertex 131.651186 70.369025 14.702571
      vertex 132.288190 70.709511 0.000000
      vertex 124.720442 83.335535 0.000000
    endloop
  endfacet
  facet normal 0.856698 0.513485 0.049009
    outer loop
      vertex 131.651186 70.369025 14.702571
      vertex 124.720442 83.335535 0.000000
      vertex 124.119879 82.934252 14.702571
    endloop
  endfacet
  facet normal 0.802242 0.594983 0.049009
    outer loop
      vertex 124.119879 82.934252 14.702571
      vertex 124.720442 83.335535 0.000000
      vertex 115.951568 95.158993 0.000000
    endloop
  endfacet
  facet normal 0.802242 0.594983 0.049009
    outer loop
      vertex 124.119879 82.934252 14.702571
      vertex 115.951568 95.158993 0.000000
      vertex 115.393230 94.700776 14.702571
    endloop
  endfacet
  facet normal 0.740061 0.670752 0.049009
    outer loop
      vertex 115.393230 94.700776 14.702571
      vertex 115.951568 95.158993 0.000000
      vertex 106.066017 106.066017 0.000000
    endloop
  endfacet
  facet normal 0.740061 0.670752 0.049009
    outer loop
      vertex 115.393230 94.700776 14.702571
      vertex 106.066017 106.066017 0.000000
      vertex 105.555280 105.555280 14.702571
    endloop
  endfacet
  facet normal 0.670752 0.740061 0.049009
    outer loop
      vertex 105.555280 105.555280 14.702571
      vertex 106.066017 106.066017 0.000000
      vertex 95.158993 115.951568 0.000000
    endloop
  endfacet
  facet normal 0.670752 0.740061 0.049009
    outer loop
      vertex 105.555280 105.555280 14.702571
      vertex 95.158993 115.951568 0.000000
      vertex 94.700776 115.393230 14.702571
    endloop
  endfacet
  facet normal 0.594983 0.802242 0.049009
    outer loop
      vertex 94.700776 115.393230 14.702571
      vertex 95.158993 115.951568 0.000000
      vertex 83.335535 124.720442 0.000000
    endloop
  endfacet
  facet normal 0.594983 0.802242 0.049009
    outer loop
      vertex 94.700776 115.393230 14.702571
      vertex 83.335535 124.720442 0.000000
      vertex 82.934252 124.119879 14.702571
    endloop
  endfacet
  facet normal 0.513485 0.856698 0.049009
    outer loop
      vertex 82.934252 124.119879 14.702571
      vertex 83.335535 124.720442 0.000000
      vertex 70.709511 132.288190 0.000000
    endloop
  endfacet
  facet normal 0.513485 0.856698 0.049009
    outer loop
      vertex 82.934252 124.119879 14.702571
      vertex 70.709511 132.288190 0.000000
      vertex 70.369025 131.651186 14.702571
    endloop
  endfacet
  facet normal 0.427041 0.902903 0.049009
    outer loop
      vertex 70.369025 131.651186 14.702571
      vertex 70.709511 132.288190 0.000000
      vertex 57.402515 138.581930 0.000000
    endloop
  endfacet
  facet normal 0.427041 0.902903 0.049009
    outer loop
      vertex 70.369025 131.651186 14.702571
      vertex 57.402515 138.581930 0.000000
      vertex 57.126106 137.914620 14.702571
    endloop
  endfacet
  facet normal 0.336485 0.940413 0.049009
    outer loop
      vertex 57.126106 137.914620 14.702571
      vertex 57.402515 138.581930 0.000000
      vertex 43.542702 143.541050 0.000000
    endloop
  endfacet
  facet normal 0.336485 0.940413 0.049009
    outer loop
      vertex 57.126106 137.914620 14.702571
      vertex 43.542702 143.541050 0.000000
      vertex 43.333032 142.849861 14.702571
    endloop
  endfacet
  facet normal 0.242688 0.968866 0.049009
    outer loop
      vertex 43.333032 142.849861 14.702571
      vertex 43.542702 143.541050 0.000000
      vertex 29.263548 147.117792 0.000000
    endloop
  endfacet
  facet normal 0.242688 0.968866 0.049009
    outer loop
      vertex 43.333032 142.849861 14.702571
      vertex 29.263548 147.117792 0.000000
      vertex 29.122636 146.409380 14.702571
    endloop
  endfacet
  facet normal 0.146554 0.987988 0.049009
    outer loop
      vertex 29.122636 146.409380 14.702571
      vertex 29.263548 147.117792 0.000000
      vertex 14.702571 149.277709 0.000000
    endloop
  endfacet
  facet normal 0.146554 0.987988 0.049009
    outer loop
      vertex 29.122636 146.409380 14.702571
      vertex 14.702571 149.277709 0.000000
      vertex 14.631774 148.558896 14.702571
    endloop
  endfacet
  facet normal 0.049009 0.997595 0.049009
    outer loop
      vertex 14.631774 148.558896 14.702571
      vertex 14.702571 149.277709 0.000000
      vertex 0.000000 150.000000 0.000000
    endloop
  endfacet
  facet normal 0.049009 0.997595 0.049009
    outer loop
      vertex 14.631774 148.558896 14.702571
      vertex 0.000000 150.000000 0.000000
      vertex 0.000000 149.277709 14.702571
    endloop
  endfacet
  facet normal -0.049009 0.997595 0.049009
    outer loop
      vertex 0.000000 149.277709 14.702571
      vertex 0.000000 150.000000 0.000000
      vertex -14.702571 149.277709 0.000000
    endloop
  endfacet
  facet normal -0.049009 0.997595 0.049009
    outer loop
      vertex 0.000000 149.277709 14.702571
      vertex -14.702571 149.277709 0.000000
      vertex -14.631774 148.558896 14.702571
    endloop
  endfacet
  facet normal -0.146554 0.987988 0.049009
    outer loop
      vertex -14.631774 148.558896 14.702571
      vertex -14.702571 149.277709 0.000000
      vertex -29.263548 147.117792 0.000000
    endloop
  endfacet
  facet normal -0.146554 0.987988 0.049009
    outer loop
      vertex -14.631774 148.558896 14.702571
      vertex -29.263548 147.117792 0.000000
      vertex -29.122636 146.409380 14.702571
    endloop
  endfacet
  facet normal -0.242688 0.968866 0.049009
    outer loop
      vertex -29.122636 146.409380 14.702571
      vertex -29.263548 147.117792 0.000000
      vertex -43.542702 143.541050 0.000000
    endloop
  endfacet
  facet normal -0.242688 0.968866 0.049009
    outer loop
      vertex -29.122636 146.409380 14.702571
      vertex -43.542702 143.541050 0.000000
      vertex -43.333032 142.849861 14.702571
    endloop
  endfacet
  facet normal -0.336485 0.940413 0.049009
    outer loop
      vertex -43.333032 142.849861 14.702571
      vertex -43.542702 143.541050 0.000000
      vertex -57.402515 138.581930 0.000000
    endloop
  endfacet
  facet normal -0.336485 0.940413 0.049009
    outer loop
      vertex -43.333032 142.849861 14.702571
      vertex -57.402515 138.581930 0.000000
      vertex -57.126106 137.914620 14.702571
    endloop
  endfacet
  facet normal -0.427041 0.902903 0.049009
    outer loop
      vertex -57.126106 137.914620 14.702571
      vertex -57.402515 138.581930 0.000000
      vertex -70.709511 132.288190 0.000000
    endloop
  endfacet
  facet normal -0.427041 0.902903 0.049009
    outer loop
      vertex -57.126106 137.914620 14.702571
      vertex -70.709511 132.288190 0.000000
      vertex -70.369025 131.651186 14.702571
    endloop
  endfacet
  facet normal -0.513485 0.856698 0.049009
    outer loop
      vertex -70.369025 131.651186 14.702571
      vertex -70.709511 132.288190 0.000000
      vertex -83.335535 124.720442 0.000000
    endloop
  endfacet
  facet normal -0.513485 0.856698 0.049009
    outer loop
      vertex -70.369025 131.651186 14.702571
      vertex -83.335535 124.720442 0.000000
      vertex -82.934252 124.119879 14.702571
    endloop
  endfacet
  facet normal -0.594983 0.802242 0.049009
    outer loop
      vertex -82.934252 124.119879 14.702571
      vertex -83.335535 124.720442 0.000000
      vertex -95.158993 115.951568 0.000000
    endloop
  endfacet
  facet normal -0.594983 0.802242 0.049009
    outer loop
      vertex -82.934252 124.119879 14.702571
      vertex -95.158993 115.951568 0.000000
      vertex -94.700776 115.393230 14.702571
    endloop
  endfacet
  facet normal -0.670752 0.740061 0.049009
    outer loop
      vertex -94.700776 115.393230 14.702571
      vertex -95.158993 115.951568 0.000000
      vertex -106.066017 106.066017 0.000000
    endloop
  endfacet
  facet normal -0.670752 0.740061 0.049009
    outer loop
      vertex -94.700776 115.393230 14.702571
      vertex -106.066017 106.066017 0.000000
      vertex -105.555280 105.555280 14.702571
    endloop
  endfacet
  facet normal -0.740061 0.670752 0.049009
    outer loop
      vertex -105.555280 105.555280 14.702571
      vertex -106.066017 106.066017 0.000000
      vertex -115.951568 95.158993 0.000000
    endloop
  endfacet
  facet normal -0.740061 0.670752 0.049009
    outer loop
      vertex -105.555280 105.555280 14.702571
      vertex -115.951568 95.158993 0.000000
      vertex -115.393230 94.700776 14.702571
    endloop
  endfacet
  facet normal -0.802242 0.594983 0.049009
    outer loop
      vertex -115.393230 94.700776 14.702571
      vertex -115.951568 95.158993 0.000000
      vertex -124.720442 83.335535 0.000000
    endloop
  endfacet
  facet normal -0.802242 0.594983 0.049009
    outer loop
      vertex -115.393230 94.700776 14.702571
      vertex -124.720442 83.335535 0.000000
      vertex -124.119879 82.934252 14.702571
    endloop
  endfacet
  facet normal -0.856698 0.513485 0.049009
    outer loop
      vertex -124.119879 82.934252 14.702571
      vertex -124.720442 83.335535 0.000000
      vertex -132.288190 70.709511 0.000000
    endloop
  endfacet
  facet normal -0.856698 0.513485 0.049009
    outer loop
      vertex -124.119879 82.934252 14.702571
      vertex -132.288190 70.709511 0.000000
      vertex -131.651186 70.369025 14.702571
    endloop
  endfacet
  facet normal -0.902903 0.427041 0.049009
    outer loop
      vertex -131.651186 70.369025 14.702571
      vertex -132.288190 70.709511 0.000000
      vertex -138.581930 57.402515 0.000000
    endloop
  endfacet
  facet normal -0.902903 0.427041 0.049009
    outer loop
      vertex -131.651186 70.369025 14.702571
      vertex -138.581930 57.402515 0.000000
      vertex -137.914620 57.126106 14.702571
    endloop
  endfacet
  facet normal -0.940413 0.336485 0.049009
    outer loop
      vertex -137.914620 57.126106 14.702571
      vertex -138.581930 57.402515 0.000000
      vertex -143.541050 43.542702 0.000000
    endloop
  endfacet
  facet normal -0.940413 0.336485 0.049009
    outer loop
      vertex -137.914620 57.126106 14.702571
      vertex -143.541050 43.542702 0.000000
      vertex -142.849861 43.333032 14.702571
    endloop
  endfacet
  facet normal -0.968866 0.242688 0.049009
    outer loop
      vertex -142.849861 43.333032 14.702571
      vertex -143.541050 43.542702 0.000000
      vertex -147.117792 29.263548 0.000000
    endloop
  endfacet
  facet normal -0.968866 0.242688 0.049009
    outer loop
      vertex -142.849861 43.333032 14.702571
      vertex -147.117792 29.263548 0.000000
      vertex -146.409380 29.122636 14.702571
    endloop
  endfacet
  facet normal -0.987988 0.146554 0.049009
    outer loop
      vertex -146.409380 29.122636 14.702571
      vertex -147.117792 29.263548 0.000000
      vertex -149.277709 14.702571 0.000000
    endloop
  endfacet
  facet normal -0.987988 0.146554 0.049009
    outer loop
      vertex -146.409380 29.122636 14.702571
      vertex -149.277709 14.702571 0.000000
      vertex -148.558896 14.631774 14.702571
    endloop
  endfacet
  facet normal -0.997595 0.049009 0.049009
    outer loop
      vertex -148.558896 14.631774 14.702571
      vertex -149.277709 14.702571 0.000000
      vertex -150.000000 0.000000 0.000000
    endloop
  endfacet
  facet normal -0.997595 0.049009 0.049009
    outer loop
      vertex -148.558896 14.631774 14.702571
      vertex -150.000000 0.000000 0.000000
      vertex -149.277709 0.000000 14.702571
    endloop
  endfacet
  facet normal -0.997595 -0.049009 0.049009
    outer loop
      vertex -149.277709 0.000000 14.702571
      vertex -150.000000 0.000000 0.000000
      vertex -149.277709 -14.702571 0.000000
    endloop
  endfacet
  facet normal -0.997595 -0.049009 0.049009
    outer loop
      vertex -149.277709 0.000000 14.702571
      vertex -149.277709 -14.702571 0.000000
      vertex -148.558896 -14.631774 14.702571
    endloop
  endfacet
  facet normal -0.987988 -0.146554 0.049009
    outer loop
      vertex -148.558896 -14.631774 14.702571
      vertex -149.277709 -14.702571 0.000000
      vertex -147.117792 -29.263548 0.000000
    endloop
  endfacet
  facet normal -0.987988 -0.146554 0.049009
    outer loop
      vertex -148.558896 -14.631774 14.702571
      vertex -147.117792 -29.263548 0.000000
      vertex -146.409380 -29.122636 14.702571
    endloop
  endfacet
  facet normal -0.968866 -0.242688 0.049009
    outer loop
      vertex -146.409380 -29.122636 14.702571
      vertex -147.117792 -29.263548 0.000000
      vertex -143.541050 -43.542702 0.000000
    endloop
  endfacet
  facet normal -0.968866 -0.242688 0.049009
    outer loop
      vertex -146.409380 -29.122636 14.702571
      vertex -143.541050 -43.542702 0.000000
      vertex -142.849861 -43.333032 14.702571
    endloop
  endfacet
  facet normal -0.940413 -0.336485 0.049009
    outer loop
      vertex -142.849861 -43.333032 14.702571
      vertex -143.541050 -43.542702 0.000000
      vertex -138.581930 -57.402515 0.000000
    endloop
  endfacet
  facet normal -0.940413 -0.336485 0.049009
    outer loop
      vertex -142.849861 -43.333032 14.702571
      vertex -138.581930 -57.402515 0.000000
      vertex -137.914620 -57.126106 14.702571
    endloop
  endfacet
  facet normal -0.902903 -0.427041 0.049009
    outer loop
      vertex -137.914620 -57.126106 14.702571
      vertex -138.581930 -57.402515 0.000000
      vertex -132.288190 -70.709511 0.000000
    endloop
  endfacet
  facet normal -0.902903 -0.427041 0.049009
    outer loop
      vertex -137.914620 -57.126106 14.702571
      vertex -132.288190 -70.709511 0.000000
      vertex -131.651186 -70.369025 14.702571
    endloop
  endfacet
  facet normal -0.856698 -0.513485 0.049009
    outer loop
      vertex -131.651186 -70.369025 14.702571
      vertex -132.288190 -70.709511 0.000000
      vertex -124.720442 -83.335535 0.000000
    endloop
  endfacet
  facet normal -0.856698 -0.513485 0.049009
    outer loop
      vertex -131.651186 -70.369025 14.702571
      vertex -124.720442 -83.335535 0.000000
      vertex -124.119879 -82.934252 14.702571
    endloop
  endfacet
  facet normal -0.802242 -0.594983 0.049009
    outer loop
      vertex -124.119879 -82.934252 14.702571
      vertex -124.720442 -83.335535 0.000000
      vertex -115.951568 -95.158993 0.000000
    endloop
  endfacet
  facet normal -0.802242 -0.594983 0.049009
    outer loop
      vertex -124.119879 -82.934252 14.702571
      vertex -115.951568 -95.158993 0.000000
      vertex -115.393230 -94.700776 14.702571
    endloop
  endfacet
  facet normal -0.740061 -0.670752 0.049009
    outer loop
      vertex -115.393230 -94.700776 14.702571
      vertex -115.951568 -95.158993 0.000000
      vertex -106.066017 -106.066017 0.000000
    endloop
  endfacet
  facet normal -0.740061 -0.670752 0.049009
    outer loop
      vertex -115.393230 -94.700776 14.702571
      vertex -106.066017 -106.066017 0.000000
      vertex -105.555280 -105.555280 14.702571
    endloop
  endfacet
  facet normal -0.670752 -0.740061 0.049009
    outer loop
      vertex -105.555280 -105.555280 14.702571
      vertex -106.066017 -106.066017 0.000000
      vertex -95.158993 -115.951568 0.000000
    endloop
  endfacet
  facet normal -0.670752 -0.740061 0.049009
    outer loop
      vertex -105.555280 -105.555280 14.702571
      vertex -95.158993 -115.951568 0.000000
      vertex -94.700776 -115.393230 14.702571
    endloop
  endfacet
  facet normal -0.594983 -0.802242 0.049009
    outer loop
      vertex -94.700776 -115.393230 14.702571
      vertex -95.158993 -115.951568 0.000000
      vertex -83.335535 -124.720442 0.000000
    endloop
  endfacet
  facet normal -0.594983 -0.802242 0.049009
    outer loop
      vertex -94.700776 -115.393230 14.702571
      vertex -83.335535 -124.720442 0.000000
      vertex -82.934252 -124.119879 14.702571
    endloop
  endfacet
  facet normal -0.513485 -0.856698 0.049009
    outer loop
      vertex -82.934252 -124.119879 14.702571
      vertex -83.335535 -124.720442 0.000000
      vertex -70.709511 -132.288190 0.000000
    endloop
  endfacet
  facet normal -0.513485 -0.856698 0.049009
    outer loop
      vertex -82.934252 -124.119879 14.702571
      vertex -70.709511 -132.288190 0.000000
      vertex -70.369025 -131.651186 14.702571
    endloop
  endfacet
  facet normal -0.427041 -0.902903 0.049009
    outer loop
      vertex -70.369025 -131.651186 14.702571
      vertex -70.709511 -132.288190 0.000000
      vertex -57.402515 -138.581930 0.000000
    endloop
  endfacet
  facet normal -0.427041 -0.902903 0.049009
    outer loop
      vertex -70.369025 -131.651186 14.702571
      vertex -57.402515 -138.581930 0.000000
      vertex -57.126106 -137.914620 14.702571
    endloop
  endfacet
  facet normal -0.336485 -0.940413 0.049009
    outer loop
      vertex -57.126106 -137.914620 14.702571
      vertex -57.402515 -138.581930 0.000000
      vertex -43.542702 -143.541050 0.000000
    endloop
  endfacet
  facet normal -0.336485 -0.940413 0.049009
    outer loop
      vertex -57.126106 -137.914620 14.702571
      vertex -43.542702 -143.541050 0.000000
      vertex -43.333032 -142.849861 14.702571
    endloop
  endfacet
  facet normal -0.242688 -0.968866 0.049009
    outer loop
      vertex -43.333032 -142.849861 14.702571
      vertex -43.542702 -143.541050 0.000000
      vertex -29.263548 -147.117792 0.000000
    endloop
  endfacet
  facet normal -0.242688 -0.968866 0.049009
    outer loop
      vertex -43.333032 -142.849861 14.702571
      vertex -29.263548 -147.117792 0.000000
      vertex -29.122636 -146.409380 14.702571
    endloop
  endfacet
  facet normal -0.146554 -0.987988 0.049009
    outer loop
      vertex -29.122636 -146.409380 14.702571
      vertex -29.263548 -147.117792 0.000000
      vertex -14.702571 -149.277709 0.000000
    endloop
  endfacet
  facet normal -0.146554 -0.987988 0.049009
    outer loop
      vertex -29.122636 -146.409380 14.702571
      vertex -14.702571 -149.277709 0.000000
      vertex -14.631774 -148.558896 14.702571
    endloop
  endfacet
  facet normal -0.049009 -0.997595 0.049009
    outer loop
      vertex -14.631774 -148.558896 14.702571
      vertex -14.702571 -149.277709 0.000000
      vertex -0.000000 -150.000000 0.000000
    endloop
  endfacet
  facet normal -0.049009 -0.997595 0.049009
    outer loop
      vertex -14.631774 -148.558896 14.702571
      vertex -0.000000 -150.000000 0.000000
      vertex -0.000000 -149.277709 14.702571
    endloop
  endfacet
  facet normal 0.049009 -0.997595 0.049009
    outer loop
      vertex -0.000000 -149.277709 14.702571
      vertex -0.000000 -150.000000 0.000000
      vertex 14.702571 -149.277709 0.000000
    endloop
  endfacet
  facet normal 0.049009 -0.997595 0.049009
    outer loop
      vertex -0.000000 -149.277709 14.702571
      vertex 14.702571 -149.277709 0.000000
      vertex 14.631774 -148.558896 14.702571
    endloop
  endfacet
  facet normal 0.146554 -0.987988 0.049009
    outer loop
      vertex 14.631774 -148.558896 14.702571
      vertex 14.702571 -149.277709 0.000000
      vertex 29.263548 -147.117792 0.000000
    endloop
  endfacet
  facet normal 0.146554 -0.987988 0.049009
    outer loop
      vertex 14.631774 -148.558896 14.702571
      vertex 29.263548 -147.117792 0.000000
      vertex 29.122636 -146.409380 14.702571
    endloop
  endfacet
  facet normal 0.242688 -0.968866 0.049009
    outer loop
      vertex 29.122636 -146.409380 14.702571
      vertex 29.263548 -147.117792 0.000000
      vertex 43.542702 -143.541050 0.000000
    endloop
  endfacet
  facet normal 0.242688 -0.968866 0.049009
    outer loop
      vertex 29.122636 -146.409380 14.702571
      vertex 43.542702 -143.541050 0.000000
      vertex 43.333032 -142.849861 14.702571
    endloop
  endfacet
  facet normal 0.336485 -0.940413 0.049009
    outer loop
      vertex 43.333032 -142.849861 14.702571
      vertex 43.542702 -143.541050 0.000000
      vertex 57.402515 -138.581930 0.000000
    endloop
  endfacet
  facet normal 0.336485 -0.940413 0.049009
    outer loop
      vertex 43.333032 -142.849861 14.702571
      vertex 57.402515 -138.581930 0.000000
      vertex 57.126106 -137.914620 14.702571
    endloop
  endfacet
  facet normal 0.427041 -0.902903 0.049009
    outer loop
      vertex 57.126106 -137.914620 14.702571
      vertex 57.402515 -138.581930 0.000000
      vertex 70.709511 -132.288190 0.000000
    endloop
  endfacet
  facet normal 0.427041 -0.902903 0.049009
    outer loop
      vertex 57.126106 -137.914620 14.702571
      vertex 70.709511 -132.288190 0.000000
      vertex 70.369025 -131.651186 14.702571
    endloop
  endfacet
  facet normal 0.513485 -0.856698 0.049009
    outer loop
      vertex 70.369025 -131.651186 14.702571
      vertex 70.709511 -132.288190 0.000000
      vertex 83.335535 -124.720442 0.000000
    endloop
  endfacet
  facet normal 0.513485 -0.856698 0.049009
    outer loop
      vertex 70.369025 -131.651186 14.702571
      vertex 83.335535 -124.720442 0.000000
      vertex 82.934252 -124.119879 14.702571
    endloop
  endfacet
  facet normal 0.594983 -0.802242 0.049009
    outer loop
      vertex 82.934252 -124.119879 14.702571
      vertex 83.335535 -124.720442 0.000000
      vertex 95.158993 -115.951568 0.000000
    endloop
  endfacet
  facet normal 0.594983 -0.802242 0.049009
    outer loop
      vertex 82.934252 -124.119879 14.702571
      vertex 95.158993 -115.951568 0.000000
      vertex 94.700776 -115.393230 14.702571
    endloop
  endfacet
  facet normal 0.670752 -0.740061 0.049009
    outer loop
      vertex 94.700776 -115.393230 14.702571
      vertex 95.158993 -115.951568 0.000000
      vertex 106.066017 -106.066017 0.000000
    endloop
  endfacet
  facet normal 0.670752 -0.740061 0.049009
    outer loop
      vertex 94.700776 -115.393230 14.702571
      vertex 106.066017 -106.066017 0.000000
      vertex 105.555280 -105.555280 14.702571
    endloop
  endfacet
  facet normal 0.740061 -0.670752 0.049009
    outer loop
      vertex 105.555280 -105.555280 14.702571
      vertex 106.066017 -106.066017 0.000000
      vertex 115.951568 -95.158993 0.000000
    endloop
  endfacet
  facet normal 0.740061 -0.670752 0.049009
    outer loop
      vertex 105.555280 -105.555280 14.702571
      vertex 115.951568 -95.158993 0.000000
      vertex 115.393230 -94.700776 14.702571
    endloop
  endfacet
  facet normal 0.802242 -0.594983 0.049009
    outer loop
      vertex 115.393230 -94.700776 14.702571
      vertex 115.951568 -95.158993 0.000000
      vertex 124.720442 -83.335535 0.000000
    endloop
  endfacet
  facet normal 0.802242 -0.594983 0.049009
    outer loop
      vertex 115.393230 -94.700776 14.702571
      vertex 124.720442 -83.335535 0.000000
      vertex 124.119879 -82.934252 14.702571
    endloop
  endfacet
  facet normal 0.856698 -0.513485 0.049009
    outer loop
      vertex 124.119879 -82.934252 14.702571
      vertex 124.720442 -83.335535 0.000000
      vertex 132.288190 -70.709511 0.000000
    endloop
  endfacet
  facet normal 0.856698 -0.513485 0.049009
    outer loop
      vertex 124.119879 -82.934252 14.702571
      vertex 132.288190 -70.709511 0.000000
      vertex 131.651186 -70.369025 14.702571
    endloop
  endfacet
  facet normal 0.902903 -0.427041 0.049009
    outer loop
      vertex 131.651186 -70.369025 14.702571
      vertex 132.288190 -70.709511 0.000000
      vertex 138.581930 -57.402515 0.000000
    endloop
  endfacet
  facet normal 0.902903 -0.427041 0.049009
    outer loop
      vertex 131.651186 -70.369025 14.702571
      vertex 138.581930 -57.402515 0.000000
      vertex 137.914620 -57.126106 14.702571
    endloop
  endfacet
  facet normal 0.940413 -0.336485 0.049009
    outer loop
      vertex 137.914620 -57.126106 14.702571
      vertex 138.581930 -57.402515 0.000000
      vertex 143.541050 -43.542702 0.000000
    endloop
  endfacet
  facet normal 0.940413 -0.336485 0.049009
    outer loop
      vertex 137.914620 -57.126106 14.702571
      vertex 143.541050 -43.542702 0.000000
      vertex 142.849861 -43.333032 14.702571
    endloop
  endfacet
  facet normal 0.968866 -0.242688 0.049009
    outer loop
      vertex 142.849861 -43.333032 14.702571
      vertex 143.541050 -43.542702 0.000000
      vertex 147.117792 -29.263548 0.000000
    endloop
  endfacet
  facet normal 0.968866 -0.242688 0.049009
    outer loop
      vertex 142.849861 -43.333032 14.702571
      vertex 147.117792 -29.263548 0.000000
      vertex 146.409380 -29.122636 14.702571
    endloop
  endfacet
  facet normal 0.987988 -0.146554 0.049009
    outer loop
      vertex 146.409380 -29.122636 14.702571
      vertex 147.117792 -29.263548 0.000000
      vertex 149.277709 -14.702571 0.000000
    endloop
  endfacet
  facet normal 0.987988 -0.146554 0.049009
    outer loop
      vertex 146.409380 -29.122636 14.702571
      vertex 149.277709 -14.702571 0.000000
      vertex 148.558896 -14.631774 14.702571
    endloop
  endfacet
  facet normal 0.997595 -0.049009 0.049009
    outer loop
      vertex 148.558896 -14.631774 14.702571
      vertex 149.277709 -14.702571 0.000000
      vertex 150.000000 -0.000000 0.000000
    endloop
  endfacet
  facet normal 0.997595 -0.049009 0.049009
    outer loop
      vertex 148.558896 -14.631774 14.702571
      vertex 150.000000 -0.000000 0.000000
      vertex 149.277709 -0.000000 14.702571
    endloop
  endfacet
  facet normal 0.997595 0.049009 -0.049009
    outer loop
      vertex 150.000000 0.000000 0.000000
      vertex 149.277709 0.000000 -14.702571
      vertex 148.558896 14.631774 -14.702571
    endloop
  endfacet
  facet normal 0.997595 0.049009 -0.049009
    outer loop
      vertex 150.000000 0.000000 0.000000
      vertex 148.558896 14.631774 -14.702571
      vertex 149.277709 14.702571 0.000000
    endloop
  endfacet
  facet normal 0.987988 0.146554 -0.049009
    outer loop
      vertex 149.277709 14.702571 0.000000
      vertex 148.558896 14.631774 -14.702571
      vertex 146.409380 29.122636 -14.702571
    endloop
  endfacet
  facet normal 0.987988 0.146554 -0.049009
    outer loop
      vertex 149.277709 14.702571 0.000000
      vertex 146.409380 29.122636 -14.702571
      vertex 147.117792 29.263548 0.000000
    endloop
  endfacet
  facet normal 0.968866 0.242688 -0.049009
    outer loop
      vertex 147.117792 29.263548 0.000000
      vertex 146.409380 29.122636 -14.702571
      vertex 142.849861 43.333032 -14.702571
    endloop
  endfacet
  facet normal 0.968866 0.242688 -0.049009
    outer loop
      vertex 147.117792 29.263548 0.000000
      vertex 142.849861 43.333032 -14.702571
      vertex 143.541050 43.542702 0.000000
    endloop
  endfacet
  facet normal 0.940413 0.336485 -0.049009
    outer loop
      vertex 143.541050 43.542702 0.000000
      vertex 142.849861 43.333032 -14.702571
      vertex 137.914620 57.126106 -14.702571
    endloop
  endfacet
  facet normal 0.940413 0.336485 -0.049009
    outer loop
      vertex 143.541050 43.542702 0.000000
      vertex 137.914620 57.126106 -14.702571
      vertex 138.581930 57.402515 0.000000
    endloop
  endfacet
  facet normal 0.902903 0.427041 -0.049009
    outer loop
      vertex 138.581930 57.402515 0.000000
      vertex 137.914620 57.126106 -14.702571
      vertex 131.651186 70.369025 -14.702571
    endloop
  endfacet
  facet normal 0.902903 0.427041 -0.049009
    outer loop
      vertex 138.581930 57.402515 0.000000
      vertex 131.651186 70.369025 -14.702571
      vertex 132.288190 70.709511 0.000000
    endloop
  endfacet
  facet normal 0.856698 0.513485 -0.049009
    outer loop
      vertex 132.288190 70.709511 0.000000
      vertex 131.651186 70.369025 -14.702571
      vertex 124.119879 82.934252 -14.702571
    endloop
  endfacet
  facet normal 0.856698 0.513485 -0.049009
    outer loop
      vertex 132.288190 70.709511 0.000000
      vertex 124.119879 82.934252 -14.702571
      vertex 124.720442 83.335535 0.000000
    endloop
  endfacet
  facet normal 0.802242 0.594983 -0.049009
    outer loop
      vertex 124.720442 83.335535 0.000000
      vertex 124.119879 82.934252 -14.702571
      vertex 115.393230 94.700776 -14.702571
    endloop
  endfacet
  facet normal 0.802242 0.594983 -0.049009
    outer loop
      vertex 124.720442 83.335535 0.000000
      vertex 115.393230 94.700776 -14.702571
      vertex 115.951568 95.158993 0.000000
    endloop
  endfacet
  facet normal 0.740061 0.670752 -0.049009
    outer loop
      vertex 115.951568 95.158993 0.000000
      vertex 115.393230 94.700776 -14.702571
      vertex 105.555280 105.555280 -14.702571
    endloop
  endfacet
  facet normal 0.740061 0.670752 -0.049009
    outer loop
      vertex 115.951568 95.158993 0.000000
      vertex 105.555280 105.555280 -14.702571
      vertex 106.066017 106.066017 0.000000
    endloop
  endfacet
  facet normal 0.670752 0.740061 -0.049009
    outer loop
      vertex 106.066017 106.066017 0.000000
      vertex 105.555280 105.555280 -14.702571
      vertex 94.700776 115.393230 -14.702571
    endloop
  endfacet
  facet normal 0.670752 0.740061 -0.049009
    outer loop
      vertex 106.066017 106.066017 0.000000
      vertex 94.700776 115.393230 -14.702571
      vertex 95.158993 115.951568 0.000000
    endloop
  endfacet
  facet normal 0.594983 0.802242 -0.049009
    outer loop
      vertex 95.158993 115.951568 0.000000
      vertex 94.700776 115.393230 -14.702571
      vertex 82.934252 124.119879 -14.702571
    endloop
  endfacet
  facet normal 0.594983 0.802242 -0.049009
    outer loop
      vertex 95.158993 115.951568 0.000000
      vertex 82.934252 124.119879 -14.702571
      vertex 83.335535 124.720442 0.000000
    endloop
  endfacet
  facet normal 0.513485 0.856698 -0.049009
    outer loop
      vertex 83.335535 124.720442 0.000000
      vertex 82.934252 124.119879 -14.702571
      vertex 70.369025 131.651186 -14.702571
    endloop
  endfacet
  facet normal 0.513485 0.856698 -0.049009
    outer loop
      vertex 83.335535 124.720442 0.000000
      vertex 70.369025 131.651186 -14.702571
      vertex 70.709511 132.288190 0.000000
    endloop
  endfacet
  facet normal 0.427041 0.902903 -0.049009
    outer loop
      vertex 70.709511 132.288190 0.000000
      vertex 70.369025 131.651186 -14.702571
      vertex 57.126106 137.914620 -14.702571
    endloop
  endfacet
  facet normal 0.427041 0.902903 -0.049009
    outer loop
      vertex 70.709511 132.288190 0.000000
      vertex 57.126106 137.914620 -14.702571
      vertex 57.402515 138.581930 0.000000
    endloop
  endfacet
  facet normal 0.336485 0.940413 -0.049009
    outer loop
      vertex 57.402515 138.581930 0.000000
      vertex 57.126106 137.914620 -14.702571
      vertex 43.333032 142.849861 -14.702571
    endloop
  endfacet
  facet normal 0.336485 0.940413 -0.049009
    outer loop
      vertex 57.402515 138.581930 0.000000
      vertex 43.333032 142.849861 -14.702571
      vertex 43.542702 143.541050 0.000000
    endloop
  endfacet
  facet normal 0.242688 0.968866 -0.049009
    outer loop
      vertex 43.542702 143.541050 0.000000
      vertex 43.333032 142.849861 -14.702571
      vertex 29.122636 146.409380 -14.702571
    endloop
  endfacet
  facet normal 0.242688 0.968866 -0.049009
    outer loop
      vertex 43.542702 143.541050 0.000000
      vertex 29.122636 146.409380 -14.702571
      vertex 29.263548 147.117792 0.000000
    endloop
  endfacet
  facet normal 0.146554 0.987988 -0.049009
    outer loop
      vertex 29.263548 147.117792 0.000000
      vertex 29.122636 146.409380 -14.702571
      vertex 14.631774 148.558896 -14.702571
    endloop
  endfacet
  facet normal 0.146554 0.987988 -0.049009
    outer loop
      vertex 29.263548 147.117792 0.000000
      vertex 14.631774 148.558896 -14.702571
      vertex 14.702571 149.277709 0.000000
    endloop
  endfacet
  facet normal 0.049009 0.997595 -0.049009
    outer loop
      vertex 14.702571 149.277709 0.000000
      vertex 14.631774 148.558896 -14.702571
      vertex 0.000000 149.277709 -14.702571
    endloop
  endfacet
  facet normal 0.049009 0.997595 -0.049009
    outer loop
      vertex 14.702571 149.277709 0.000000
      vertex 0.000000 149.277709 -14.702571
      vertex 0.000000 150.000000 0.000000
    endloop
  endfacet
  facet normal -0.049009 0.997595 -0.049009
    outer loop
      vertex 0.000000 150.000000 0.000000
      vertex 0.000000 149.277709 -14.702571
      vertex -14.631774 148.558896 -14.702571
    endloop
  endfacet
  facet normal -0.049009 0.997595 -0.049009
    outer loop
      vertex 0.000000 150.000000 0.000000
      vertex -14.631774 148.558896 -14.702571
      vertex -14.702571 149.277709 0.000000
    endloop
  endfacet
  facet normal -0.146554 0.987988 -0.049009
    outer loop
      vertex -14.702571 149.277709 0.000000
      vertex -14.631774 148.558896 -14.702571
      vertex -29.122636 146.409380 -14.702571
    endloop
  endfacet
  facet normal -0.146554 0.987988 -0.049009
    outer loop
      vertex -14.702571 149.277709 0.000000
      vertex -29.122636 146.409380 -14.702571
      vertex -29.263548 147.117792 0.000000
    endloop
  endfacet
  facet normal -0.242688 0.968866 -0.049009
    outer loop
      vertex -29.263548 147.117792 0.000000
      vertex -29.122636 146.409380 -14.702571
      vertex -43.333032 142.849861 -14.702571
    endloop
  endfacet
  facet normal -0.242688 0.968866 -0.049009
    outer loop
      vertex -29.263548 147.117792 0.000000
      vertex -43.333032 142.849861 -14.702571
      vertex -43.542702 143.541050 0.000000
    endloop
  endfacet
  facet normal -0.336485 0.940413 -0.049009
    outer loop
      vertex -43.542702 143.541050 0.000000
      vertex -43.333032 142.849861 -14.702571
      vertex -57.126106 137.914620 -14.702571
    endloop
  endfacet
  facet normal -0.336485 0.940413 -0.049009
    outer loop
      vertex -43.542702 143.541050 0.000000
      vertex -57.126106 137.914620 -14.702571
      vertex -57.402515 138.581930 0.000000
    endloop
  endfacet
  facet normal -0.427041 0.902903 -0.049009
    outer loop
      vertex -57.402515 138.581930 0.000000
      vertex -57.126106 137.914620 -14.702571
      vertex -70.369025 131.651186 -14.702571
    endloop
  endfacet
  facet normal -0.427041 0.902903 -0.049009
    outer loop
      vertex -57.402515 138.581930 0.000000
      vertex -70.369025 131.651186 -14.702571
      vertex -70.709511 132.288190 0.000000
    endloop
  endfacet
  facet normal -0.513485 0.856698 -0.049009
    outer loop
      vertex -70.709511 132.288190 0.000000
      vertex -70.369025 131.651186 -14.702571
      vertex -82.934252 124.119879 -14.702571
    endloop
  endfacet
  facet normal -0.513485 0.856698 -0.049009
    outer loop
      vertex -70.709511 132.288190 0.000000
      vertex -82.934252 124.119879 -14.702571
      vertex -83.335535 124.720442 0.000000
    endloop
  endfacet
  facet normal -0.594983 0.802242 -0.049009
    outer loop
      vertex -83.335535 124.720442 0.000000
      vertex -82.934252 124.119879 -14.702571
      vertex -94.700776 115.393230 -14.702571
    endloop
  endfacet
  facet normal -0.594983 0.802242 -0.049009
    outer loop
      vertex -83.335535 124.720442 0.000000
      vertex -94.700776 115.393230 -14.702571
      vertex -95.158993 115.951568 0.000000
    endloop
  endfacet
  facet normal -0.670752 0.740061 -0.049009
    outer loop
      vertex -95.158993 115.951568 0.000000
      vertex -94.700776 115.393230 -14.702571
      vertex -105.555280 105.555280 -14.702571
    endloop
  endfacet
  facet normal -0.670752 0.740061 -0.049009
    outer loop
      vertex -95.158993 115.951568 0.000000
      vertex -105.555280 105.555280 -14.702571
      vertex -106.066017 106.066017 0.000000
    endloop
  endfacet
  facet normal -0.740061 0.670752 -0.049009
    outer loop
      vertex -106.066017 106.066017 0.000000
      vertex -105.555280 105.555280 -14.702571
      vertex -115.393230 94.700776 -14.702571
    endloop
  endfacet
  facet normal -0.740061 0.670752 -0.049009
    outer loop
      vertex -106.066017 106.066017 0.000000
      vertex -115.393230 94.700776 -14.702571
      vertex -115.951568 95.158993 0.000000
    endloop
  endfacet
  facet normal -0.802242 0.594983 -0.049009
    outer loop
      vertex -115.951568 95.158993 0.000000
      vertex -115.393230 94.700776 -14.702571
      vertex -124.119879 82.934252 -14.702571
    endloop
  endfacet
  facet normal -0.802242 0.594983 -0.049009
    outer loop
      vertex -115.951568 95.158993 0.000000
      vertex -124.119879 82.934252 -14.702571
      vertex -124.720442 83.335535 0.000000
    endloop
  endfacet
  facet normal -0.856698 0.513485 -0.049009
    outer loop
      vertex -124.720442 83.335535 0.000000
      vertex -124.119879 82.934252 -14.702571
      vertex -131.651186 70.369025 -14.702571
    endloop
  endfacet
  facet normal -0.856698 0.513485 -0.049009
    outer loop
      vertex -124.720442 83.335535 0.000000
      vertex -131.651186 70.369025 -14.702571
      vertex -132.288190 70.709511 0.000000
    endloop
  endfacet
  facet normal -0.902903 0.427041 -0.049009
    outer loop
      vertex -132.288190 70.709511 0.000000
      vertex -131.651186 70.369025 -14.702571
      vertex -137.914620 57.126106 -14.702571
    endloop
  endfacet
  facet normal -0.902903 0.427041 -0.049009
    outer loop
      vertex -132.288190 70.709511 0.000000
      vertex -137.914620 57.126106 -14.702571
      vertex -138.581930 57.402515 0.000000
    endloop
  endfacet
  facet normal -0.940413 0.336485 -0.049009
    outer loop
      vertex -138.581930 57.402515 0.000000
      vertex -137.914620 57.126106 -14.702571
      vertex -142.849861 43.333032 -14.702571
    endloop
  endfacet
  facet normal -0.940413 0.336485 -0.049009
    outer loop
      vertex -138.581930 57.402515 0.000000
      vertex -142.849861 43.333032 -14.702571
      vertex -143.541050 43.542702 0.000000
    endloop
  endfacet
  facet normal -0.968866 0.242688 -0.049009
    outer loop
      vertex -143.541050 43.542702 0.000000
      vertex -142.849861 43.333032 -14.702571
      vertex -146.409380 29.122636 -14.702571
    endloop
  endfacet
  facet normal -0.968866 0.242688 -0.049009
    outer loop
      vertex -143.541050 43.542702 0.000000
      vertex -146.409380 29.122636 -14.702571
      vertex -147.117792 29.263548 0.000000
    endloop
  endfacet
  facet normal -0.987988 0.146554 -0.049009
    outer loop
      vertex -147.117792 29.263548 0.000000
      vertex -146.409380 29.122636 -14.702571
      vertex -148.558896 14.631774 -14.702571
    endloop
  endfacet
  facet normal -0.987988 0.146554 -0.049009
    outer loop
      vertex -147.117792 29.263548 0.000000
      vertex -148.558896 14.631774 -14.702571
      vertex -149.277709 14.702571 0.000000
    endloop
  endfacet
  facet normal -0.997595 0.049009 -0.049009
    outer loop
      vertex -149.277709 14.702571 0.000000
      vertex -148.558896 14.631774 -14.702571
      vertex -149.277709 0.000000 -14.702571
    endloop
  endfacet
  facet normal -0.997595 0.049009 -0.049009
    outer loop
      vertex -149.277709 14.702571 0.000000
      vertex -149.277709 0.000000 -14.702571
      vertex -150.000000 0.000000 0.000000
    endloop
  endfacet
  facet normal -0.997595 -0.049009 -0.049009
    outer loop
      vertex -150.000000 0.000000 0.000000
      vertex -149.277709 0.000000 -14.702571
      vertex -148.558896 -14.631774 -14.702571
    endloop
  endfacet
  facet normal -0.997595 -0.049009 -0.049009
    outer loop
      vertex -150.000000 0.000000 0.000000
      vertex -148.558896 -14.631774 -14.702571
      vertex -149.277709 -14.702571 0.000000
    endloop
  endfacet
  facet normal -0.987988 -0.146554 -0.049009
    outer loop
      vertex -149.277709 -14.702571 0.000000
      vertex -148.558896 -14.631774 -14.702571
      vertex -146.409380 -29.122636 -14.702571
    endloop
  endfacet
  facet normal -0.987988 -0.146554 -0.049009
    outer loop
      vertex -149.277709 -14.702571 0.000000
      vertex -146.409380 -29.122636 -14.702571
      vertex -147.117792 -29.263548 0.000000
    endloop
  endfacet
  facet normal -0.968866 -0.242688 -0.049009
    outer loop
      vertex -147.117792 -29.263548 0.000000
      vertex -146.409380 -29.122636 -14.702571
      vertex -142.849861 -43.333032 -14.702571
    endloop
  endfacet
  facet normal -0.968866 -0.242688 -0.049009
    outer loop
      vertex -147.117792 -29.263548 0.000000
      vertex -142.849861 -43.333032 -14.702571
      vertex -143.541050 -43.542702 0.000000
    endloop
  endfacet
  facet normal -0.940413 -0.336485 -0.049009
    outer loop
      vertex -143.541050 -43.542702 0.000000
      vertex -142.849861 -43.333032 -14.702571
      vertex -137.914620 -57.126106 -14.702571
    endloop
  endfacet
  facet normal -0.940413 -0.336485 -0.049009
    outer loop
      vertex -143.541050 -43.542702 0.000000
      vertex -137.914620 -57.126106 -14.702571
      vertex -138.581930 -57.402515 0.000000
    endloop
  endfacet
  facet normal -0.902903 -0.427041 -0.049009
    outer loop
      vertex -138.581930 -57.402515 0.000000
      vertex -137.914620 -57.126106 -14.702571
      vertex -131.651186 -70.369025 -14.702571
    endloop
  endfacet
  facet normal -0.902903 -0.427041 -0.049009
    outer loop
      vertex -138.581930 -57.402515 0.000000
      vertex -131.651186 -70.369025 -14.702571
      vertex -132.288190 -70.709511 0.000000
    endloop
  endfacet
  facet normal -0.856698 -0.513485 -0.049009
    outer loop
      vertex -132.288190 -70.709511 0.000000
      vertex -131.651186 -70.369025 -14.702571
      vertex -124.119879 -82.934252 -14.702571
    endloop
  endfacet
  facet normal -0.856698 -0.513485 -0.049009
    outer loop
      vertex -132.288190 -70.709511 0.000000
      vertex -124.119879 -82.934252 -14.702571
      vertex -124.720442 -83.335535 0.000000
    endloop
  endfacet
  facet normal -0.802242 -0.594983 -0.049009
    outer loop
      vertex -124.720442 -83.335535 0.000000
      vertex -124.119879 -82.934252 -14.702571
      vertex -115.393230 -94.700776 -14.702571
    endloop
  endfacet
  facet normal -0.802242 -0.594983 -0.049009
    outer loop
      vertex -124.720442 -83.335535 0.000000
      vertex -115.393230 -94.700776 -14.702571
      vertex -115.951568 -95.158993 0.000000
    endloop
  endfacet
  facet normal -0.740061 -0.670752 -0.049009
    outer loop
      vertex -115.951568 -95.158993 0.000000
      vertex -115.393230 -94.700776 -14.702571
      vertex -105.555280 -105.555280 -14.702571
    endloop
  endfacet
  facet normal -0.740061 -0.670752 -0.049009
    outer loop
      vertex -115.951568 -95.158993 0.000000
      vertex -105.555280 -105.555280 -14.702571
      vertex -106.066017 -106.066017 0.000000
    endloop
  endfacet
  facet normal -0.670752 -0.740061 -0.049009
    outer loop
      vertex -106.066017 -106.066017 0.000000
      vertex -105.555280 -105.555280 -14.702571
      vertex -94.700776 -115.393230 -14.702571
    endloop
  endfacet
  facet normal -0.670752 -0.740061 -0.049009
    outer loop
      vertex -106.066017 -106.066017 0.000000
      vertex -94.700776 -115.393230 -14.702571
      vertex -95.158993 -115.951568 0.000000
    endloop
  endfacet
  facet normal -0.594983 -0.802242 -0.049009
    outer loop
      vertex -95.158993 -115.951568 0.000000
      vertex -94.700776 -115.393230 -14.702571
      vertex -82.934252 -124.119879 -14.702571
    endloop
  endfacet
  facet normal -0.594983 -0.802242 -0.049009
    outer loop
      vertex -95.158993 -115.951568 0.000000
      vertex -82.934252 -124.119879 -14.702571
      vertex -83.335535 -124.720442 0.000000
    endloop
  endfacet
  facet normal -0.513485 -0.856698 -0.049009
    outer loop
      vertex -83.335535 -124.720442 0.000000
      vertex -82.934252 -124.119879 -14.702571
      vertex -70.369025 -131.651186 -14.702571
    endloop
  endfacet
  facet normal -0.513485 -0.856698 -0.049009
    outer loop
      vertex -83.335535 -124.720442 0.000000
      vertex -70.369025 -131.651186 -14.702571
      vertex -70.709511 -132.288190 0.000000
    endloop
  endfacet
  facet normal -0.427041 -0.902903 -0.049009
    outer loop
      vertex -70.709511 -132.288190 0.000000
      vertex -70.369025 -131.651186 -14.702571
      vertex -57.126106 -137.914620 -14.702571
    endloop
  endfacet
  facet normal -0.427041 -0.902903 -0.049009
    outer loop
      vertex -70.709511 -132.288190 0.000000
      vertex -57.126106 -137.914620 -14.702571
      vertex -57.402515 -138.581930 0.000000
    endloop
  endfacet
  facet normal -0.336485 -0.940413 -0.049009
    outer loop
      vertex -57.402515 -138.581930 0.000000
      vertex -57.126106 -137.914620 -14.702571
      vertex -43.333032 -142.849861 -14.702571
    endloop
  endfacet
  facet normal -0.336485 -0.940413 -0.049009
    outer loop
      vertex -57.402515 -138.581930 0.000000
      vertex -43.333032 -142.849861 -14.702571
      vertex -43.542702 -143.541050 0.000000
    endloop
  endfacet
  facet normal -0.242688 -0.968866 -0.049009
    outer loop
      vertex -43.542702 -143.541050 0.000000
      vertex -43.333032 -142.849861 -14.702571
      vertex -29.122636 -146.409380 -14.702571
    endloop
  endfacet
  facet normal -0.242688 -0.968866 -0.049009
    outer loop
      vertex -43.542702 -143.541050 0.000000
      vertex -29.122636 -146.409380 -14.702571
      vertex -29.263548 -147.117792 0.000000
    endloop
  endfacet
  facet normal -0.146554 -0.987988 -0.049009
    outer loop
      vertex -29.263548 -147.117792 0.000000
      vertex -29.122636 -146.409380 -14.702571
      vertex -14.631774 -148.558896 -14.702571
    endloop
  endfacet
  facet normal -0.146554 -0.987988 -0.049009
    outer loop
      vertex -29.263548 -147.117792 0.000000
      vertex -14.631774 -148.558896 -14.702571
      vertex -14.702571 -149.277709 0.000000
    endloop
  endfacet
  facet normal -0.049009 -0.997595 -0.049009
    outer loop
      vertex -14.702571 -149.277709 0.000000
      vertex -14.631774 -148.558896 -14.702571
      vertex -0.000000 -149.277709 -14.702571
    endloop
  endfacet
  facet normal -0.049009 -0.997595 -0.049009
    outer loop
      vertex -14.702571 -149.277709 0.000000
      vertex -0.000000 -149.277709 -14.702571
      vertex -0.000000 -150.000000 0.000000
    endloop
  endfacet
  facet normal 0.049009 -0.997595 -0.049009
    outer loop
      vertex -0.000000 -150.000000 0.000000
      vertex -0.000000 -149.277709 -14.702571
      vertex 14.631774 -148.558896 -14.702571
    endloop
  endfacet
  facet normal 0.049009 -0.997595 -0.049009
    outer loop
      vertex -0.000000 -150.000000 0.000000
      vertex 14.631774 -148.558896 -14.702571
      vertex 14.702571 -149.277709 0.000000
    endloop
  endfacet
  facet normal 0.146554 -0.987988 -0.049009
    outer loop
      vertex 14.702571 -149.277709 0.000000
      vertex 14.631774 -148.558896 -14.702571
      vertex 29.122636 -146.409380 -14.702571
    endloop
  endfacet
  facet normal 0.146554 -0.987988 -0.049009
    outer loop
      vertex 14.702571 -149.277709 0.000000
      vertex 29.122636 -146.409380 -14.702571
      vertex 29.263548 -147.117792 0.000000
    endloop
  endfacet
  facet normal 0.242688 -0.968866 -0.049009
    outer loop
      vertex 29.263548 -147.117792 0.000000
      vertex 29.122636 -146.409380 -14.702571
      vertex 43.333032 -142.849861 -14.702571
    endloop
  endfacet
  facet normal 0.242688 -0.968866 -0.049009
    outer loop
      vertex 29.263548 -147.117792 0.000000
      vertex 43.333032 -142.849861 -14.702571
      vertex 43.542702 -143.541050 0.000000
    endloop
  endfacet
  facet normal 0.336485 -0.940413 -0.049009
    outer loop
      vertex 43.542702 -143.541050 0.000000
      vertex 43.333032 -142.849861 -14.702571
      vertex 57.126106 -137.914620 -14.702571
    endloop
  endfacet
  facet normal 0.336485 -0.940413 -0.049009
    outer loop
      vertex 43.542702 -143.541050 0.000000
      vertex 57.126106 -137.914620 -14.702571
      vertex 57.402515 -138.581930 0.000000
    endloop
  endfacet
  facet normal 0.427041 -0.902903 -0.049009
    outer loop
      vertex 57.402515 -138.581930 0.000000
      vertex 57.126106 -137.914620 -14.702571
      vertex 70.369025 -131.651186 -14.702571
    endloop
  endfacet
  facet normal 0.427041 -0.902903 -0.049009
    outer loop
      vertex 57.402515 -138.581930 0.000000
      vertex 70.369025 -131.651186 -14.702571
      vertex 70.709511 -132.288190 0.000000
    endloop
  endfacet
  facet normal 0.513485 -0.856698 -0.049009
    outer loop
      vertex 70.709511 -132.288190 0.000000
      vertex 70.369025 -131.651186 -14.702571
      vertex 82.934252 -124.119879 -14.702571
    endloop
  endfacet
  facet normal 0.513485 -0.856698 -0.049009
    outer loop
      vertex 70.709511 -132.288190 0.000000
      vertex 82.934252 -124.119879 -14.702571
      vertex 83.335535 -124.720442 0.000000
    endloop
  endfacet
  facet normal 0.594983 -0.802242 -0.049009
    outer loop
      vertex 83.335535 -124.720442 0.000000
      vertex 82.934252 -124.119879 -14.702571
      vertex 94.700776 -115.393230 -14.702571
    endloop
  endfacet
  facet normal 0.594983 -0.802242 -0.049009
    outer loop
      vertex 83.335535 -124.720442 0.000000
      vertex 94.700776 -115.393230 -14.702571
      vertex 95.158993 -115.951568 0.000000
    endloop
  endfacet
  facet normal 0.670752 -0.740061 -0.049009
    outer loop
      vertex 95.158993 -115.951568 0.000000
      vertex 94.700776 -115.393230 -14.702571
      vertex 105.555280 -105.555280 -14.702571
    endloop
  endfacet
  facet normal 0.670752 -0.740061 -0.049009
    outer loop
      vertex 95.158993 -115.951568 0.000000
      vertex 105.555280 -105.555280 -14.702571
      vertex 106.066017 -106.066017 0.000000
    endloop
  endfacet
  facet normal 0.740061 -0.670752 -0.049009
    outer loop
      vertex 106.066017 -106.066017 0.000000
      vertex 105.555280 -105.555280 -14.702571
      vertex 115.393230 -94.700776 -14.702571
    endloop
  endfacet
  facet normal 0.740061 -0.670752 -0.049009
    outer loop
      vertex 106.066017 -106.066017 0.000000
      vertex 115.393230 -94.700776 -14.702571
      vertex 115.951568 -95.158993 0.000000
    endloop
  endfacet
  facet normal 0.802242 -0.594983 -0.049009
    outer loop
      vertex 115.951568 -95.158993 0.000000
      vertex 115.393230 -94.700776 -14.702571
      vertex 124.119879 -82.934252 -14.702571
    endloop
  endfacet
  facet normal 0.802242 -0.594983 -0.049009
    outer loop
      vertex 115.951568 -95.158993 0.000000
      vertex 124.119879 -82.934252 -14.702571
      vertex 124.720442 -83.335535 0.000000
    endloop
  endfacet
  facet normal 0.856698 -0.513485 -0.049009
    outer loop
      vertex 124.720442 -83.335535 0.000000
      vertex 124.119879 -82.934252 -14.702571
      vertex 131.651186 -70.369025 -14.702571
    endloop
  endfacet
  facet normal 0.856698 -0.513485 -0.049009
    outer loop
      vertex 124.720442 -83.335535 0.000000
      vertex 131.651186 -70.369025 -14.702571
      vertex 132.288190 -70.709511 0.000000
    endloop
  endfacet
  facet normal 0.902903 -0.427041 -0.049009
    outer loop
      vertex 132.288190 -70.709511 0.000000
      vertex 131.651186 -70.369025 -14.702571
      vertex 137.914620 -57.126106 -14.702571
    endloop
  endfacet
  facet normal 0.902903 -0.427041 -0.049009
    outer loop
      vertex 132.288190 -70.709511 0.000000
      vertex 137.914620 -57.126106 -14.702571
      vertex 138.581930 -57.402515 0.000000
    endloop
  endfacet
  facet normal 0.940413 -0.336485 -0.049009
    outer loop
      vertex 138.581930 -57.402515 0.000000
      vertex 137.914620 -57.126106 -14.702571
      vertex 142.849861 -43.333032 -14.702571
    endloop
  endfacet
  facet normal 0.940413 -0.336485 -0.049009
    outer loop
      vertex 138.581930 -57.402515 0.000000
      vertex 142.849861 -43.333032 -14.702571
      vertex 143.541050 -43.542702 0.000000
    endloop
  endfacet
  facet normal 0.968866 -0.242688 -0.049009
    outer loop
      vertex 143.541050 -43.542702 0.000000
      vertex 142.849861 -43.333032 -14.702571
      vertex 146.409380 -29.122636 -14.702571
    endloop
  endfacet
  facet normal 0.968866 -0.242688 -0.049009
    outer loop
      vertex 143.541050 -43.542702 0.000000
      vertex 146.409380 -29.122636 -14.702571
      vertex 147.117792 -29.263548 0.000000
    endloop
  endfacet
  facet normal 0.987988 -0.146554 -0.049009
    outer loop
      vertex 147.117792 -29.263548 0.000000
      vertex 146.409380 -29.122636 -14.702571
      vertex 148.558896 -14.631774 -14.702571
    endloop
  endfacet
  facet normal 0.987988 -0.146554 -0.049009
    outer loop
      vertex 147.117792 -29.263548 0.000000
      vertex 148.558896 -14.631774 -14.702571
      vertex 149.277709 -14.702571 0.000000
    endloop
  endfacet
  facet normal 0.997595 -0.049009 -0.049009
    outer loop
      vertex 149.277709 -14.702571 0.000000
      vertex 148.558896 -14.631774 -14.702571
      vertex 149.277709 -0.000000 -14.702571
    endloop
  endfacet
  facet normal 0.997595 -0.049009 -0.049009
    outer loop
      vertex 149.277709 -14.702571 0.000000
      vertex 149.277709 -0.000000 -14.702571
      vertex 150.000000 -0.000000 0.000000
    endloop
  endfacet
  facet normal 0.988011 0.048538 -0.146558
    outer loop
      vertex 149.277709 0.000000 -14.702571
      vertex 147.117792 0.000000 -29.263548
      vertex 146.409380 14.420065 -29.263548
    endloop
  endfacet
  facet normal 0.988011 0.048538 -0.146558
    outer loop
      vertex 149.277709 0.000000 -14.702571
      vertex 146.409380 14.420065 -29.263548
      vertex 148.558896 14.631774 -14.702571
    endloop
  endfacet
  facet normal 0.978496 0.145146 -0.146558
    outer loop
      vertex 148.558896 14.631774 -14.702571
      vertex 146.409380 14.420065 -29.263548
      vertex 144.290965 28.701257 -29.263548
    endloop
  endfacet
  facet normal 0.978496 0.145146 -0.146558
    outer loop
      vertex 148.558896 14.631774 -14.702571
      vertex 144.290965 28.701257 -29.263548
      vertex 146.409380 29.122636 -14.702571
    endloop
  endfacet
  facet normal 0.959557 0.240357 -0.146558
    outer loop
      vertex 146.409380 29.122636 -14.702571
      vertex 144.290965 28.701257 -29.263548
      vertex 140.782949 42.706041 -29.263548
    endloop
  endfacet
  facet normal 0.959557 0.240357 -0.146558
    outer loop
      vertex 146.409380 29.122636 -14.702571
      vertex 140.782949 42.706041 -29.263548
      vertex 142.849861 43.333032 -14.702571
    endloop
  endfacet
  facet normal 0.931377 0.333252 -0.146558
    outer loop
      vertex 142.849861 43.333032 -14.702571
      vertex 140.782949 42.706041 -29.263548
      vertex 135.919117 56.299542 -29.263548
    endloop
  endfacet
  facet normal 0.931377 0.333252 -0.146558
    outer loop
      vertex 142.849861 43.333032 -14.702571
      vertex 135.919117 56.299542 -29.263548
      vertex 137.914620 57.126106 -14.702571
    endloop
  endfacet
  facet normal 0.894228 0.422938 -0.146558
    outer loop
      vertex 137.914620 57.126106 -14.702571
      vertex 135.919117 56.299542 -29.263548
      vertex 129.746309 69.350847 -29.263548
    endloop
  endfacet
  facet normal 0.894228 0.422938 -0.146558
    outer loop
      vertex 137.914620 57.126106 -14.702571
      vertex 129.746309 69.350847 -29.263548
      vertex 131.651186 70.369025 -14.702571
    endloop
  endfacet
  facet normal 0.848467 0.508552 -0.146558
    outer loop
      vertex 131.651186 70.369025 -14.702571
      vertex 129.746309 69.350847 -29.263548
      vertex 122.323974 81.734266 -29.263548
    endloop
  endfacet
  facet normal 0.848467 0.508552 -0.146558
    outer loop
      vertex 131.651186 70.369025 -14.702571
      vertex 122.323974 81.734266 -29.263548
      vertex 124.119879 82.934252 -14.702571
    endloop
  endfacet
  facet normal 0.794535 0.589267 -0.146558
    outer loop
      vertex 124.119879 82.934252 -14.702571
      vertex 122.323974 81.734266 -29.263548
      vertex 113.723591 93.330539 -29.263548
    endloop
  endfacet
  facet normal 0.794535 0.589267 -0.146558
    outer loop
      vertex 124.119879 82.934252 -14.702571
      vertex 113.723591 93.330539 -29.263548
      vertex 115.393230 94.700776 -14.702571
    endloop
  endfacet
  facet normal 0.732950 0.664308 -0.146558
    outer loop
      vertex 115.393230 94.700776 -14.702571
      vertex 113.723591 93.330539 -29.263548
      vertex 104.027988 104.027988 -29.263548
    endloop
  endfacet
  facet normal 0.732950 0.664308 -0.146558
    outer loop
      vertex 115.393230 94.700776 -14.702571
      vertex 104.027988 104.027988 -29.263548
      vertex 105.555280 105.555280 -14.702571
    endloop
  endfacet
  facet normal 0.664308 0.732950 -0.146558
    outer loop
      vertex 105.555280 105.555280 -14.702571
      vertex 104.027988 104.027988 -29.263548
      vertex 93.330539 113.723591 -29.263548
    endloop
  endfacet
  facet normal 0.664308 0.732950 -0.146558
    outer loop
      vertex 105.555280 105.555280 -14.702571
      vertex 93.330539 113.723591 -29.263548
      vertex 94.700776 115.393230 -14.702571
    endloop
  endfacet
  facet normal 0.589267 0.794535 -0.146558
    outer loop
      vertex 94.700776 115.393230 -14.702571
      vertex 93.330539 113.723591 -29.263548
      vertex 81.734266 122.323974 -29.263548
    endloop
  endfacet
  facet normal 0.589267 0.794535 -0.146558
    outer loop
      vertex 94.700776 115.393230 -14.702571
      vertex 81.734266 122.323974 -29.263548
      vertex 82.934252 124.119879 -14.702571
    endloop
  endfacet
  facet normal 0.508552 0.848467 -0.146558
    outer loop
      vertex 82.934252 124.119879 -14.702571
      vertex 81.734266 122.323974 -29.263548
      vertex 69.350847 129.746309 -29.263548
    endloop
  endfacet
  facet normal 0.508552 0.848467 -0.146558
    outer loop
      vertex 82.934252 124.119879 -14.702571
      vertex 69.350847 129.746309 -29.263548
      vertex 70.369025 131.651186 -14.702571
    endloop
  endfacet
  facet normal 0.422938 0.894228 -0.146558
    outer loop
      vertex 70.369025 131.651186 -14.702571
      vertex 69.350847 129.746309 -29.263548
      vertex 56.299542 135.919117 -29.263548
    endloop
  endfacet
  facet normal 0.422938 0.894228 -0.146558
    outer loop
      vertex 70.369025 131.651186 -14.702571
      vertex 56.299542 135.919117 -29.263548
      vertex 57.126106 137.914620 -14.702571
    endloop
  endfacet
  facet normal 0.333252 0.931377 -0.146558
    outer loop
      vertex 57.126106 137.914620 -14.702571
      vertex 56.299542 135.919117 -29.263548
      vertex 42.706041 140.782949 -29.263548
    endloop
  endfacet
  facet normal 0.333252 0.931377 -0.146558
    outer loop
      vertex 57.126106 137.914620 -14.702571
      vertex 42.706041 140.782949 -29.263548
      vertex 43.333032 142.849861 -14.702571
    endloop
  endfacet
  facet normal 0.240357 0.959557 -0.146558
    outer loop
      vertex 43.333032 142.849861 -14.702571
      vertex 42.706041 140.782949 -29.263548
      vertex 28.701257 144.290965 -29.263548
    endloop
  endfacet
  facet normal 0.240357 0.959557 -0.146558
    outer loop
      vertex 43.333032 142.849861 -14.702571
      vertex 28.701257 144.290965 -29.263548
      vertex 29.122636 146.409380 -14.702571
    endloop
  endfacet
  facet normal 0.145146 0.978496 -0.146558
    outer loop
      vertex 29.122636 146.409380 -14.702571
      vertex 28.701257 144.290965 -29.263548
      vertex 14.420065 146.409380 -29.263548
    endloop
  endfacet
  facet normal 0.145146 0.978496 -0.146558
    outer loop
      vertex 29.122636 146.409380 -14.702571
      vertex 14.420065 146.409380 -29.263548
      vertex 14.631774 148.558896 -14.702571
    endloop
  endfacet
  facet normal 0.048538 0.988011 -0.146558
    outer loop
      vertex 14.631774 148.558896 -14.702571
      vertex 14.420065 146.409380 -29.263548
      vertex 0.000000 147.117792 -29.263548
    endloop
  endfacet
  facet normal 0.048538 0.988011 -0.146558
    outer loop
      vertex 14.631774 148.558896 -14.702571
      vertex 0.000000 147.117792 -29.263548
      vertex 0.000000 149.277709 -14.702571
    endloop
  endfacet
  facet normal -0.048538 0.988011 -0.146558
    outer loop
      vertex 0.000000 149.277709 -14.702571
      vertex 0.000000 147.117792 -29.263548
      vertex -14.420065 146.409380 -29.263548
    endloop
  endfacet
  facet normal -0.048538 0.988011 -0.146558
    outer loop
      vertex 0.000000 149.277709 -14.702571
      vertex -14.420065 146.409380 -29.263548
      vertex -14.631774 148.558896 -14.702571
    endloop
  endfacet
  facet normal -0.145146 0.978496 -0.146558
    outer loop
      vertex -14.631774 148.558896 -14.702571
      vertex -14.420065 146.409380 -29.263548
      vertex -28.701257 144.290965 -29.263548
    endloop
  endfacet
  facet normal -0.145146 0.978496 -0.146558
    outer loop
      vertex -14.631774 148.558896 -14.702571
      vertex -28.701257 144.290965 -29.263548
      vertex -29.122636 146.409380 -14.702571
    endloop
  endfacet
  facet normal -0.240357 0.959557 -0.146558
    outer loop
      vertex -29.122636 146.409380 -14.702571
      vertex -28.701257 144.290965 -29.263548
      vertex -42.706041 140.782949 -29.263548
    endloop
  endfacet
  facet normal -0.240357 0.959557 -0.146558
    outer loop
      vertex -29.122636 146.409380 -14.702571
      vertex -42.706041 140.782949 -29.263548
      vertex -43.333032 142.849861 -14.702571
    endloop
  endfacet
  facet normal -0.333252 0.931377 -0.146558
    outer loop
      vertex -43.333032 142.849861 -14.702571
      vertex -42.706041 140.782949 -29.263548
      vertex -56.299542 135.919117 -29.263548
    endloop
  endfacet
  facet normal -0.333252 0.931377 -0.146558
    outer loop
      vertex -43.333032 142.849861 -14.702571
      vertex -56.299542 135.919117 -29.263548
      vertex -57.126106 137.914620 -14.702571
    endloop
  endfacet
  facet normal -0.422938 0.894228 -0.146558
    outer loop
      vertex -57.126106 137.914620 -14.702571
      vertex -56.299542 135.919117 -29.263548
      vertex -69.350847 129.746309 -29.263548
    endloop
  endfacet
  facet normal -0.422938 0.894228 -0.146558
    outer loop
      vertex -57.126106 137.914620 -14.702571
      vertex -69.350847 129.746309 -29.263548
      vertex -70.369025 131.651186 -14.702571
    endloop
  endfacet
  facet normal -0.508552 0.848467 -0.146558
    outer loop
      vertex -70.369025 131.651186 -14.702571
      vertex -69.350847 129.746309 -29.263548
      vertex -81.734266 122.323974 -29.263548
    endloop
  endfacet
  facet normal -0.508552 0.848467 -0.146558
    outer loop
      vertex -70.369025 131.651186 -14.702571
      vertex -81.734266 122.323974 -29.263548
      vertex -82.934252 124.119879 -14.702571
    endloop
  endfacet
  facet normal -0.589267 0.794535 -0.146558
    outer loop
      vertex -82.934252 124.119879 -14.702571
      vertex -81.734266 122.323974 -29.263548
      vertex -93.330539 113.723591 -29.263548
    endloop
  endfacet
  facet normal -0.589267 0.794535 -0.146558
    outer loop
      vertex -82.934252 124.119879 -14.702571
      vertex -93.330539 113.723591 -29.263548
      vertex -94.700776 115.393230 -14.702571
    endloop
  endfacet
  facet normal -0.664308 0.732950 -0.146558
    outer loop
      vertex -94.700776 115.393230 -14.702571
      vertex -93.330539 113.723591 -29.263548
      vertex -104.027988 104.027988 -29.263548
    endloop
  endfacet
  facet normal -0.664308 0.732950 -0.146558
    outer loop
      vertex -94.700776 115.393230 -14.702571
      vertex -104.027988 104.027988 -29.263548
      vertex -105.555280 105.555280 -14.702571
    endloop
  endfacet
  facet normal -0.732950 0.664308 -0.146558
    outer loop
      vertex -105.555280 105.555280 -14.702571
      vertex -104.027988 104.027988 -29.263548
      vertex -113.723591 93.330539 -29.263548
    endloop
  endfacet
  facet normal -0.732950 0.664308 -0.146558
    outer loop
      vertex -105.555280 105.555280 -14.702571
      vertex -113.723591 93.330539 -29.263548
      vertex -115.393230 94.700776 -14.702571
    endloop
  endfacet
  facet normal -0.794535 0.589267 -0.146558
    outer loop
      vertex -115.393230 94.700776 -14.702571
      vertex -113.723591 93.330539 -29.263548
      vertex -122.323974 81.734266 -29.263548
    endloop
  endfacet
  facet normal -0.794535 0.589267 -0.146558
    outer loop
      vertex -115.393230 94.700776 -14.702571
      vertex -122.323974 81.734266 -29.263548
      vertex -124.119879 82.934252 -14.702571
    endloop
  endfacet
  facet normal -0.848467 0.508552 -0.146558
    outer loop
      vertex -124.119879 82.934252 -14.702571
      vertex -122.323974 81.734266 -29.263548
      vertex -129.746309 69.350847 -29.263548
    endloop
  endfacet
  facet normal -0.848467 0.508552 -0.146558
    outer loop
      vertex -124.119879 82.934252 -14.702571
      vertex -129.746309 69.350847 -29.263548
      vertex -131.651186 70.369025 -14.702571
    endloop
  endfacet
  facet normal -0.894228 0.422938 -0.146558
    outer loop
      vertex -131.651186 70.369025 -14.702571
      vertex -129.746309 69.350847 -29.263548
      vertex -135.919117 56.299542 -29.263548
    endloop
  endfacet
  facet normal -0.894228 0.422938 -0.146558
    outer loop
      vertex -131.651186 70.369025 -14.702571
      vertex -135.919117 56.299542 -29.263548
      vertex -137.914620 57.126106 -14.702571
    endloop
  endfacet
  facet normal -0.931377 0.333252 -0.146558
    outer loop
      vertex -137.914620 57.126106 -14.702571
      vertex -135.919117 56.299542 -29.263548
      vertex -140.782949 42.706041 -29.263548
    endloop
  endfacet
  facet normal -0.931377 0.333252 -0.146558
    outer loop
      vertex -137.914620 57.126106 -14.702571
      vertex -140.782949 42.706041 -29.263548
      vertex -142.849861 43.333032 -14.702571
    endloop
  endfacet
  facet normal -0.959557 0.240357 -0.146558
    outer loop
      vertex -142.849861 43.333032 -14.702571
      vertex -140.782949 42.706041 -29.263548
      vertex -144.290965 28.701257 -29.263548
    endloop
  endfacet
  facet normal -0.959557 0.240357 -0.146558
    outer loop
      vertex -142.849861 43.333032 -14.702571
      vertex -144.290965 28.701257 -29.263548
      vertex -146.409380 29.122636 -14.702571
    endloop
  endfacet
  facet normal -0.978496 0.145146 -0.146558
    outer loop
      vertex -146.409380 29.122636 -14.702571
      vertex -144.290965 28.701257 -29.263548
      vertex -146.409380 14.420065 -29.263548
    endloop
  endfacet
  facet normal -0.978496 0.145146 -0.146558
    outer loop
      vertex -146.409380 29.122636 -14.702571
      vertex -146.409380 14.420065 -29.263548
      vertex -148.558896 14.631774 -14.702571
    endloop
  endfacet
  facet normal -0.988011 0.048538 -0.146558
    outer loop
      vertex -148.558896 14.631774 -14.702571
      vertex -146.409380 14.420065 -29.263548
      vertex -147.117792 0.000000 -29.263548
    endloop
  endfacet
  facet normal -0.988011 0.048538 -0.146558
    outer loop
      vertex -148.558896 14.631774 -14.702571
      vertex -147.117792 0.000000 -29.263548
      vertex -149.277709 0.000000 -14.702571
    endloop
  endfacet
  facet normal -0.988011 -0.048538 -0.146558
    outer loop
      vertex -149.277709 0.000000 -14.702571
      vertex -147.117792 0.000000 -29.263548
      vertex -146.409380 -14.420065 -29.263548
    endloop
  endfacet
  facet normal -0.988011 -0.048538 -0.146558
    outer loop
      vertex -149.277709 0.000000 -14.702571
      vertex -146.409380 -14.420065 -29.263548
      vertex -148.558896 -14.631774 -14.702571
    endloop
  endfacet
  facet normal -0.978496 -0.145146 -0.146558
    outer loop
      vertex -148.558896 -14.631774 -14.702571
      vertex -146.409380 -14.420065 -29.263548
      vertex -144.290965 -28.701257 -29.263548
    endloop
  endfacet
  facet normal -0.978496 -0.145146 -0.146558
    outer loop
      vertex -148.558896 -14.631774 -14.702571
      vertex -144.290965 -28.701257 -29.263548
      vertex -146.409380 -29.122636 -14.702571
    endloop
  endfacet
  facet normal -0.959557 -0.240357 -0.146558
    outer loop
      vertex -146.409380 -29.122636 -14.702571
      vertex -144.290965 -28.701257 -29.263548
      vertex -140.782949 -42.706041 -29.263548
    endloop
  endfacet
  facet normal -0.959557 -0.240357 -0.146558
    outer loop
      vertex -146.409380 -29.122636 -14.702571
      vertex -140.782949 -42.706041 -29.263548
      vertex -142.849861 -43.333032 -14.702571
    endloop
  endfacet
  facet normal -0.931377 -0.333252 -0.146558
    outer loop
      vertex -142.849861 -43.333032 -14.702571
      vertex -140.782949 -42.706041 -29.263548
      vertex -135.919117 -56.299542 -29.263548
    endloop
  endfacet
  facet normal -0.931377 -0.333252 -0.146558
    outer loop
      vertex -142.849861 -43.333032 -14.702571
      vertex -135.919117 -56.299542 -29.263548
      vertex -137.914620 -57.126106 -14.702571
    endloop
  endfacet
  facet normal -0.894228 -0.422938 -0.146558
    outer loop
      vertex -137.914620 -57.126106 -14.702571
      vertex -135.919117 -56.299542 -29.263548
      vertex -129.746309 -69.350847 -29.263548
    endloop
  endfacet
  facet normal -0.894228 -0.422938 -0.146558
    outer loop
      vertex -137.914620 -57.126106 -14.702571
      vertex -129.746309 -69.350847 -29.263548
      vertex -131.651186 -70.369025 -14.702571
    endloop
  endfacet
  facet normal -0.848467 -0.508552 -0.146558
    outer loop
      vertex -131.651186 -70.369025 -14.702571
      vertex -129.746309 -69.350847 -29.263548
      vertex -122.323974 -81.734266 -29.263548
    endloop
  endfacet
  facet normal -0.848467 -0.508552 -0.146558
    outer loop
      vertex -131.651186 -70.369025 -14.702571
      vertex -122.323974 -81.734266 -29.263548
      vertex -124.119879 -82.934252 -14.702571
    endloop
  endfacet
  facet normal -0.794535 -0.589267 -0.146558
    outer loop
      vertex -124.119879 -82.934252 -14.702571
      vertex -122.323974 -81.734266 -29.263548
      vertex -113.723591 -93.330539 -29.263548
    endloop
  endfacet
  facet normal -0.794535 -0.589267 -0.146558
    outer loop
      vertex -124.119879 -82.934252 -14.702571
      vertex -113.723591 -93.330539 -29.263548
      vertex -115.393230 -94.700776 -14.702571
    endloop
  endfacet
  facet normal -0.732950 -0.664308 -0.146558
    outer loop
      vertex -115.393230 -94.700776 -14.702571
      vertex -113.723591 -93.330539 -29.263548
      vertex -104.027988 -104.027988 -29.263548
    endloop
  endfacet
  facet normal -0.732950 -0.664308 -0.146558
    outer loop
      vertex -115.393230 -94.700776 -14.702571
      vertex -104.027988 -104.027988 -29.263548
      vertex -105.555280 -105.555280 -14.702571
    endloop
  endfacet
  facet normal -0.664308 -0.732950 -0.146558
    outer loop
      vertex -105.555280 -105.555280 -14.702571
      vertex -104.027988 -104.027988 -29.263548
      vertex -93.330539 -113.723591 -29.263548
    endloop
  endfacet
  facet normal -0.664308 -0.732950 -0.146558
    outer loop
      vertex -105.555280 -105.555280 -14.702571
      vertex -93.330539 -113.723591 -29.263548
      vertex -94.700776 -115.393230 -14.702571
    endloop
  endfacet
  facet normal -0.589267 -0.794535 -0.146558
    outer loop
      vertex -94.700776 -115.393230 -14.702571
      vertex -93.330539 -113.723591 -29.263548
      vertex -81.734266 -122.323974 -29.263548
    endloop
  endfacet
  facet normal -0.589267 -0.794535 -0.146558
    outer loop
      vertex -94.700776 -115.393230 -14.702571
      vertex -81.734266 -122.323974 -29.263548
      vertex -82.934252 -124.119879 -14.702571
    endloop
  endfacet
  facet normal -0.508552 -0.848467 -0.146558
    outer loop
      vertex -82.934252 -124.119879 -14.702571
      vertex -81.734266 -122.323974 -29.263548
      vertex -69.350847 -129.746309 -29.263548
    endloop
  endfacet
  facet normal -0.508552 -0.848467 -0.146558
    outer loop
      vertex -82.934252 -124.119879 -14.702571
      vertex -69.350847 -129.746309 -29.263548
      vertex -70.369025 -131.651186 -14.702571
    endloop
  endfacet
  facet normal -0.422938 -0.894228 -0.146558
    outer loop
      vertex -70.369025 -131.651186 -14.702571
      vertex -69.350847 -129.746309 -29.263548
      vertex -56.299542 -135.919117 -29.263548
    endloop
  endfacet
  facet normal -0.422938 -0.894228 -0.146558
    outer loop
      vertex -70.369025 -131.651186 -14.702571
      vertex -56.299542 -135.919117 -29.263548
      vertex -57.126106 -137.914620 -14.702571
    endloop
  endfacet
  facet normal -0.333252 -0.931377 -0.146558
    outer loop
      vertex -57.126106 -137.914620 -14.702571
      vertex -56.299542 -135.919117 -29.263548
      vertex -42.706041 -140.782949 -29.263548
    endloop
  endfacet
  facet normal -0.333252 -0.931377 -0.146558
    outer loop
      vertex -57.126106 -137.914620 -14.702571
      vertex -42.706041 -140.782949 -29.263548
      vertex -43.333032 -142.849861 -14.702571
    endloop
  endfacet
  facet normal -0.240357 -0.959557 -0.146558
    outer loop
      vertex -43.333032 -142.849861 -14.702571
      vertex -42.706041 -140.782949 -29.263548
      vertex -28.701257 -144.290965 -29.263548
    endloop
  endfacet
  facet normal -0.240357 -0.959557 -0.146558
    outer loop
      vertex -43.333032 -142.849861 -14.702571
      vertex -28.701257 -144.290965 -29.263548
      vertex -29.122636 -146.409380 -14.702571
    endloop
  endfacet
  facet normal -0.145146 -0.978496 -0.146558
    outer loop
      vertex -29.122636 -146.409380 -14.702571
      vertex -28.701257 -144.290965 -29.263548
      vertex -14.420065 -146.409380 -29.263548
    endloop
  endfacet
  facet normal -0.145146 -0.978496 -0.146558
    outer loop
      vertex -29.122636 -146.409380 -14.702571
      vertex -14.420065 -146.409380 -29.263548
      vertex -14.631774 -148.558896 -14.702571
    endloop
  endfacet
  facet normal -0.048538 -0.988011 -0.146558
    outer loop
      vertex -14.631774 -148.558896 -14.702571
      vertex -14.420065 -146.409380 -29.263548
      vertex -0.000000 -147.117792 -29.263548
    endloop
  endfacet
  facet normal -0.048538 -0.988011 -0.146558
    outer loop
      vertex -14.631774 -148.558896 -14.702571
      vertex -0.000000 -147.117792 -29.263548
      vertex -0.000000 -149.277709 -14.702571
    endloop
  endfacet
  facet normal 0.048538 -0.988011 -0.146558
    outer loop
      vertex -0.000000 -149.277709 -14.702571
      vertex -0.000000 -147.117792 -29.263548
      vertex 14.420065 -146.409380 -29.263548
    endloop
  endfacet
  facet normal 0.048538 -0.988011 -0.146558
    outer loop
      vertex -0.000000 -149.277709 -14.702571
      vertex 14.420065 -146.409380 -29.263548
      vertex 14.631774 -148.558896 -14.702571
    endloop
  endfacet
  facet normal 0.145146 -0.978496 -0.146558
    outer loop
      vertex 14.631774 -148.558896 -14.702571
      vertex 14.420065 -146.409380 -29.263548
      vertex 28.701257 -144.290965 -29.263548
    endloop
  endfacet
  facet normal 0.145146 -0.978496 -0.146558
    outer loop
      vertex 14.631774 -148.558896 -14.702571
      vertex 28.701257 -144.290965 -29.263548
      vertex 29.122636 -146.409380 -14.702571
    endloop
  endfacet
  facet normal 0.240357 -0.959557 -0.146558
    outer loop
      vertex 29.122636 -146.409380 -14.702571
      vertex 28.701257 -144.290965 -29.263548
      vertex 42.706041 -140.782949 -29.263548
    endloop
  endfacet
  facet normal 0.240357 -0.959557 -0.146558
    outer loop
      vertex 29.122636 -146.409380 -14.702571
      vertex 42.706041 -140.782949 -29.263548
      vertex 43.333032 -142.849861 -14.702571
    endloop
  endfacet
  facet normal 0.333252 -0.931377 -0.146558
    outer loop
      vertex 43.333032 -142.849861 -14.702571
      vertex 42.706041 -140.782949 -29.263548
      vertex 56.299542 -135.919117 -29.263548
    endloop
  endfacet
  facet normal 0.333252 -0.931377 -0.146558
    outer loop
      vertex 43.333032 -142.849861 -14.702571
      vertex 56.299542 -135.919117 -29.263548
      vertex 57.126106 -137.914620 -14.702571
    endloop
  endfacet
  facet normal 0.422938 -0.894228 -0.146558
    outer loop
      vertex 57.126106 -137.914620 -14.702571
      vertex 56.299542 -135.919117 -29.263548
      vertex 69.350847 -129.746309 -29.263548
    endloop
  endfacet
  facet normal 0.422938 -0.894228 -0.146558
    outer loop
      vertex 57.126106 -137.914620 -14.702571
      vertex 69.350847 -129.746309 -29.263548
      vertex 70.369025 -131.651186 -14.702571
    endloop
  endfacet
  facet normal 0.508552 -0.848467 -0.146558
    outer loop
      vertex 70.369025 -131.651186 -14.702571
      vertex 69.350847 -129.746309 -29.263548
      vertex 81.734266 -122.323974 -29.263548
    endloop
  endfacet
  facet normal 0.508552 -0.848467 -0.146558
    outer loop
      vertex 70.369025 -131.651186 -14.702571
      vertex 81.734266 -122.323974 -29.263548
      vertex 82.934252 -124.119879 -14.702571
    endloop
  endfacet
  facet normal 0.589267 -0.794535 -0.146558
    outer loop
      vertex 82.934252 -124.119879 -14.702571
      vertex 81.734266 -122.323974 -29.263548
      vertex 93.330539 -113.723591 -29.263548
    endloop
  endfacet
  facet normal 0.589267 -0.794535 -0.146558
    outer loop
      vertex 82.934252 -124.119879 -14.702571
      vertex 93.330539 -113.723591 -29.263548
      vertex 94.700776 -115.393230 -14.702571
    endloop
  endfacet
  facet normal 0.664308 -0.732950 -0.146558
    outer loop
      vertex 94.700776 -115.393230 -14.702571
      vertex 93.330539 -113.723591 -29.263548
      vertex 104.027988 -104.027988 -29.263548
    endloop
  endfacet
  facet normal 0.664308 -0.732950 -0.146558
    outer loop
      vertex 94.700776 -115.393230 -14.702571
      vertex 104.027988 -104.027988 -29.263548
      vertex 105.555280 -105.555280 -14.702571
    endloop
  endfacet
  facet normal 0.732950 -0.664308 -0.146558
    outer loop
      vertex 105.555280 -105.555280 -14.702571
      vertex 104.027988 -104.027988 -29.263548
      vertex 113.723591 -93.330539 -29.263548
    endloop
  endfacet
  facet normal 0.732950 -0.664308 -0.146558
    outer loop
      vertex 105.555280 -105.555280 -14.702571
      vertex 113.723591 -93.330539 -29.263548
      vertex 115.393230 -94.700776 -14.702571
    endloop
  endfacet
  facet normal 0.794535 -0.589267 -0.146558
    outer loop
      vertex 115.393230 -94.700776 -14.702571
      vertex 113.723591 -93.330539 -29.263548
      vertex 122.323974 -81.734266 -29.263548
    endloop
  endfacet
  facet normal 0.794535 -0.589267 -0.146558
    outer loop
      vertex 115.393230 -94.700776 -14.702571
      vertex 122.323974 -81.734266 -29.263548
      vertex 124.119879 -82.934252 -14.702571
    endloop
  endfacet
  facet normal 0.848467 -0.508552 -0.146558
    outer loop
      vertex 124.119879 -82.934252 -14.702571
      vertex 122.323974 -81.734266 -29.263548
      vertex 129.746309 -69.350847 -29.263548
    endloop
  endfacet
  facet normal 0.848467 -0.508552 -0.146558
    outer loop
      vertex 124.119879 -82.934252 -14.702571
      vertex 129.746309 -69.350847 -29.263548
      vertex 131.651186 -70.369025 -14.702571
    endloop
  endfacet
  facet normal 0.894228 -0.422938 -0.146558
    outer loop
      vertex 131.651186 -70.369025 -14.702571
      vertex 129.746309 -69.350847 -29.263548
      vertex 135.919117 -56.299542 -29.263548
    endloop
  endfacet
  facet normal 0.894228 -0.422938 -0.146558
    outer loop
      vertex 131.651186 -70.369025 -14.702571
      vertex 135.919117 -56.299542 -29.263548
      vertex 137.914620 -57.126106 -14.702571
    endloop
  endfacet
  facet normal 0.931377 -0.333252 -0.146558
    outer loop
      vertex 137.914620 -57.126106 -14.702571
      vertex 135.919117 -56.299542 -29.263548
      vertex 140.782949 -42.706041 -29.263548
    endloop
  endfacet
  facet normal 0.931377 -0.333252 -0.146558
    outer loop
      vertex 137.914620 -57.126106 -14.702571
      vertex 140.782949 -42.706041 -29.263548
      vertex 142.849861 -43.333032 -14.702571
    endloop
  endfacet
  facet normal 0.959557 -0.240357 -0.146558
    outer loop
      vertex 142.849861 -43.333032 -14.702571
      vertex 140.782949 -42.706041 -29.263548
      vertex 144.290965 -28.701257 -29.263548
    endloop
  endfacet
  facet normal 0.959557 -0.240357 -0.146558
    outer loop
      vertex 142.849861 -43.333032 -14.702571
      vertex 144.290965 -28.701257 -29.263548
      vertex 146.409380 -29.122636 -14.702571
    endloop
  endfacet
  facet normal 0.978496 -0.145146 -0.146558
    outer loop
      vertex 146.409380 -29.122636 -14.702571
      vertex 144.290965 -28.701257 -29.263548
      vertex 146.409380 -14.420065 -29.263548
    endloop
  endfacet
  facet normal 0.978496 -0.145146 -0.146558
    outer loop
      vertex 146.409380 -29.122636 -14.702571
      vertex 146.409380 -14.420065 -29.263548
      vertex 148.558896 -14.631774 -14.702571
    endloop
  endfacet
  facet normal 0.988011 -0.048538 -0.146558
    outer loop
      vertex 148.558896 -14.631774 -14.702571
      vertex 146.409380 -14.420065 -29.263548
      vertex 147.117792 -0.000000 -29.263548
    endloop
  endfacet
  facet normal 0.988011 -0.048538 -0.146558
    outer loop
      vertex 148.558896 -14.631774 -14.702571
      vertex 147.117792 -0.000000 -29.263548
      vertex 149.277709 -0.000000 -14.702571
    endloop
  endfacet
  facet normal 0.968932 0.047601 -0.242705
    outer loop
      vertex 147.117792 0.000000 -29.263548
      vertex 143.541050 0.000000 -43.542702
      vertex 142.849861 14.069483 -43.542702
    endloop
  endfacet
  facet normal 0.968932 0.047601 -0.242705
    outer loop
      vertex 147.117792 0.000000 -29.263548
      vertex 142.849861 14.069483 -43.542702
      vertex 146.409380 14.420065 -29.263548
    endloop
  endfacet
  facet normal 0.959600 0.142343 -0.242705
    outer loop
      vertex 146.409380 14.420065 -29.263548
      vertex 142.849861 14.069483 -43.542702
      vertex 140.782949 28.003470 -43.542702
    endloop
  endfacet
  facet normal 0.959600 0.142343 -0.242705
    outer loop
      vertex 146.409380 14.420065 -29.263548
      vertex 140.782949 28.003470 -43.542702
      vertex 144.290965 28.701257 -29.263548
    endloop
  endfacet
  facet normal 0.941028 0.235715 -0.242705
    outer loop
      vertex 144.290965 28.701257 -29.263548
      vertex 140.782949 28.003470 -43.542702
      vertex 137.360221 41.667767 -43.542702
    endloop
  endfacet
  facet normal 0.941028 0.235715 -0.242705
    outer loop
      vertex 144.290965 28.701257 -29.263548
      vertex 137.360221 41.667767 -43.542702
      vertex 140.782949 42.706041 -29.263548
    endloop
  endfacet
  facet normal 0.913392 0.326817 -0.242705
    outer loop
      vertex 140.782949 42.706041 -29.263548
      vertex 137.360221 41.667767 -43.542702
      vertex 132.614639 54.930782 -43.542702
    endloop
  endfacet
  facet normal 0.913392 0.326817 -0.242705
    outer loop
      vertex 140.782949 42.706041 -29.263548
      vertex 132.614639 54.930782 -43.542702
      vertex 135.919117 56.299542 -29.263548
    endloop
  endfacet
  facet normal 0.876960 0.414771 -0.242705
    outer loop
      vertex 135.919117 56.299542 -29.263548
      vertex 132.614639 54.930782 -43.542702
      vertex 126.591905 67.664783 -43.542702
    endloop
  endfacet
  facet normal 0.876960 0.414771 -0.242705
    outer loop
      vertex 135.919117 56.299542 -29.263548
      vertex 126.591905 67.664783 -43.542702
      vertex 129.746309 69.350847 -29.263548
    endloop
  endfacet
  facet normal 0.832083 0.498731 -0.242705
    outer loop
      vertex 129.746309 69.350847 -29.263548
      vertex 126.591905 67.664783 -43.542702
      vertex 119.350021 79.747135 -43.542702
    endloop
  endfacet
  facet normal 0.832083 0.498731 -0.242705
    outer loop
      vertex 129.746309 69.350847 -29.263548
      vertex 119.350021 79.747135 -43.542702
      vertex 122.323974 81.734266 -29.263548
    endloop
  endfacet
  facet normal 0.779192 0.577888 -0.242705
    outer loop
      vertex 122.323974 81.734266 -29.263548
      vertex 119.350021 79.747135 -43.542702
      vertex 110.958732 91.061478 -43.542702
    endloop
  endfacet
  facet normal 0.779192 0.577888 -0.242705
    outer loop
      vertex 122.323974 81.734266 -29.263548
      vertex 110.958732 91.061478 -43.542702
      vertex 113.723591 93.330539 -29.263548
    endloop
  endfacet
  facet normal 0.718797 0.651479 -0.242705
    outer loop
      vertex 113.723591 93.330539 -29.263548
      vertex 110.958732 91.061478 -43.542702
      vertex 101.498850 101.498850 -43.542702
    endloop
  endfacet
  facet normal 0.718797 0.651479 -0.242705
    outer loop
      vertex 113.723591 93.330539 -29.263548
      vertex 101.498850 101.498850 -43.542702
      vertex 104.027988 104.027988 -29.263548
    endloop
  endfacet
  facet normal 0.651479 0.718797 -0.242705
    outer loop
      vertex 104.027988 104.027988 -29.263548
      vertex 101.498850 101.498850 -43.542702
      vertex 91.061478 110.958732 -43.542702
    endloop
  endfacet
  facet normal 0.651479 0.718797 -0.242705
    outer loop
      vertex 104.027988 104.027988 -29.263548
      vertex 91.061478 110.958732 -43.542702
      vertex 93.330539 113.723591 -29.263548
    endloop
  endfacet
  facet normal 0.577888 0.779192 -0.242705
    outer loop
      vertex 93.330539 113.723591 -29.263548
      vertex 91.061478 110.958732 -43.542702
      vertex 79.747135 119.350021 -43.542702
    endloop
  endfacet
  facet normal 0.577888 0.779192 -0.242705
    outer loop
      vertex 93.330539 113.723591 -29.263548
      vertex 79.747135 119.350021 -43.542702
      vertex 81.734266 122.323974 -29.263548
    endloop
  endfacet
  facet normal 0.498731 0.832083 -0.242705
    outer loop
      vertex 81.734266 122.323974 -29.263548
      vertex 79.747135 119.350021 -43.542702
      vertex 67.664783 126.591905 -43.542702
    endloop
  endfacet
  facet normal 0.498731 0.832083 -0.242705
    outer loop
      vertex 81.734266 122.323974 -29.263548
      vertex 67.664783 126.591905 -43.542702
      vertex 69.350847 129.746309 -29.263548
    endloop
  endfacet
  facet normal 0.414771 0.876960 -0.242705
    outer loop
      vertex 69.350847 129.746309 -29.263548
      vertex 67.664783 126.591905 -43.542702
      vertex 54.930782 132.614639 -43.542702
    endloop
  endfacet
  facet normal 0.414771 0.876960 -0.242705
    outer loop
      vertex 69.350847 129.746309 -29.263548
      vertex 54.930782 132.614639 -43.542702
      vertex 56.299542 135.919117 -29.263548
    endloop
  endfacet
  facet normal 0.326817 0.913392 -0.242705
    outer loop
      vertex 56.299542 135.919117 -29.263548
      vertex 54.930782 132.614639 -43.542702
      vertex 41.667767 137.360221 -43.542702
    endloop
  endfacet
  facet normal 0.326817 0.913392 -0.242705
    outer loop
      vertex 56.299542 135.919117 -29.263548
      vertex 41.667767 137.360221 -43.542702
      vertex 42.706041 140.782949 -29.263548
    endloop
  endfacet
  facet normal 0.235715 0.941028 -0.242705
    outer loop
      vertex 42.706041 140.782949 -29.263548
      vertex 41.667767 137.360221 -43.542702
      vertex 28.003470 140.782949 -43.542702
    endloop
  endfacet
  facet normal 0.235715 0.941028 -0.242705
    outer loop
      vertex 42.706041 140.782949 -29.263548
      vertex 28.003470 140.782949 -43.542702
      vertex 28.701257 144.290965 -29.263548
    endloop
  endfacet
  facet normal 0.142343 0.959600 -0.242705
    outer loop
      vertex 28.701257 144.290965 -29.263548
      vertex 28.003470 140.782949 -43.542702
      vertex 14.069483 142.849861 -43.542702
    endloop
  endfacet
  facet normal 0.142343 0.959600 -0.242705
    outer loop
      vertex 28.701257 144.290965 -29.263548
      vertex 14.069483 142.849861 -43.542702
      vertex 14.420065 146.409380 -29.263548
    endloop
  endfacet
  facet normal 0.047601 0.968932 -0.242705
    outer loop
      vertex 14.420065 146.409380 -29.263548
      vertex 14.069483 142.849861 -43.542702
      vertex 0.000000 143.541050 -43.542702
    endloop
  endfacet
  facet normal 0.047601 0.968932 -0.242705
    outer loop
      vertex 14.420065 146.409380 -29.263548
      vertex 0.000000 143.541050 -43.542702
      vertex 0.000000 147.117792 -29.263548
    endloop
  endfacet
  facet normal -0.047601 0.968932 -0.242705
    outer loop
      vertex 0.000000 147.117792 -29.263548
      vertex 0.000000 143.541050 -43.542702
      vertex -14.069483 142.849861 -43.542702
    endloop
  endfacet
  facet normal -0.047601 0.968932 -0.242705
    outer loop
      vertex 0.000000 147.117792 -29.263548
      vertex -14.069483 142.849861 -43.542702
      vertex -14.420065 146.409380 -29.263548
    endloop
  endfacet
  facet normal -0.142343 0.959600 -0.242705
    outer loop
      vertex -14.420065 146.409380 -29.263548
      vertex -14.069483 142.849861 -43.542702
      vertex -28.003470 140.782949 -43.542702
    endloop
  endfacet
  facet normal -0.142343 0.959600 -0.242705
    outer loop
      vertex -14.420065 146.409380 -29.263548
      vertex -28.003470 140.782949 -43.542702
      vertex -28.701257 144.290965 -29.263548
    endloop
  endfacet
  facet normal -0.235715 0.941028 -0.242705
    outer loop
      vertex -28.701257 144.290965 -29.263548
      vertex -28.003470 140.782949 -43.542702
      vertex -41.667767 137.360221 -43.542702
    endloop
  endfacet
  facet normal -0.235715 0.941028 -0.242705
    outer loop
      vertex -28.701257 144.290965 -29.263548
      vertex -41.667767 137.360221 -43.542702
      vertex -42.706041 140.782949 -29.263548
    endloop
  endfacet
  facet normal -0.326817 0.913392 -0.242705
    outer loop
      vertex -42.706041 140.782949 -29.263548
      vertex -41.667767 137.360221 -43.542702
      vertex -54.930782 132.614639 -43.542702
    endloop
  endfacet
  facet normal -0.326817 0.913392 -0.242705
    outer loop
      vertex -42.706041 140.782949 -29.263548
      vertex -54.930782 132.614639 -43.542702
      vertex -56.299542 135.919117 -29.263548
    endloop
  endfacet
  facet normal -0.414771 0.876960 -0.242705
    outer loop
      vertex -56.299542 135.919117 -29.263548
      vertex -54.930782 132.614639 -43.542702
      vertex -67.664783 126.591905 -43.542702
    endloop
  endfacet
  facet normal -0.414771 0.876960 -0.242705
    outer loop
      vertex -56.299542 135.919117 -29.263548
      vertex -67.664783 126.591905 -43.542702
      vertex -69.350847 129.746309 -29.263548
    endloop
  endfacet
  facet normal -0.498731 0.832083 -0.242705
    outer loop
      vertex -69.350847 129.746309 -29.263548
      vertex -67.664783 126.591905 -43.542702
      vertex -79.747135 119.350021 -43.542702
    endloop
  endfacet
  facet normal -0.498731 0.832083 -0.242705
    outer loop
      vertex -69.350847 129.746309 -29.263548
      vertex -79.747135 119.350021 -43.542702
      vertex -81.734266 122.323974 -29.263548
    endloop
  endfacet
  facet normal -0.577888 0.779192 -0.242705
    outer loop
      vertex -81.734266 122.323974 -29.263548
      vertex -79.747135 119.350021 -43.542702
      vertex -91.061478 110.958732 -43.542702
    endloop
  endfacet
  facet normal -0.577888 0.779192 -0.242705
    outer loop
      vertex -81.734266 122.323974 -29.263548
      vertex -91.061478 110.958732 -43.542702
      vertex -93.330539 113.723591 -29.263548
    endloop
  endfacet
  facet normal -0.651479 0.718797 -0.242705
    outer loop
      vertex -93.330539 113.723591 -29.263548
      vertex -91.061478 110.958732 -43.542702
      vertex -101.498850 101.498850 -43.542702
    endloop
  endfacet
  facet normal -0.651479 0.718797 -0.242705
    outer loop
      vertex -93.330539 113.723591 -29.263548
      vertex -101.498850 101.498850 -43.542702
      vertex -104.027988 104.027988 -29.263548
    endloop
  endfacet
  facet normal -0.718797 0.651479 -0.242705
    outer loop
      vertex -104.027988 104.027988 -29.263548
      vertex -101.498850 101.498850 -43.542702
      vertex -110.958732 91.061478 -43.542702
    endloop
  endfacet
  facet normal -0.718797 0.651479 -0.242705
    outer loop
      vertex -104.027988 104.027988 -29.263548
      vertex -110.958732 91.061478 -43.542702
      vertex -113.723591 93.330539 -29.263548
    endloop
  endfacet
  facet normal -0.779192 0.577888 -0.242705
    outer loop
      vertex -113.723591 93.330539 -29.263548
      vertex -110.958732 91.061478 -43.542702
      vertex -119.350021 79.747135 -43.542702
    endloop
  endfacet
  facet normal -0.779192 0.577888 -0.242705
    outer loop
      vertex -113.723591 93.330539 -29.263548
      vertex -119.350021 79.747135 -43.542702
      vertex -122.323974 81.734266 -29.263548
    endloop
  endfacet
  facet normal -0.832083 0.498731 -0.242705
    outer loop
      vertex -122.323974 81.734266 -29.263548
      vertex -119.350021 79.747135 -43.542702
      vertex -126.591905 67.664783 -43.542702
    endloop
  endfacet
  facet normal -0.832083 0.498731 -0.242705
    outer loop
      vertex -122.323974 81.734266 -29.263548
      vertex -126.591905 67.664783 -43.542702
      vertex -129.746309 69.350847 -29.263548
    endloop
  endfacet
  facet normal -0.876960 0.414771 -0.242705
    outer loop
      vertex -129.746309 69.350847 -29.263548
      vertex -126.591905 67.664783 -43.542702
      vertex -132.614639 54.930782 -43.542702
    endloop
  endfacet
  facet normal -0.876960 0.414771 -0.242705
    outer loop
      vertex -129.746309 69.350847 -29.263548
      vertex -132.614639 54.930782 -43.542702
      vertex -135.919117 56.299542 -29.263548
    endloop
  endfacet
  facet normal -0.913392 0.326817 -0.242705
    outer loop
      vertex -135.919117 56.299542 -29.263548
      vertex -132.614639 54.930782 -43.542702
      vertex -137.360221 41.667767 -43.542702
    endloop
  endfacet
  facet normal -0.913392 0.326817 -0.242705
    outer loop
      vertex -135.919117 56.299542 -29.263548
      vertex -137.360221 41.667767 -43.542702
      vertex -140.782949 42.706041 -29.263548
    endloop
  endfacet
  facet normal -0.941028 0.235715 -0.242705
    outer loop
      vertex -140.782949 42.706041 -29.263548
      vertex -137.360221 41.667767 -43.542702
      vertex -140.782949 28.003470 -43.542702
    endloop
  endfacet
  facet normal -0.941028 0.235715 -0.242705
    outer loop
      vertex -140.782949 42.706041 -29.263548
      vertex -140.782949 28.003470 -43.542702
      vertex -144.290965 28.701257 -29.263548
    endloop
  endfacet
  facet normal -0.959600 0.142343 -0.242705
    outer loop
      vertex -144.290965 28.701257 -29.263548
      vertex -140.782949 28.003470 -43.542702
      vertex -142.849861 14.069483 -43.542702
    endloop
  endfacet
  facet normal -0.959600 0.142343 -0.242705
    outer loop
      vertex -144.290965 28.701257 -29.263548
      vertex -142.849861 14.069483 -43.542702
      vertex -146.409380 14.420065 -29.263548
    endloop
  endfacet
  facet normal -0.968932 0.047601 -0.242705
    outer loop
      vertex -146.409380 14.420065 -29.263548
      vertex -142.849861 14.069483 -43.542702
      vertex -143.541050 0.000000 -43.542702
    endloop
  endfacet
  facet normal -0.968932 0.047601 -0.242705
    outer loop
      vertex -146.409380 14.420065 -29.263548
      vertex -143.541050 0.000000 -43.542702
      vertex -147.117792 0.000000 -29.263548
    endloop
  endfacet
  facet normal -0.968932 -0.047601 -0.242705
    outer loop
      vertex -147.117792 0.000000 -29.263548
      vertex -143.541050 0.000000 -43.542702
      vertex -142.849861 -14.069483 -43.542702
    endloop
  endfacet
  facet normal -0.968932 -0.047601 -0.242705
    outer loop
      vertex -147.117792 0.000000 -29.263548
      vertex -142.849861 -14.069483 -43.542702
      vertex -146.409380 -14.420065 -29.263548
    endloop
  endfacet
  facet normal -0.959600 -0.142343 -0.242705
    outer loop
      vertex -146.409380 -14.420065 -29.263548
      vertex -142.849861 -14.069483 -43.542702
      vertex -140.782949 -28.003470 -43.542702
    endloop
  endfacet
  facet normal -0.959600 -0.142343 -0.242705
    outer loop
      vertex -146.409380 -14.420065 -29.263548
      vertex -140.782949 -28.003470 -43.542702
      vertex -144.290965 -28.701257 -29.263548
    endloop
  endfacet
  facet normal -0.941028 -0.235715 -0.242705
    outer loop
      vertex -144.290965 -28.701257 -29.263548
      vertex -140.782949 -28.003470 -43.542702
      vertex -137.360221 -41.667767 -43.542702
    endloop
  endfacet
  facet normal -0.941028 -0.235715 -0.242705
    outer loop
      vertex -144.290965 -28.701257 -29.263548
      vertex -137.360221 -41.667767 -43.542702
      vertex -140.782949 -42.706041 -29.263548
    endloop
  endfacet
  facet normal -0.913392 -0.326817 -0.242705
    outer loop
      vertex -140.782949 -42.706041 -29.263548
      vertex -137.360221 -41.667767 -43.542702
      vertex -132.614639 -54.930782 -43.542702
    endloop
  endfacet
  facet normal -0.913392 -0.326817 -0.242705
    outer loop
      vertex -140.782949 -42.706041 -29.263548
      vertex -132.614639 -54.930782 -43.542702
      vertex -135.919117 -56.299542 -29.263548
    endloop
  endfacet
  facet normal -0.876960 -0.414771 -0.242705
    outer loop
      vertex -135.919117 -56.299542 -29.263548
      vertex -132.614639 -54.930782 -43.542702
      vertex -126.591905 -67.664783 -43.542702
    endloop
  endfacet
  facet normal -0.876960 -0.414771 -0.242705
    outer loop
      vertex -135.919117 -56.299542 -29.263548
      vertex -126.591905 -67.664783 -43.542702
      vertex -129.746309 -69.350847 -29.263548
    endloop
  endfacet
  facet normal -0.832083 -0.498731 -0.242705
    outer loop
      vertex -129.746309 -69.350847 -29.263548
      vertex -126.591905 -67.664783 -43.542702
      vertex -119.350021 -79.747135 -43.542702
    endloop
  endfacet
  facet normal -0.832083 -0.498731 -0.242705
    outer loop
      vertex -129.746309 -69.350847 -29.263548
      vertex -119.350021 -79.747135 -43.542702
      vertex -122.323974 -81.734266 -29.263548
    endloop
  endfacet
  facet normal -0.779192 -0.577888 -0.242705
    outer loop
      vertex -122.323974 -81.734266 -29.263548
      vertex -119.350021 -79.747135 -43.542702
      vertex -110.958732 -91.061478 -43.542702
    endloop
  endfacet
  facet normal -0.779192 -0.577888 -0.242705
    outer loop
      vertex -122.323974 -81.734266 -29.263548
      vertex -110.958732 -91.061478 -43.542702
      vertex -113.723591 -93.330539 -29.263548
    endloop
  endfacet
  facet normal -0.718797 -0.651479 -0.242705
    outer loop
      vertex -113.723591 -93.330539 -29.263548
      vertex -110.958732 -91.061478 -43.542702
      vertex -101.498850 -101.498850 -43.542702
    endloop
  endfacet
  facet normal -0.718797 -0.651479 -0.242705
    outer loop
      vertex -113.723591 -93.330539 -29.263548
      vertex -101.498850 -101.498850 -43.542702
      vertex -104.027988 -104.027988 -29.263548
    endloop
  endfacet
  facet normal -0.651479 -0.718797 -0.242705
    outer loop
      vertex -104.027988 -104.027988 -29.263548
      vertex -101.498850 -101.498850 -43.542702
      vertex -91.061478 -110.958732 -43.542702
    endloop
  endfacet
  facet normal -0.651479 -0.718797 -0.242705
    outer loop
      vertex -104.027988 -104.027988 -29.263548
      vertex -91.061478 -110.958732 -43.542702
      vertex -93.330539 -113.723591 -29.263548
    endloop
  endfacet
  facet normal -0.577888 -0.779192 -0.242705
    outer loop
      vertex -93.330539 -113.723591 -29.263548
      vertex -91.061478 -110.958732 -43.542702
      vertex -79.747135 -119.350021 -43.542702
    endloop
  endfacet
  facet normal -0.577888 -0.779192 -0.242705
    outer loop
      vertex -93.330539 -113.723591 -29.263548
      vertex -79.747135 -119.350021 -43.542702
      vertex -81.734266 -122.323974 -29.263548
    endloop
  endfacet
  facet normal -0.498731 -0.832083 -0.242705
    outer loop
      vertex -81.734266 -122.323974 -29.263548
      vertex -79.747135 -119.350021 -43.542702
      vertex -67.664783 -126.591905 -43.542702
    endloop
  endfacet
  facet normal -0.498731 -0.832083 -0.242705
    outer loop
      vertex -81.734266 -122.323974 -29.263548
      vertex -67.664783 -126.591905 -43.542702
      vertex -69.350847 -129.746309 -29.263548
    endloop
  endfacet
  facet normal -0.414771 -0.876960 -0.242705
    outer loop
      vertex -69.350847 -129.746309 -29.263548
      vertex -67.664783 -126.591905 -43.542702
      vertex -54.930782 -132.614639 -43.542702
    endloop
  endfacet
  facet normal -0.414771 -0.876960 -0.242705
    outer loop
      vertex -69.350847 -129.746309 -29.263548
      vertex -54.930782 -132.614639 -43.542702
      vertex -56.299542 -135.919117 -29.263548
    endloop
  endfacet
  facet normal -0.326817 -0.913392 -0.242705
    outer loop
      vertex -56.299542 -135.919117 -29.263548
      vertex -54.930782 -132.614639 -43.542702
      vertex -41.667767 -137.360221 -43.542702
    endloop
  endfacet
  facet normal -0.326817 -0.913392 -0.242705
    outer loop
      vertex -56.299542 -135.919117 -29.263548
      vertex -41.667767 -137.360221 -43.542702
      vertex -42.706041 -140.782949 -29.263548
    endloop
  endfacet
  facet normal -0.235715 -0.941028 -0.242705
    outer loop
      vertex -42.706041 -140.782949 -29.263548
      vertex -41.667767 -137.360221 -43.542702
      vertex -28.003470 -140.782949 -43.542702
    endloop
  endfacet
  facet normal -0.235715 -0.941028 -0.242705
    outer loop
      vertex -42.706041 -140.782949 -29.263548
      vertex -28.003470 -140.782949 -43.542702
      vertex -28.701257 -144.290965 -29.263548
    endloop
  endfacet
  facet normal -0.142343 -0.959600 -0.242705
    outer loop
      vertex -28.701257 -144.290965 -29.263548
      vertex -28.003470 -140.782949 -43.542702
      vertex -14.069483 -142.849861 -43.542702
    endloop
  endfacet
  facet normal -0.142343 -0.959600 -0.242705
    outer loop
      vertex -28.701257 -144.290965 -29.263548
      vertex -14.069483 -142.849861 -43.542702
      vertex -14.420065 -146.409380 -29.263548
    endloop
  endfacet
  facet normal -0.047601 -0.968932 -0.242705
    outer loop
      vertex -14.420065 -146.409380 -29.263548
      vertex -14.069483 -142.849861 -43.542702
      vertex -0.000000 -143.541050 -43.542702
    endloop
  endfacet
  facet normal -0.047601 -0.968932 -0.242705
    outer loop
      vertex -14.420065 -146.409380 -29.263548
      vertex -0.000000 -143.541050 -43.542702
      vertex -0.000000 -147.117792 -29.263548
    endloop
  endfacet
  facet normal 0.047601 -0.968932 -0.242705
    outer loop
      vertex -0.000000 -147.117792 -29.263548
      vertex -0.000000 -143.541050 -43.542702
      vertex 14.069483 -142.849861 -43.542702
    endloop
  endfacet
  facet normal 0.047601 -0.968932 -0.242705
    outer loop
      vertex -0.000000 -147.117792 -29.263548
      vertex 14.069483 -142.849861 -43.542702
      vertex 14.420065 -146.409380 -29.263548
    endloop
  endfacet
  facet normal 0.142343 -0.959600 -0.242705
    outer loop
      vertex 14.420065 -146.409380 -29.263548
      vertex 14.069483 -142.849861 -43.542702
      vertex 28.003470 -140.782949 -43.542702
    endloop
  endfacet
  facet normal 0.142343 -0.959600 -0.242705
    outer loop
      vertex 14.420065 -146.409380 -29.263548
      vertex 28.003470 -140.782949 -43.542702
      vertex 28.701257 -144.290965 -29.263548
    endloop
  endfacet
  facet normal 0.235715 -0.941028 -0.242705
    outer loop
      vertex 28.701257 -144.290965 -29.263548
      vertex 28.003470 -140.782949 -43.542702
      vertex 41.667767 -137.360221 -43.542702
    endloop
  endfacet
  facet normal 0.235715 -0.941028 -0.242705
    outer loop
      vertex 28.701257 -144.290965 -29.263548
      vertex 41.667767 -137.360221 -43.542702
      vertex 42.706041 -140.782949 -29.263548
    endloop
  endfacet
  facet normal 0.326817 -0.913392 -0.242705
    outer loop
      vertex 42.706041 -140.782949 -29.263548
      vertex 41.667767 -137.360221 -43.542702
      vertex 54.930782 -132.614639 -43.542702
    endloop
  endfacet
  facet normal 0.326817 -0.913392 -0.242705
    outer loop
      vertex 42.706041 -140.782949 -29.263548
      vertex 54.930782 -132.614639 -43.542702
      vertex 56.299542 -135.919117 -29.263548
    endloop
  endfacet
  facet normal 0.414771 -0.876960 -0.242705
    outer loop
      vertex 56.299542 -135.919117 -29.263548
      vertex 54.930782 -132.614639 -43.542702
      vertex 67.664783 -126.591905 -43.542702
    endloop
  endfacet
  facet normal 0.414771 -0.876960 -0.242705
    outer loop
      vertex 56.299542 -135.919117 -29.263548
      vertex 67.664783 -126.591905 -43.542702
      vertex 69.350847 -129.746309 -29.263548
    endloop
  endfacet
  facet normal 0.498731 -0.832083 -0.242705
    outer loop
      vertex 69.350847 -129.746309 -29.263548
      vertex 67.664783 -126.591905 -43.542702
      vertex 79.747135 -119.350021 -43.542702
    endloop
  endfacet
  facet normal 0.498731 -0.832083 -0.242705
    outer loop
      vertex 69.350847 -129.746309 -29.263548
      vertex 79.747135 -119.350021 -43.542702
      vertex 81.734266 -122.323974 -29.263548
    endloop
  endfacet
  facet normal 0.577888 -0.779192 -0.242705
    outer loop
      vertex 81.734266 -122.323974 -29.263548
      vertex 79.747135 -119.350021 -43.542702
      vertex 91.061478 -110.958732 -43.542702
    endloop
  endfacet
  facet normal 0.577888 -0.779192 -0.242705
    outer loop
      vertex 81.734266 -122.323974 -29.263548
      vertex 91.061478 -110.958732 -43.542702
      vertex 93.330539 -113.723591 -29.263548
    endloop
  endfacet
  facet normal 0.651479 -0.718797 -0.242705
    outer loop
      vertex 93.330539 -113.723591 -29.263548
      vertex 91.061478 -110.958732 -43.542702
      vertex 101.498850 -101.498850 -43.542702
    endloop
  endfacet
  facet normal 0.651479 -0.718797 -0.242705
    outer loop
      vertex 93.330539 -113.723591 -29.263548
      vertex 101.498850 -101.498850 -43.542702
      vertex 104.027988 -104.027988 -29.263548
    endloop
  endfacet
  facet normal 0.718797 -0.651479 -0.242705
    outer loop
      vertex 104.027988 -104.027988 -29.263548
      vertex 101.498850 -101.498850 -43.542702
      vertex 110.958732 -91.061478 -43.542702
    endloop
  endfacet
  facet normal 0.718797 -0.651479 -0.242705
    outer loop
      vertex 104.027988 -104.027988 -29.263548
      vertex 110.958732 -91.061478 -43.542702
      vertex 113.723591 -93.330539 -29.263548
    endloop
  endfacet
  facet normal 0.779192 -0.577888 -0.242705
    outer loop
      vertex 113.723591 -93.330539 -29.263548
      vertex 110.958732 -91.061478 -43.542702
      vertex 119.350021 -79.747135 -43.542702
    endloop
  endfacet
  facet normal 0.779192 -0.577888 -0.242705
    outer loop
      vertex 113.723591 -93.330539 -29.263548
      vertex 119.350021 -79.747135 -43.542702
      vertex 122.323974 -81.734266 -29.263548
    endloop
  endfacet
  facet normal 0.832083 -0.498731 -0.242705
    outer loop
      vertex 122.323974 -81.734266 -29.263548
      vertex 119.350021 -79.747135 -43.542702
      vertex 126.591905 -67.664783 -43.542702
    endloop
  endfacet
  facet normal 0.832083 -0.498731 -0.242705
    outer loop
      vertex 122.323974 -81.734266 -29.263548
      vertex 126.591905 -67.664783 -43.542702
      vertex 129.746309 -69.350847 -29.263548
    endloop
  endfacet
  facet normal 0.876960 -0.414771 -0.242705
    outer loop
      vertex 129.746309 -69.350847 -29.263548
      vertex 126.591905 -67.664783 -43.542702
      vertex 132.614639 -54.930782 -43.542702
    endloop
  endfacet
  facet normal 0.876960 -0.414771 -0.242705
    outer loop
      vertex 129.746309 -69.350847 -29.263548
      vertex 132.614639 -54.930782 -43.542702
      vertex 135.919117 -56.299542 -29.263548
    endloop
  endfacet
  facet normal 0.913392 -0.326817 -0.242705
    outer loop
      vertex 135.919117 -56.299542 -29.263548
      vertex 132.614639 -54.930782 -43.542702
      vertex 137.360221 -41.667767 -43.542702
    endloop
  endfacet
  facet normal 0.913392 -0.326817 -0.242705
    outer loop
      vertex 135.919117 -56.299542 -29.263548
      vertex 137.360221 -41.667767 -43.542702
      vertex 140.782949 -42.706041 -29.263548
    endloop
  endfacet
  facet normal 0.941028 -0.235715 -0.242705
    outer loop
      vertex 140.782949 -42.706041 -29.263548
      vertex 137.360221 -41.667767 -43.542702
      vertex 140.782949 -28.003470 -43.542702
    endloop
  endfacet
  facet normal 0.941028 -0.235715 -0.242705
    outer loop
      vertex 140.782949 -42.706041 -29.263548
      vertex 140.782949 -28.003470 -43.542702
      vertex 144.290965 -28.701257 -29.263548
    endloop
  endfacet
  facet normal 0.959600 -0.142343 -0.242705
    outer loop
      vertex 144.290965 -28.701257 -29.263548
      vertex 140.782949 -28.003470 -43.542702
      vertex 142.849861 -14.069483 -43.542702
    endloop
  endfacet
  facet normal 0.959600 -0.142343 -0.242705
    outer loop
      vertex 144.290965 -28.701257 -29.263548
      vertex 142.849861 -14.069483 -43.542702
      vertex 146.409380 -14.420065 -29.263548
    endloop
  endfacet
  facet normal 0.968932 -0.047601 -0.242705
    outer loop
      vertex 146.409380 -14.420065 -29.263548
      vertex 142.849861 -14.069483 -43.542702
      vertex 143.541050 -0.000000 -43.542702
    endloop
  endfacet
  facet normal 0.968932 -0.047601 -0.242705
    outer loop
      vertex 146.409380 -14.420065 -29.263548
      vertex 143.541050 -0.000000 -43.542702
      vertex 147.117792 -0.000000 -29.263548
    endloop
  endfacet
  facet normal 0.940538 0.046206 -0.336530
    outer loop
      vertex 143.541050 0.000000 -43.542702
      vertex 138.581930 0.000000 -57.402515
      vertex 137.914620 13.583404 -57.402515
    endloop
  endfacet
  facet normal 0.940538 0.046206 -0.336530
    outer loop
      vertex 143.541050 0.000000 -43.542702
      vertex 137.914620 13.583404 -57.402515
      vertex 142.849861 14.069483 -43.542702
    endloop
  endfacet
  facet normal 0.931481 0.138172 -0.336530
    outer loop
      vertex 142.849861 14.069483 -43.542702
      vertex 137.914620 13.583404 -57.402515
      vertex 135.919117 27.035993 -57.402515
    endloop
  endfacet
  facet normal 0.931481 0.138172 -0.336530
    outer loop
      vertex 142.849861 14.069483 -43.542702
      vertex 135.919117 27.035993 -57.402515
      vertex 140.782949 28.003470 -43.542702
    endloop
  endfacet
  facet normal 0.913452 0.228808 -0.336530
    outer loop
      vertex 140.782949 28.003470 -43.542702
      vertex 135.919117 27.035993 -57.402515
      vertex 132.614639 40.228211 -57.402515
    endloop
  endfacet
  facet normal 0.913452 0.228808 -0.336530
    outer loop
      vertex 140.782949 28.003470 -43.542702
      vertex 132.614639 40.228211 -57.402515
      vertex 137.360221 41.667767 -43.542702
    endloop
  endfacet
  facet normal 0.886626 0.317240 -0.336530
    outer loop
      vertex 137.360221 41.667767 -43.542702
      vertex 132.614639 40.228211 -57.402515
      vertex 128.033009 53.033009 -57.402515
    endloop
  endfacet
  facet normal 0.886626 0.317240 -0.336530
    outer loop
      vertex 137.360221 41.667767 -43.542702
      vertex 128.033009 53.033009 -57.402515
      vertex 132.614639 54.930782 -43.542702
    endloop
  endfacet
  facet normal 0.851262 0.402617 -0.336530
    outer loop
      vertex 132.614639 54.930782 -43.542702
      vertex 128.033009 53.033009 -57.402515
      vertex 122.218351 65.327070 -57.402515
    endloop
  endfacet
  facet normal 0.851262 0.402617 -0.336530
    outer loop
      vertex 132.614639 54.930782 -43.542702
      vertex 122.218351 65.327070 -57.402515
      vertex 126.591905 67.664783 -43.542702
    endloop
  endfacet
  facet normal 0.807700 0.484117 -0.336530
    outer loop
      vertex 126.591905 67.664783 -43.542702
      vertex 122.218351 65.327070 -57.402515
      vertex 115.226664 76.991995 -57.402515
    endloop
  endfacet
  facet normal 0.807700 0.484117 -0.336530
    outer loop
      vertex 126.591905 67.664783 -43.542702
      vertex 115.226664 76.991995 -57.402515
      vertex 119.350021 79.747135 -43.542702
    endloop
  endfacet
  facet normal 0.756359 0.560954 -0.336530
    outer loop
      vertex 119.350021 79.747135 -43.542702
      vertex 115.226664 76.991995 -57.402515
      vertex 107.125280 87.915446 -57.402515
    endloop
  endfacet
  facet normal 0.756359 0.560954 -0.336530
    outer loop
      vertex 119.350021 79.747135 -43.542702
      vertex 107.125280 87.915446 -57.402515
      vertex 110.958732 91.061478 -43.542702
    endloop
  endfacet
  facet normal 0.697733 0.632389 -0.336530
    outer loop
      vertex 110.958732 91.061478 -43.542702
      vertex 107.125280 87.915446 -57.402515
      vertex 97.992222 97.992222 -57.402515
    endloop
  endfacet
  facet normal 0.697733 0.632389 -0.336530
    outer loop
      vertex 110.958732 91.061478 -43.542702
      vertex 97.992222 97.992222 -57.402515
      vertex 101.498850 101.498850 -43.542702
    endloop
  endfacet
  facet normal 0.632389 0.697733 -0.336530
    outer loop
      vertex 101.498850 101.498850 -43.542702
      vertex 97.992222 97.992222 -57.402515
      vertex 87.915446 107.125280 -57.402515
    endloop
  endfacet
  facet normal 0.632389 0.697733 -0.336530
    outer loop
      vertex 101.498850 101.498850 -43.542702
      vertex 87.915446 107.125280 -57.402515
      vertex 91.061478 110.958732 -43.542702
    endloop
  endfacet
  facet normal 0.560954 0.756359 -0.336530
    outer loop
      vertex 91.061478 110.958732 -43.542702
      vertex 87.915446 107.125280 -57.402515
      vertex 76.991995 115.226664 -57.402515
    endloop
  endfacet
  facet normal 0.560954 0.756359 -0.336530
    outer loop
      vertex 91.061478 110.958732 -43.542702
      vertex 76.991995 115.226664 -57.402515
      vertex 79.747135 119.350021 -43.542702
    endloop
  endfacet
  facet normal 0.484117 0.807700 -0.336530
    outer loop
      vertex 79.747135 119.350021 -43.542702
      vertex 76.991995 115.226664 -57.402515
      vertex 65.327070 122.218351 -57.402515
    endloop
  endfacet
  facet normal 0.484117 0.807700 -0.336530
    outer loop
      vertex 79.747135 119.350021 -43.542702
      vertex 65.327070 122.218351 -57.402515
      vertex 67.664783 126.591905 -43.542702
    endloop
  endfacet
  facet normal 0.402617 0.851262 -0.336530
    outer loop
      vertex 67.664783 126.591905 -43.542702
      vertex 65.327070 122.218351 -57.402515
      vertex 53.033009 128.033009 -57.402515
    endloop
  endfacet
  facet normal 0.402617 0.851262 -0.336530
    outer loop
      vertex 67.664783 126.591905 -43.542702
      vertex 53.033009 128.033009 -57.402515
      vertex 54.930782 132.614639 -43.542702
    endloop
  endfacet
  facet normal 0.317240 0.886626 -0.336530
    outer loop
      vertex 54.930782 132.614639 -43.542702
      vertex 53.033009 128.033009 -57.402515
      vertex 40.228211 132.614639 -57.402515
    endloop
  endfacet
  facet normal 0.317240 0.886626 -0.336530
    outer loop
      vertex 54.930782 132.614639 -43.542702
      vertex 40.228211 132.614639 -57.402515
      vertex 41.667767 137.360221 -43.542702
    endloop
  endfacet
  facet normal 0.228808 0.913452 -0.336530
    outer loop
      vertex 41.667767 137.360221 -43.542702
      vertex 40.228211 132.614639 -57.402515
      vertex 27.035993 135.919117 -57.402515
    endloop
  endfacet
  facet normal 0.228808 0.913452 -0.336530
    outer loop
      vertex 41.667767 137.360221 -43.542702
      vertex 27.035993 135.919117 -57.402515
      vertex 28.003470 140.782949 -43.542702
    endloop
  endfacet
  facet normal 0.138172 0.931481 -0.336530
    outer loop
      vertex 28.003470 140.782949 -43.542702
      vertex 27.035993 135.919117 -57.402515
      vertex 13.583404 137.914620 -57.402515
    endloop
  endfacet
  facet normal 0.138172 0.931481 -0.336530
    outer loop
      vertex 28.003470 140.782949 -43.542702
      vertex 13.583404 137.914620 -57.402515
      vertex 14.069483 142.849861 -43.542702
    endloop
  endfacet
  facet normal 0.046206 0.940538 -0.336530
    outer loop
      vertex 14.069483 142.849861 -43.542702
      vertex 13.583404 137.914620 -57.402515
      vertex 0.000000 138.581930 -57.402515
    endloop
  endfacet
  facet normal 0.046206 0.940538 -0.336530
    outer loop
      vertex 14.069483 142.849861 -43.542702
      vertex 0.000000 138.581930 -57.402515
      vertex 0.000000 143.541050 -43.542702
    endloop
  endfacet
  facet normal -0.046206 0.940538 -0.336530
    outer loop
      vertex 0.000000 143.541050 -43.542702
      vertex 0.000000 138.581930 -57.402515
      vertex -13.583404 137.914620 -57.402515
    endloop
  endfacet
  facet normal -0.046206 0.940538 -0.336530
    outer loop
      vertex 0.000000 143.541050 -43.542702
      vertex -13.583404 137.914620 -57.402515
      vertex -14.069483 142.849861 -43.542702
    endloop
  endfacet
  facet normal -0.138172 0.931481 -0.336530
    outer loop
      vertex -14.069483 142.849861 -43.542702
      vertex -13.583404 137.914620 -57.402515
      vertex -27.035993 135.919117 -57.402515
    endloop
  endfacet
  facet normal -0.138172 0.931481 -0.336530
    outer loop
      vertex -14.069483 142.849861 -43.542702
      vertex -27.035993 135.919117 -57.402515
      vertex -28.003470 140.782949 -43.542702
    endloop
  endfacet
  facet normal -0.228808 0.913452 -0.336530
    outer loop
      vertex -28.003470 140.782949 -43.542702
      vertex -27.035993 135.919117 -57.402515
      vertex -40.228211 132.614639 -57.402515
    endloop
  endfacet
  facet normal -0.228808 0.913452 -0.336530
    outer loop
      vertex -28.003470 140.782949 -43.542702
      vertex -40.228211 132.614639 -57.402515
      vertex -41.667767 137.360221 -43.542702
    endloop
  endfacet
  facet normal -0.317240 0.886626 -0.336530
    outer loop
      vertex -41.667767 137.360221 -43.542702
      vertex -40.228211 132.614639 -57.402515
      vertex -53.033009 128.033009 -57.402515
    endloop
  endfacet
  facet normal -0.317240 0.886626 -0.336530
    outer loop
      vertex -41.667767 137.360221 -43.542702
      vertex -53.033009 128.033009 -57.402515
      vertex -54.930782 132.614639 -43.542702
    endloop
  endfacet
  facet normal -0.402617 0.851262 -0.336530
    outer loop
      vertex -54.930782 132.614639 -43.542702
      vertex -53.033009 128.033009 -57.402515
      vertex -65.327070 122.218351 -57.402515
    endloop
  endfacet
  facet normal -0.402617 0.851262 -0.336530
    outer loop
      vertex -54.930782 132.614639 -43.542702
      vertex -65.327070 122.218351 -57.402515
      vertex -67.664783 126.591905 -43.542702
    endloop
  endfacet
  facet normal -0.484117 0.807700 -0.336530
    outer loop
      vertex -67.664783 126.591905 -43.542702
      vertex -65.327070 122.218351 -57.402515
      vertex -76.991995 115.226664 -57.402515
    endloop
  endfacet
  facet normal -0.484117 0.807700 -0.336530
    outer loop
      vertex -67.664783 126.591905 -43.542702
      vertex -76.991995 115.226664 -57.402515
      vertex -79.747135 119.350021 -43.542702
    endloop
  endfacet
  facet normal -0.560954 0.756359 -0.336530
    outer loop
      vertex -79.747135 119.350021 -43.542702
      vertex -76.991995 115.226664 -57.402515
      vertex -87.915446 107.125280 -57.402515
    endloop
  endfacet
  facet normal -0.560954 0.756359 -0.336530
    outer loop
      vertex -79.747135 119.350021 -43.542702
      vertex -87.915446 107.125280 -57.402515
      vertex -91.061478 110.958732 -43.542702
    endloop
  endfacet
  facet normal -0.632389 0.697733 -0.336530
    outer loop
      vertex -91.061478 110.958732 -43.542702
      vertex -87.915446 107.125280 -57.402515
      vertex -97.992222 97.992222 -57.402515
    endloop
  endfacet
  facet normal -0.632389 0.697733 -0.336530
    outer loop
      vertex -91.061478 110.958732 -43.542702
      vertex -97.992222 97.992222 -57.402515
      vertex -101.498850 101.498850 -43.542702
    endloop
  endfacet
  facet normal -0.697733 0.632389 -0.336530
    outer loop
      vertex -101.498850 101.498850 -43.542702
      vertex -97.992222 97.992222 -57.402515
      vertex -107.125280 87.915446 -57.402515
    endloop
  endfacet
  facet normal -0.697733 0.632389 -0.336530
    outer loop
      vertex -101.498850 101.498850 -43.542702
      vertex -107.125280 87.915446 -57.402515
      vertex -110.958732 91.061478 -43.542702
    endloop
  endfacet
  facet normal -0.756359 0.560954 -0.336530
    outer loop
      vertex -110.958732 91.061478 -43.542702
      vertex -107.125280 87.915446 -57.402515
      vertex -115.226664 76.991995 -57.402515
    endloop
  endfacet
  facet normal -0.756359 0.560954 -0.336530
    outer loop
      vertex -110.958732 91.061478 -43.542702
      vertex -115.226664 76.991995 -57.402515
      vertex -119.350021 79.747135 -43.542702
    endloop
  endfacet
  facet normal -0.807700 0.484117 -0.336530
    outer loop
      vertex -119.350021 79.747135 -43.542702
      vertex -115.226664 76.991995 -57.402515
      vertex -122.218351 65.327070 -57.402515
    endloop
  endfacet
  facet normal -0.807700 0.484117 -0.336530
    outer loop
      vertex -119.350021 79.747135 -43.542702
      vertex -122.218351 65.327070 -57.402515
      vertex -126.591905 67.664783 -43.542702
    endloop
  endfacet
  facet normal -0.851262 0.402617 -0.336530
    outer loop
      vertex -126.591905 67.664783 -43.542702
      vertex -122.218351 65.327070 -57.402515
      vertex -128.033009 53.033009 -57.402515
    endloop
  endfacet
  facet normal -0.851262 0.402617 -0.336530
    outer loop
      vertex -126.591905 67.664783 -43.542702
      vertex -128.033009 53.033009 -57.402515
      vertex -132.614639 54.930782 -43.542702
    endloop
  endfacet
  facet normal -0.886626 0.317240 -0.336530
    outer loop
      vertex -132.614639 54.930782 -43.542702
      vertex -128.033009 53.033009 -57.402515
      vertex -132.614639 40.228211 -57.402515
    endloop
  endfacet
  facet normal -0.886626 0.317240 -0.336530
    outer loop
      vertex -132.614639 54.930782 -43.542702
      vertex -132.614639 40.228211 -57.402515
      vertex -137.360221 41.667767 -43.542702
    endloop
  endfacet
  facet normal -0.913452 0.228808 -0.336530
    outer loop
      vertex -137.360221 41.667767 -43.542702
      vertex -132.614639 40.228211 -57.402515
      vertex -135.919117 27.035993 -57.402515
    endloop
  endfacet
  facet normal -0.913452 0.228808 -0.336530
    outer loop
      vertex -137.360221 41.667767 -43.542702
      vertex -135.919117 27.035993 -57.402515
      vertex -140.782949 28.003470 -43.542702
    endloop
  endfacet
  facet normal -0.931481 0.138172 -0.336530
    outer loop
      vertex -140.782949 28.003470 -43.542702
      vertex -135.919117 27.035993 -57.402515
      vertex -137.914620 13.583404 -57.402515
    endloop
  endfacet
  facet normal -0.931481 0.138172 -0.336530
    outer loop
      vertex -140.782949 28.003470 -43.542702
      vertex -137.914620 13.583404 -57.402515
      vertex -142.849861 14.069483 -43.542702
    endloop
  endfacet
  facet normal -0.940538 0.046206 -0.336530
    outer loop
      vertex -142.849861 14.069483 -43.542702
      vertex -137.914620 13.583404 -57.402515
      vertex -138.581930 0.000000 -57.402515
    endloop
  endfacet
  facet normal -0.940538 0.046206 -0.336530
    outer loop
      vertex -142.849861 14.069483 -43.542702
      vertex -138.581930 0.000000 -57.402515
      vertex -143.541050 0.000000 -43.542702
    endloop
  endfacet
  facet normal -0.940538 -0.046206 -0.336530
    outer loop
      vertex -143.541050 0.000000 -43.542702
      vertex -138.581930 0.000000 -57.402515
      vertex -137.914620 -13.583404 -57.402515
    endloop
  endfacet
  facet normal -0.940538 -0.046206 -0.336530
    outer loop
      vertex -143.541050 0.000000 -43.542702
      vertex -137.914620 -13.583404 -57.402515
      vertex -142.849861 -14.069483 -43.542702
    endloop
  endfacet
  facet normal -0.931481 -0.138172 -0.336530
    outer loop
      vertex -142.849861 -14.069483 -43.542702
      vertex -137.914620 -13.583404 -57.402515
      vertex -135.919117 -27.035993 -57.402515
    endloop
  endfacet
  facet normal -0.931481 -0.138172 -0.336530
    outer loop
      vertex -142.849861 -14.069483 -43.542702
      vertex -135.919117 -27.035993 -57.402515
      vertex -140.782949 -28.003470 -43.542702
    endloop
  endfacet
  facet normal -0.913452 -0.228808 -0.336530
    outer loop
      vertex -140.782949 -28.003470 -43.542702
      vertex -135.919117 -27.035993 -57.402515
      vertex -132.614639 -40.228211 -57.402515
    endloop
  endfacet
  facet normal -0.913452 -0.228808 -0.336530
    outer loop
      vertex -140.782949 -28.003470 -43.542702
      vertex -132.614639 -40.228211 -57.402515
      vertex -137.360221 -41.667767 -43.542702
    endloop
  endfacet
  facet normal -0.886626 -0.317240 -0.336530
    outer loop
      vertex -137.360221 -41.667767 -43.542702
      vertex -132.614639 -40.228211 -57.402515
      vertex -128.033009 -53.033009 -57.402515
    endloop
  endfacet
  facet normal -0.886626 -0.317240 -0.336530
    outer loop
      vertex -137.360221 -41.667767 -43.542702
      vertex -128.033009 -53.033009 -57.402515
      vertex -132.614639 -54.930782 -43.542702
    endloop
  endfacet
  facet normal -0.851262 -0.402617 -0.336530
    outer loop
      vertex -132.614639 -54.930782 -43.542702
      vertex -128.033009 -53.033009 -57.402515
      vertex -122.218351 -65.327070 -57.402515
    endloop
  endfacet
  facet normal -0.851262 -0.402617 -0.336530
    outer loop
      vertex -132.614639 -54.930782 -43.542702
      vertex -122.218351 -65.327070 -57.402515
      vertex -126.591905 -67.664783 -43.542702
    endloop
  endfacet
  facet normal -0.807700 -0.484117 -0.336530
    outer loop
      vertex -126.591905 -67.664783 -43.542702
      vertex -122.218351 -65.327070 -57.402515
      vertex -115.226664 -76.991995 -57.402515
    endloop
  endfacet
  facet normal -0.807700 -0.484117 -0.336530
    outer loop
      vertex -126.591905 -67.664783 -43.542702
      vertex -115.226664 -76.991995 -57.402515
      vertex -119.350021 -79.747135 -43.542702
    endloop
  endfacet
  facet normal -0.756359 -0.560954 -0.336530
    outer loop
      vertex -119.350021 -79.747135 -43.542702
      vertex -115.226664 -76.991995 -57.402515
      vertex -107.125280 -87.915446 -57.402515
    endloop
  endfacet
  facet normal -0.756359 -0.560954 -0.336530
    outer loop
      vertex -119.350021 -79.747135 -43.542702
      vertex -107.125280 -87.915446 -57.402515
      vertex -110.958732 -91.061478 -43.542702
    endloop
  endfacet
  facet normal -0.697733 -0.632389 -0.336530
    outer loop
      vertex -110.958732 -91.061478 -43.542702
      vertex -107.125280 -87.915446 -57.402515
      vertex -97.992222 -97.992222 -57.402515
    endloop
  endfacet
  facet normal -0.697733 -0.632389 -0.336530
    outer loop
      vertex -110.958732 -91.061478 -43.542702
      vertex -97.992222 -97.992222 -57.402515
      vertex -101.498850 -101.498850 -43.542702
    endloop
  endfacet
  facet normal -0.632389 -0.697733 -0.336530
    outer loop
      vertex -101.498850 -101.498850 -43.542702
      vertex -97.992222 -97.992222 -57.402515
      vertex -87.915446 -107.125280 -57.402515
    endloop
  endfacet
  facet normal -0.632389 -0.697733 -0.336530
    outer loop
      vertex -101.498850 -101.498850 -43.542702
      vertex -87.915446 -107.125280 -57.402515
      vertex -91.061478 -110.958732 -43.542702
    endloop
  endfacet
  facet normal -0.560954 -0.756359 -0.336530
    outer loop
      vertex -91.061478 -110.958732 -43.542702
      vertex -87.915446 -107.125280 -57.402515
      vertex -76.991995 -115.226664 -57.402515
    endloop
  endfacet
  facet normal -0.560954 -0.756359 -0.336530
    outer loop
      vertex -91.061478 -110.958732 -43.542702
      vertex -76.991995 -115.226664 -57.402515
      vertex -79.747135 -119.350021 -43.542702
    endloop
  endfacet
  facet normal -0.484117 -0.807700 -0.336530
    outer loop
      vertex -79.747135 -119.350021 -43.542702
      vertex -76.991995 -115.226664 -57.402515
      vertex -65.327070 -122.218351 -57.402515
    endloop
  endfacet
  facet normal -0.484117 -0.807700 -0.336530
    outer loop
      vertex -79.747135 -119.350021 -43.542702
      vertex -65.327070 -122.218351 -57.402515
      vertex -67.664783 -126.591905 -43.542702
    endloop
  endfacet
  facet normal -0.402617 -0.851262 -0.336530
    outer loop
      vertex -67.664783 -126.591905 -43.542702
      vertex -65.327070 -122.218351 -57.402515
      vertex -53.033009 -128.033009 -57.402515
    endloop
  endfacet
  facet normal -0.402617 -0.851262 -0.336530
    outer loop
      vertex -67.664783 -126.591905 -43.542702
      vertex -53.033009 -128.033009 -57.402515
      vertex -54.930782 -132.614639 -43.542702
    endloop
  endfacet
  facet normal -0.317240 -0.886626 -0.336530
    outer loop
      vertex -54.930782 -132.614639 -43.542702
      vertex -53.033009 -128.033009 -57.402515
      vertex -40.228211 -132.614639 -57.402515
    endloop
  endfacet
  facet normal -0.317240 -0.886626 -0.336530
    outer loop
      vertex -54.930782 -132.614639 -43.542702
      vertex -40.228211 -132.614639 -57.402515
      vertex -41.667767 -137.360221 -43.542702
    endloop
  endfacet
  facet normal -0.228808 -0.913452 -0.336530
    outer loop
      vertex -41.667767 -137.360221 -43.542702
      vertex -40.228211 -132.614639 -57.402515
      vertex -27.035993 -135.919117 -57.402515
    endloop
  endfacet
  facet normal -0.228808 -0.913452 -0.336530
    outer loop
      vertex -41.667767 -137.360221 -43.542702
      vertex -27.035993 -135.919117 -57.402515
      vertex -28.003470 -140.782949 -43.542702
    endloop
  endfacet
  facet normal -0.138172 -0.931481 -0.336530
    outer loop
      vertex -28.003470 -140.782949 -43.542702
      vertex -27.035993 -135.919117 -57.402515
      vertex -13.583404 -137.914620 -57.402515
    endloop
  endfacet
  facet normal -0.138172 -0.931481 -0.336530
    outer loop
      vertex -28.003470 -140.782949 -43.542702
      vertex -13.583404 -137.914620 -57.402515
      vertex -14.069483 -142.849861 -43.542702
    endloop
  endfacet
  facet normal -0.046206 -0.940538 -0.336530
    outer loop
      vertex -14.069483 -142.849861 -43.542702
      vertex -13.583404 -137.914620 -57.402515
      vertex -0.000000 -138.581930 -57.402515
    endloop
  endfacet
  facet normal -0.046206 -0.940538 -0.336530
    outer loop
      vertex -14.069483 -142.849861 -43.542702
      vertex -0.000000 -138.581930 -57.402515
      vertex -0.000000 -143.541050 -43.542702
    endloop
  endfacet
  facet normal 0.046206 -0.940538 -0.336530
    outer loop
      vertex -0.000000 -143.541050 -43.542702
      vertex -0.000000 -138.581930 -57.402515
      vertex 13.583404 -137.914620 -57.402515
    endloop
  endfacet
  facet normal 0.046206 -0.940538 -0.336530
    outer loop
      vertex -0.000000 -143.541050 -43.542702
      vertex 13.583404 -137.914620 -57.402515
      vertex 14.069483 -142.849861 -43.542702
    endloop
  endfacet
  facet normal 0.138172 -0.931481 -0.336530
    outer loop
      vertex 14.069483 -142.849861 -43.542702
      vertex 13.583404 -137.914620 -57.402515
      vertex 27.035993 -135.919117 -57.402515
    endloop
  endfacet
  facet normal 0.138172 -0.931481 -0.336530
    outer loop
      vertex 14.069483 -142.849861 -43.542702
      vertex 27.035993 -135.919117 -57.402515
      vertex 28.003470 -140.782949 -43.542702
    endloop
  endfacet
  facet normal 0.228808 -0.913452 -0.336530
    outer loop
      vertex 28.003470 -140.782949 -43.542702
      vertex 27.035993 -135.919117 -57.402515
      vertex 40.228211 -132.614639 -57.402515
    endloop
  endfacet
  facet normal 0.228808 -0.913452 -0.336530
    outer loop
      vertex 28.003470 -140.782949 -43.542702
      vertex 40.228211 -132.614639 -57.402515
      vertex 41.667767 -137.360221 -43.542702
    endloop
  endfacet
  facet normal 0.317240 -0.886626 -0.336530
    outer loop
      vertex 41.667767 -137.360221 -43.542702
      vertex 40.228211 -132.614639 -57.402515
      vertex 53.033009 -128.033009 -57.402515
    endloop
  endfacet
  facet normal 0.317240 -0.886626 -0.336530
    outer loop
      vertex 41.667767 -137.360221 -43.542702
      vertex 53.033009 -128.033009 -57.402515
      vertex 54.930782 -132.614639 -43.542702
    endloop
  endfacet
  facet normal 0.402617 -0.851262 -0.336530
    outer loop
      vertex 54.930782 -132.614639 -43.542702
      vertex 53.033009 -128.033009 -57.402515
      vertex 65.327070 -122.218351 -57.402515
    endloop
  endfacet
  facet normal 0.402617 -0.851262 -0.336530
    outer loop
      vertex 54.930782 -132.614639 -43.542702
      vertex 65.327070 -122.218351 -57.402515
      vertex 67.664783 -126.591905 -43.542702
    endloop
  endfacet
  facet normal 0.484117 -0.807700 -0.336530
    outer loop
      vertex 67.664783 -126.591905 -43.542702
      vertex 65.327070 -122.218351 -57.402515
      vertex 76.991995 -115.226664 -57.402515
    endloop
  endfacet
  facet normal 0.484117 -0.807700 -0.336530
    outer loop
      vertex 67.664783 -126.591905 -43.542702
      vertex 76.991995 -115.226664 -57.402515
      vertex 79.747135 -119.350021 -43.542702
    endloop
  endfacet
  facet normal 0.560954 -0.756359 -0.336530
    outer loop
      vertex 79.747135 -119.350021 -43.542702
      vertex 76.991995 -115.226664 -57.402515
      vertex 87.915446 -107.125280 -57.402515
    endloop
  endfacet
  facet normal 0.560954 -0.756359 -0.336530
    outer loop
      vertex 79.747135 -119.350021 -43.542702
      vertex 87.915446 -107.125280 -57.402515
      vertex 91.061478 -110.958732 -43.542702
    endloop
  endfacet
  facet normal 0.632389 -0.697733 -0.336530
    outer loop
      vertex 91.061478 -110.958732 -43.542702
      vertex 87.915446 -107.125280 -57.402515
      vertex 97.992222 -97.992222 -57.402515
    endloop
  endfacet
  facet normal 0.632389 -0.697733 -0.336530
    outer loop
      vertex 91.061478 -110.958732 -43.542702
      vertex 97.992222 -97.992222 -57.402515
      vertex 101.498850 -101.498850 -43.542702
    endloop
  endfacet
  facet normal 0.697733 -0.632389 -0.336530
    outer loop
      vertex 101.498850 -101.498850 -43.542702
      vertex 97.992222 -97.992222 -57.402515
      vertex 107.125280 -87.915446 -57.402515
    endloop
  endfacet
  facet normal 0.697733 -0.632389 -0.336530
    outer loop
      vertex 101.498850 -101.498850 -43.542702
      vertex 107.125280 -87.915446 -57.402515
      vertex 110.958732 -91.061478 -43.542702
    endloop
  endfacet
  facet normal 0.756359 -0.560954 -0.336530
    outer loop
      vertex 110.958732 -91.061478 -43.542702
      vertex 107.125280 -87.915446 -57.402515
      vertex 115.226664 -76.991995 -57.402515
    endloop
  endfacet
  facet normal 0.756359 -0.560954 -0.336530
    outer loop
      vertex 110.958732 -91.061478 -43.542702
      vertex 115.226664 -76.991995 -57.402515
      vertex 119.350021 -79.747135 -43.542702
    endloop
  endfacet
  facet normal 0.807700 -0.484117 -0.336530
    outer loop
      vertex 119.350021 -79.747135 -43.542702
      vertex 115.226664 -76.991995 -57.402515
      vertex 122.218351 -65.327070 -57.402515
    endloop
  endfacet
  facet normal 0.807700 -0.484117 -0.336530
    outer loop
      vertex 119.350021 -79.747135 -43.542702
      vertex 122.218351 -65.327070 -57.402515
      vertex 126.591905 -67.664783 -43.542702
    endloop
  endfacet
  facet normal 0.851262 -0.402617 -0.336530
    outer loop
      vertex 126.591905 -67.664783 -43.542702
      vertex 122.218351 -65.327070 -57.402515
      vertex 128.033009 -53.033009 -57.402515
    endloop
  endfacet
  facet normal 0.851262 -0.402617 -0.336530
    outer loop
      vertex 126.591905 -67.664783 -43.542702
      vertex 128.033009 -53.033009 -57.402515
      vertex 132.614639 -54.930782 -43.542702
    endloop
  endfacet
  facet normal 0.886626 -0.317240 -0.336530
    outer loop
      vertex 132.614639 -54.930782 -43.542702
      vertex 128.033009 -53.033009 -57.402515
      vertex 132.614639 -40.228211 -57.402515
    endloop
  endfacet
  facet normal 0.886626 -0.317240 -0.336530
    outer loop
      vertex 132.614639 -54.930782 -43.542702
      vertex 132.614639 -40.228211 -57.402515
      vertex 137.360221 -41.667767 -43.542702
    endloop
  endfacet
  facet normal 0.913452 -0.228808 -0.336530
    outer loop
      vertex 137.360221 -41.667767 -43.542702
      vertex 132.614639 -40.228211 -57.402515
      vertex 135.919117 -27.035993 -57.402515
    endloop
  endfacet
  facet normal 0.913452 -0.228808 -0.336530
    outer loop
      vertex 137.360221 -41.667767 -43.542702
      vertex 135.919117 -27.035993 -57.402515
      vertex 140.782949 -28.003470 -43.542702
    endloop
  endfacet
  facet normal 0.931481 -0.138172 -0.336530
    outer loop
      vertex 140.782949 -28.003470 -43.542702
      vertex 135.919117 -27.035993 -57.402515
      vertex 137.914620 -13.583404 -57.402515
    endloop
  endfacet
  facet normal 0.931481 -0.138172 -0.336530
    outer loop
      vertex 140.782949 -28.003470 -43.542702
      vertex 137.914620 -13.583404 -57.402515
      vertex 142.849861 -14.069483 -43.542702
    endloop
  endfacet
  facet normal 0.940538 -0.046206 -0.336530
    outer loop
      vertex 142.849861 -14.069483 -43.542702
      vertex 137.914620 -13.583404 -57.402515
      vertex 138.581930 -0.000000 -57.402515
    endloop
  endfacet
  facet normal 0.940538 -0.046206 -0.336530
    outer loop
      vertex 142.849861 -14.069483 -43.542702
      vertex 138.581930 -0.000000 -57.402515
      vertex 143.541050 -0.000000 -43.542702
    endloop
  endfacet
  facet normal 0.903099 0.044366 -0.427134
    outer loop
      vertex 138.581930 0.000000 -57.402515
      vertex 132.288190 0.000000 -70.709511
      vertex 131.651186 12.966510 -70.709511
    endloop
  endfacet
  facet normal 0.903099 0.044366 -0.427134
    outer loop
      vertex 138.581930 0.000000 -57.402515
      vertex 131.651186 12.966510 -70.709511
      vertex 137.914620 13.583404 -57.402515
    endloop
  endfacet
  facet normal 0.894402 0.132672 -0.427134
    outer loop
      vertex 137.914620 13.583404 -57.402515
      vertex 131.651186 12.966510 -70.709511
      vertex 129.746309 25.808146 -70.709511
    endloop
  endfacet
  facet normal 0.894402 0.132672 -0.427134
    outer loop
      vertex 137.914620 13.583404 -57.402515
      vertex 129.746309 25.808146 -70.709511
      vertex 135.919117 27.035993 -57.402515
    endloop
  endfacet
  facet normal 0.877091 0.219700 -0.427134
    outer loop
      vertex 135.919117 27.035993 -57.402515
      vertex 129.746309 25.808146 -70.709511
      vertex 126.591905 38.401234 -70.709511
    endloop
  endfacet
  facet normal 0.877091 0.219700 -0.427134
    outer loop
      vertex 135.919117 27.035993 -57.402515
      vertex 126.591905 38.401234 -70.709511
      vertex 132.614639 40.228211 -57.402515
    endloop
  endfacet
  facet normal 0.851333 0.304612 -0.427134
    outer loop
      vertex 132.614639 40.228211 -57.402515
      vertex 126.591905 38.401234 -70.709511
      vertex 122.218351 50.624498 -70.709511
    endloop
  endfacet
  facet normal 0.851333 0.304612 -0.427134
    outer loop
      vertex 132.614639 40.228211 -57.402515
      vertex 122.218351 50.624498 -70.709511
      vertex 128.033009 53.033009 -57.402515
    endloop
  endfacet
  facet normal 0.817377 0.386590 -0.427134
    outer loop
      vertex 128.033009 53.033009 -57.402515
      vertex 122.218351 50.624498 -70.709511
      vertex 116.667767 62.360221 -70.709511
    endloop
  endfacet
  facet normal 0.817377 0.386590 -0.427134
    outer loop
      vertex 128.033009 53.033009 -57.402515
      vertex 116.667767 62.360221 -70.709511
      vertex 122.218351 65.327070 -57.402515
    endloop
  endfacet
  facet normal 0.775548 0.464846 -0.427134
    outer loop
      vertex 122.218351 65.327070 -57.402515
      vertex 116.667767 62.360221 -70.709511
      vertex 109.993610 73.495380 -70.709511
    endloop
  endfacet
  facet normal 0.775548 0.464846 -0.427134
    outer loop
      vertex 122.218351 65.327070 -57.402515
      vertex 109.993610 73.495380 -70.709511
      vertex 115.226664 76.991995 -57.402515
    endloop
  endfacet
  facet normal 0.726251 0.538624 -0.427134
    outer loop
      vertex 115.226664 76.991995 -57.402515
      vertex 109.993610 73.495380 -70.709511
      vertex 102.260153 83.922739 -70.709511
    endloop
  endfacet
  facet normal 0.726251 0.538624 -0.427134
    outer loop
      vertex 115.226664 76.991995 -57.402515
      vertex 102.260153 83.922739 -70.709511
      vertex 107.125280 87.915446 -57.402515
    endloop
  endfacet
  facet normal 0.669959 0.607216 -0.427134
    outer loop
      vertex 107.125280 87.915446 -57.402515
      vertex 102.260153 83.922739 -70.709511
      vertex 93.541876 93.541876 -70.709511
    endloop
  endfacet
  facet normal 0.669959 0.607216 -0.427134
    outer loop
      vertex 107.125280 87.915446 -57.402515
      vertex 93.541876 93.541876 -70.709511
      vertex 97.992222 97.992222 -57.402515
    endloop
  endfacet
  facet normal 0.607216 0.669959 -0.427134
    outer loop
      vertex 97.992222 97.992222 -57.402515
      vertex 93.541876 93.541876 -70.709511
      vertex 83.922739 102.260153 -70.709511
    endloop
  endfacet
  facet normal 0.607216 0.669959 -0.427134
    outer loop
      vertex 97.992222 97.992222 -57.402515
      vertex 83.922739 102.260153 -70.709511
      vertex 87.915446 107.125280 -57.402515
    endloop
  endfacet
  facet normal 0.538624 0.726251 -0.427134
    outer loop
      vertex 87.915446 107.125280 -57.402515
      vertex 83.922739 102.260153 -70.709511
      vertex 73.495380 109.993610 -70.709511
    endloop
  endfacet
  facet normal 0.538624 0.726251 -0.427134
    outer loop
      vertex 87.915446 107.125280 -57.402515
      vertex 73.495380 109.993610 -70.709511
      vertex 76.991995 115.226664 -57.402515
    endloop
  endfacet
  facet normal 0.464846 0.775548 -0.427134
    outer loop
      vertex 76.991995 115.226664 -57.402515
      vertex 73.495380 109.993610 -70.709511
      vertex 62.360221 116.667767 -70.709511
    endloop
  endfacet
  facet normal 0.464846 0.775548 -0.427134
    outer loop
      vertex 76.991995 115.226664 -57.402515
      vertex 62.360221 116.667767 -70.709511
      vertex 65.327070 122.218351 -57.402515
    endloop
  endfacet
  facet normal 0.386590 0.817377 -0.427134
    outer loop
      vertex 65.327070 122.218351 -57.402515
      vertex 62.360221 116.667767 -70.709511
      vertex 50.624498 122.218351 -70.709511
    endloop
  endfacet
  facet normal 0.386590 0.817377 -0.427134
    outer loop
      vertex 65.327070 122.218351 -57.402515
      vertex 50.624498 122.218351 -70.709511
      vertex 53.033009 128.033009 -57.402515
    endloop
  endfacet
  facet normal 0.304612 0.851333 -0.427134
    outer loop
      vertex 53.033009 128.033009 -57.402515
      vertex 50.624498 122.218351 -70.709511
      vertex 38.401234 126.591905 -70.709511
    endloop
  endfacet
  facet normal 0.304612 0.851333 -0.427134
    outer loop
      vertex 53.033009 128.033009 -57.402515
      vertex 38.401234 126.591905 -70.709511
      vertex 40.228211 132.614639 -57.402515
    endloop
  endfacet
  facet normal 0.219700 0.877091 -0.427134
    outer loop
      vertex 40.228211 132.614639 -57.402515
      vertex 38.401234 126.591905 -70.709511
      vertex 25.808146 129.746309 -70.709511
    endloop
  endfacet
  facet normal 0.219700 0.877091 -0.427134
    outer loop
      vertex 40.228211 132.614639 -57.402515
      vertex 25.808146 129.746309 -70.709511
      vertex 27.035993 135.919117 -57.402515
    endloop
  endfacet
  facet normal 0.132672 0.894402 -0.427134
    outer loop
      vertex 27.035993 135.919117 -57.402515
      vertex 25.808146 129.746309 -70.709511
      vertex 12.966510 131.651186 -70.709511
    endloop
  endfacet
  facet normal 0.132672 0.894402 -0.427134
    outer loop
      vertex 27.035993 135.919117 -57.402515
      vertex 12.966510 131.651186 -70.709511
      vertex 13.583404 137.914620 -57.402515
    endloop
  endfacet
  facet normal 0.044366 0.903099 -0.427134
    outer loop
      vertex 13.583404 137.914620 -57.402515
      vertex 12.966510 131.651186 -70.709511
      vertex 0.000000 132.288190 -70.709511
    endloop
  endfacet
  facet normal 0.044366 0.903099 -0.427134
    outer loop
      vertex 13.583404 137.914620 -57.402515
      vertex 0.000000 132.288190 -70.709511
      vertex 0.000000 138.581930 -57.402515
    endloop
  endfacet
  facet normal -0.044366 0.903099 -0.427134
    outer loop
      vertex 0.000000 138.581930 -57.402515
      vertex 0.000000 132.288190 -70.709511
      vertex -12.966510 131.651186 -70.709511
    endloop
  endfacet
  facet normal -0.044366 0.903099 -0.427134
    outer loop
      vertex 0.000000 138.581930 -57.402515
      vertex -12.966510 131.651186 -70.709511
      vertex -13.583404 137.914620 -57.402515
    endloop
  endfacet
  facet normal -0.132672 0.894402 -0.427134
    outer loop
      vertex -13.583404 137.914620 -57.402515
      vertex -12.966510 131.651186 -70.709511
      vertex -25.808146 129.746309 -70.709511
    endloop
  endfacet
  facet normal -0.132672 0.894402 -0.427134
    outer loop
      vertex -13.583404 137.914620 -57.402515
      vertex -25.808146 129.746309 -70.709511
      vertex -27.035993 135.919117 -57.402515
    endloop
  endfacet
  facet normal -0.219700 0.877091 -0.427134
    outer loop
      vertex -27.035993 135.919117 -57.402515
      vertex -25.808146 129.746309 -70.709511
      vertex -38.401234 126.591905 -70.709511
    endloop
  endfacet
  facet normal -0.219700 0.877091 -0.427134
    outer loop
      vertex -27.035993 135.919117 -57.402515
      vertex -38.401234 126.591905 -70.709511
      vertex -40.228211 132.614639 -57.402515
    endloop
  endfacet
  facet normal -0.304612 0.851333 -0.427134
    outer loop
      vertex -40.228211 132.614639 -57.402515
      vertex -38.401234 126.591905 -70.709511
      vertex -50.624498 122.218351 -70.709511
    endloop
  endfacet
  facet normal -0.304612 0.851333 -0.427134
    outer loop
      vertex -40.228211 132.614639 -57.402515
      vertex -50.624498 122.218351 -70.709511
      vertex -53.033009 128.033009 -57.402515
    endloop
  endfacet
  facet normal -0.386590 0.817377 -0.427134
    outer loop
      vertex -53.033009 128.033009 -57.402515
      vertex -50.624498 122.218351 -70.709511
      vertex -62.360221 116.667767 -70.709511
    endloop
  endfacet
  facet normal -0.386590 0.817377 -0.427134
    outer loop
      vertex -53.033009 128.033009 -57.402515
      vertex -62.360221 116.667767 -70.709511
      vertex -65.327070 122.218351 -57.402515
    endloop
  endfacet
  facet normal -0.464846 0.775548 -0.427134
    outer loop
      vertex -65.327070 122.218351 -57.402515
      vertex -62.360221 116.667767 -70.709511
      vertex -73.495380 109.993610 -70.709511
    endloop
  endfacet
  facet normal -0.464846 0.775548 -0.427134
    outer loop
      vertex -65.327070 122.218351 -57.402515
      vertex -73.495380 109.993610 -70.709511
      vertex -76.991995 115.226664 -57.402515
    endloop
  endfacet
  facet normal -0.538624 0.726251 -0.427134
    outer loop
      vertex -76.991995 115.226664 -57.402515
      vertex -73.495380 109.993610 -70.709511
      vertex -83.922739 102.260153 -70.709511
    endloop
  endfacet
  facet normal -0.538624 0.726251 -0.427134
    outer loop
      vertex -76.991995 115.226664 -57.402515
      vertex -83.922739 102.260153 -70.709511
      vertex -87.915446 107.125280 -57.402515
    endloop
  endfacet
  facet normal -0.607216 0.669959 -0.427134
    outer loop
      vertex -87.915446 107.125280 -57.402515
      vertex -83.922739 102.260153 -70.709511
      vertex -93.541876 93.541876 -70.709511
    endloop
  endfacet
  facet normal -0.607216 0.669959 -0.427134
    outer loop
      vertex -87.915446 107.125280 -57.402515
      vertex -93.541876 93.541876 -70.709511
      vertex -97.992222 97.992222 -57.402515
    endloop
  endfacet
  facet normal -0.669959 0.607216 -0.427134
    outer loop
      vertex -97.992222 97.992222 -57.402515
      vertex -93.541876 93.541876 -70.709511
      vertex -102.260153 83.922739 -70.709511
    endloop
  endfacet
  facet normal -0.669959 0.607216 -0.427134
    outer loop
      vertex -97.992222 97.992222 -57.402515
      vertex -102.260153 83.922739 -70.709511
      vertex -107.125280 87.915446 -57.402515
    endloop
  endfacet
  facet normal -0.726251 0.538624 -0.427134
    outer loop
      vertex -107.125280 87.915446 -57.402515
      vertex -102.260153 83.922739 -70.709511
      vertex -109.993610 73.495380 -70.709511
    endloop
  endfacet
  facet normal -0.726251 0.538624 -0.427134
    outer loop
      vertex -107.125280 87.915446 -57.402515
      vertex -109.993610 73.495380 -70.709511
      vertex -115.226664 76.991995 -57.402515
    endloop
  endfacet
  facet normal -0.775548 0.464846 -0.427134
    outer loop
      vertex -115.226664 76.991995 -57.402515
      vertex -109.993610 73.495380 -70.709511
      vertex -116.667767 62.360221 -70.709511
    endloop
  endfacet
  facet normal -0.775548 0.464846 -0.427134
    outer loop
      vertex -115.226664 76.991995 -57.402515
      vertex -116.667767 62.360221 -70.709511
      vertex -122.218351 65.327070 -57.402515
    endloop
  endfacet
  facet normal -0.817377 0.386590 -0.427134
    outer loop
      vertex -122.218351 65.327070 -57.402515
      vertex -116.667767 62.360221 -70.709511
      vertex -122.218351 50.624498 -70.709511
    endloop
  endfacet
  facet normal -0.817377 0.386590 -0.427134
    outer loop
      vertex -122.218351 65.327070 -57.402515
      vertex -122.218351 50.624498 -70.709511
      vertex -128.033009 53.033009 -57.402515
    endloop
  endfacet
  facet normal -0.851333 0.304612 -0.427134
    outer loop
      vertex -128.033009 53.033009 -57.402515
      vertex -122.218351 50.624498 -70.709511
      vertex -126.591905 38.401234 -70.709511
    endloop
  endfacet
  facet normal -0.851333 0.304612 -0.427134
    outer loop
      vertex -128.033009 53.033009 -57.402515
      vertex -126.591905 38.401234 -70.709511
      vertex -132.614639 40.228211 -57.402515
    endloop
  endfacet
  facet normal -0.877091 0.219700 -0.427134
    outer loop
      vertex -132.614639 40.228211 -57.402515
      vertex -126.591905 38.401234 -70.709511
      vertex -129.746309 25.808146 -70.709511
    endloop
  endfacet
  facet normal -0.877091 0.219700 -0.427134
    outer loop
      vertex -132.614639 40.228211 -57.402515
      vertex -129.746309 25.808146 -70.709511
      vertex -135.919117 27.035993 -57.402515
    endloop
  endfacet
  facet normal -0.894402 0.132672 -0.427134
    outer loop
      vertex -135.919117 27.035993 -57.402515
      vertex -129.746309 25.808146 -70.709511
      vertex -131.651186 12.966510 -70.709511
    endloop
  endfacet
  facet normal -0.894402 0.132672 -0.427134
    outer loop
      vertex -135.919117 27.035993 -57.402515
      vertex -131.651186 12.966510 -70.709511
      vertex -137.914620 13.583404 -57.402515
    endloop
  endfacet
  facet normal -0.903099 0.044366 -0.427134
    outer loop
      vertex -137.914620 13.583404 -57.402515
      vertex -131.651186 12.966510 -70.709511
      vertex -132.288190 0.000000 -70.709511
    endloop
  endfacet
  facet normal -0.903099 0.044366 -0.427134
    outer loop
      vertex -137.914620 13.583404 -57.402515
      vertex -132.288190 0.000000 -70.709511
      vertex -138.581930 0.000000 -57.402515
    endloop
  endfacet
  facet normal -0.903099 -0.044366 -0.427134
    outer loop
      vertex -138.581930 0.000000 -57.402515
      vertex -132.288190 0.000000 -70.709511
      vertex -131.651186 -12.966510 -70.709511
    endloop
  endfacet
  facet normal -0.903099 -0.044366 -0.427134
    outer loop
      vertex -138.581930 0.000000 -57.402515
      vertex -131.651186 -12.966510 -70.709511
      vertex -137.914620 -13.583404 -57.402515
    endloop
  endfacet
  facet normal -0.894402 -0.132672 -0.427134
    outer loop
      vertex -137.914620 -13.583404 -57.402515
      vertex -131.651186 -12.966510 -70.709511
      vertex -129.746309 -25.808146 -70.709511
    endloop
  endfacet
  facet normal -0.894402 -0.132672 -0.427134
    outer loop
      vertex -137.914620 -13.583404 -57.402515
      vertex -129.746309 -25.808146 -70.709511
      vertex -135.919117 -27.035993 -57.402515
    endloop
  endfacet
  facet normal -0.877091 -0.219700 -0.427134
    outer loop
      vertex -135.919117 -27.035993 -57.402515
      vertex -129.746309 -25.808146 -70.709511
      vertex -126.591905 -38.401234 -70.709511
    endloop
  endfacet
  facet normal -0.877091 -0.219700 -0.427134
    outer loop
      vertex -135.919117 -27.035993 -57.402515
      vertex -126.591905 -38.401234 -70.709511
      vertex -132.614639 -40.228211 -57.402515
    endloop
  endfacet
  facet normal -0.851333 -0.304612 -0.427134
    outer loop
      vertex -132.614639 -40.228211 -57.402515
      vertex -126.591905 -38.401234 -70.709511
      vertex -122.218351 -50.624498 -70.709511
    endloop
  endfacet
  facet normal -0.851333 -0.304612 -0.427134
    outer loop
      vertex -132.614639 -40.228211 -57.402515
      vertex -122.218351 -50.624498 -70.709511
      vertex -128.033009 -53.033009 -57.402515
    endloop
  endfacet
  facet normal -0.817377 -0.386590 -0.427134
    outer loop
      vertex -128.033009 -53.033009 -57.402515
      vertex -122.218351 -50.624498 -70.709511
      vertex -116.667767 -62.360221 -70.709511
    endloop
  endfacet
  facet normal -0.817377 -0.386590 -0.427134
    outer loop
      vertex -128.033009 -53.033009 -57.402515
      vertex -116.667767 -62.360221 -70.709511
      vertex -122.218351 -65.327070 -57.402515
    endloop
  endfacet
  facet normal -0.775548 -0.464846 -0.427134
    outer loop
      vertex -122.218351 -65.327070 -57.402515
      vertex -116.667767 -62.360221 -70.709511
      vertex -109.993610 -73.495380 -70.709511
    endloop
  endfacet
  facet normal -0.775548 -0.464846 -0.427134
    outer loop
      vertex -122.218351 -65.327070 -57.402515
      vertex -109.993610 -73.495380 -70.709511
      vertex -115.226664 -76.991995 -57.402515
    endloop
  endfacet
  facet normal -0.726251 -0.538624 -0.427134
    outer loop
      vertex -115.226664 -76.991995 -57.402515
      vertex -109.993610 -73.495380 -70.709511
      vertex -102.260153 -83.922739 -70.709511
    endloop
  endfacet
  facet normal -0.726251 -0.538624 -0.427134
    outer loop
      vertex -115.226664 -76.991995 -57.402515
      vertex -102.260153 -83.922739 -70.709511
      vertex -107.125280 -87.915446 -57.402515
    endloop
  endfacet
  facet normal -0.669959 -0.607216 -0.427134
    outer loop
      vertex -107.125280 -87.915446 -57.402515
      vertex -102.260153 -83.922739 -70.709511
      vertex -93.541876 -93.541876 -70.709511
    endloop
  endfacet
  facet normal -0.669959 -0.607216 -0.427134
    outer loop
      vertex -107.125280 -87.915446 -57.402515
      vertex -93.541876 -93.541876 -70.709511
      vertex -97.992222 -97.992222 -57.402515
    endloop
  endfacet
  facet normal -0.607216 -0.669959 -0.427134
    outer loop
      vertex -97.992222 -97.992222 -57.402515
      vertex -93.541876 -93.541876 -70.709511
      vertex -83.922739 -102.260153 -70.709511
    endloop
  endfacet
  facet normal -0.607216 -0.669959 -0.427134
    outer loop
      vertex -97.992222 -97.992222 -57.402515
      vertex -83.922739 -102.260153 -70.709511
      vertex -87.915446 -107.125280 -57.402515
    endloop
  endfacet
  facet normal -0.538624 -0.726251 -0.427134
    outer loop
      vertex -87.915446 -107.125280 -57.402515
      vertex -83.922739 -102.260153 -70.709511
      vertex -73.495380 -109.993610 -70.709511
    endloop
  endfacet
  facet normal -0.538624 -0.726251 -0.427134
    outer loop
      vertex -87.915446 -107.125280 -57.402515
      vertex -73.495380 -109.993610 -70.709511
      vertex -76.991995 -115.226664 -57.402515
    endloop
  endfacet
  facet normal -0.464846 -0.775548 -0.427134
    outer loop
      vertex -76.991995 -115.226664 -57.402515
      vertex -73.495380 -109.993610 -70.709511
      vertex -62.360221 -116.667767 -70.709511
    endloop
  endfacet
  facet normal -0.464846 -0.775548 -0.427134
    outer loop
      vertex -76.991995 -115.226664 -57.402515
      vertex -62.360221 -116.667767 -70.709511
      vertex -65.327070 -122.218351 -57.402515
    endloop
  endfacet
  facet normal -0.386590 -0.817377 -0.427134
    outer loop
      vertex -65.327070 -122.218351 -57.402515
      vertex -62.360221 -116.667767 -70.709511
      vertex -50.624498 -122.218351 -70.709511
    endloop
  endfacet
  facet normal -0.386590 -0.817377 -0.427134
    outer loop
      vertex -65.327070 -122.218351 -57.402515
      vertex -50.624498 -122.218351 -70.709511
      vertex -53.033009 -128.033009 -57.402515
    endloop
  endfacet
  facet normal -0.304612 -0.851333 -0.427134
    outer loop
      vertex -53.033009 -128.033009 -57.402515
      vertex -50.624498 -122.218351 -70.709511
      vertex -38.401234 -126.591905 -70.709511
    endloop
  endfacet
  facet normal -0.304612 -0.851333 -0.427134
    outer loop
      vertex -53.033009 -128.033009 -57.402515
      vertex -38.401234 -126.591905 -70.709511
      vertex -40.228211 -132.614639 -57.402515
    endloop
  endfacet
  facet normal -0.219700 -0.877091 -0.427134
    outer loop
      vertex -40.228211 -132.614639 -57.402515
      vertex -38.401234 -126.591905 -70.709511
      vertex -25.808146 -129.746309 -70.709511
    endloop
  endfacet
  facet normal -0.219700 -0.877091 -0.427134
    outer loop
      vertex -40.228211 -132.614639 -57.402515
      vertex -25.808146 -129.746309 -70.709511
      vertex -27.035993 -135.919117 -57.402515
    endloop
  endfacet
  facet normal -0.132672 -0.894402 -0.427134
    outer loop
      vertex -27.035993 -135.919117 -57.402515
      vertex -25.808146 -129.746309 -70.709511
      vertex -12.966510 -131.651186 -70.709511
    endloop
  endfacet
  facet normal -0.132672 -0.894402 -0.427134
    outer loop
      vertex -27.035993 -135.919117 -57.402515
      vertex -12.966510 -131.651186 -70.709511
      vertex -13.583404 -137.914620 -57.402515
    endloop
  endfacet
  facet normal -0.044366 -0.903099 -0.427134
    outer loop
      vertex -13.583404 -137.914620 -57.402515
      vertex -12.966510 -131.651186 -70.709511
      vertex -0.000000 -132.288190 -70.709511
    endloop
  endfacet
  facet normal -0.044366 -0.903099 -0.427134
    outer loop
      vertex -13.583404 -137.914620 -57.402515
      vertex -0.000000 -132.288190 -70.709511
      vertex -0.000000 -138.581930 -57.402515
    endloop
  endfacet
  facet normal 0.044366 -0.903099 -0.427134
    outer loop
      vertex -0.000000 -138.581930 -57.402515
      vertex -0.000000 -132.288190 -70.709511
      vertex 12.966510 -131.651186 -70.709511
    endloop
  endfacet
  facet normal 0.044366 -0.903099 -0.427134
    outer loop
      vertex -0.000000 -138.581930 -57.402515
      vertex 12.966510 -131.651186 -70.709511
      vertex 13.583404 -137.914620 -57.402515
    endloop
  endfacet
  facet normal 0.132672 -0.894402 -0.427134
    outer loop
      vertex 13.583404 -137.914620 -57.402515
      vertex 12.966510 -131.651186 -70.709511
      vertex 25.808146 -129.746309 -70.709511
    endloop
  endfacet
  facet normal 0.132672 -0.894402 -0.427134
    outer loop
      vertex 13.583404 -137.914620 -57.402515
      vertex 25.808146 -129.746309 -70.709511
      vertex 27.035993 -135.919117 -57.402515
    endloop
  endfacet
  facet normal 0.219700 -0.877091 -0.427134
    outer loop
      vertex 27.035993 -135.919117 -57.402515
      vertex 25.808146 -129.746309 -70.709511
      vertex 38.401234 -126.591905 -70.709511
    endloop
  endfacet
  facet normal 0.219700 -0.877091 -0.427134
    outer loop
      vertex 27.035993 -135.919117 -57.402515
      vertex 38.401234 -126.591905 -70.709511
      vertex 40.228211 -132.614639 -57.402515
    endloop
  endfacet
  facet normal 0.304612 -0.851333 -0.427134
    outer loop
      vertex 40.228211 -132.614639 -57.402515
      vertex 38.401234 -126.591905 -70.709511
      vertex 50.624498 -122.218351 -70.709511
    endloop
  endfacet
  facet normal 0.304612 -0.851333 -0.427134
    outer loop
      vertex 40.228211 -132.614639 -57.402515
      vertex 50.624498 -122.218351 -70.709511
      vertex 53.033009 -128.033009 -57.402515
    endloop
  endfacet
  facet normal 0.386590 -0.817377 -0.427134
    outer loop
      vertex 53.033009 -128.033009 -57.402515
      vertex 50.624498 -122.218351 -70.709511
      vertex 62.360221 -116.667767 -70.709511
    endloop
  endfacet
  facet normal 0.386590 -0.817377 -0.427134
    outer loop
      vertex 53.033009 -128.033009 -57.402515
      vertex 62.360221 -116.667767 -70.709511
      vertex 65.327070 -122.218351 -57.402515
    endloop
  endfacet
  facet normal 0.464846 -0.775548 -0.427134
    outer loop
      vertex 65.327070 -122.218351 -57.402515
      vertex 62.360221 -116.667767 -70.709511
      vertex 73.495380 -109.993610 -70.709511
    endloop
  endfacet
  facet normal 0.464846 -0.775548 -0.427134
    outer loop
      vertex 65.327070 -122.218351 -57.402515
      vertex 73.495380 -109.993610 -70.709511
      vertex 76.991995 -115.226664 -57.402515
    endloop
  endfacet
  facet normal 0.538624 -0.726251 -0.427134
    outer loop
      vertex 76.991995 -115.226664 -57.402515
      vertex 73.495380 -109.993610 -70.709511
      vertex 83.922739 -102.260153 -70.709511
    endloop
  endfacet
  facet normal 0.538624 -0.726251 -0.427134
    outer loop
      vertex 76.991995 -115.226664 -57.402515
      vertex 83.922739 -102.260153 -70.709511
      vertex 87.915446 -107.125280 -57.402515
    endloop
  endfacet
  facet normal 0.607216 -0.669959 -0.427134
    outer loop
      vertex 87.915446 -107.125280 -57.402515
      vertex 83.922739 -102.260153 -70.709511
      vertex 93.541876 -93.541876 -70.709511
    endloop
  endfacet
  facet normal 0.607216 -0.669959 -0.427134
    outer loop
      vertex 87.915446 -107.125280 -57.402515
      vertex 93.541876 -93.541876 -70.709511
      vertex 97.992222 -97.992222 -57.402515
    endloop
  endfacet
  facet normal 0.669959 -0.607216 -0.427134
    outer loop
      vertex 97.992222 -97.992222 -57.402515
      vertex 93.541876 -93.541876 -70.709511
      vertex 102.260153 -83.922739 -70.709511
    endloop
  endfacet
  facet normal 0.669959 -0.607216 -0.427134
    outer loop
      vertex 97.992222 -97.992222 -57.402515
      vertex 102.260153 -83.922739 -70.709511
      vertex 107.125280 -87.915446 -57.402515
    endloop
  endfacet
  facet normal 0.726251 -0.538624 -0.427134
    outer loop
      vertex 107.125280 -87.915446 -57.402515
      vertex 102.260153 -83.922739 -70.709511
      vertex 109.993610 -73.495380 -70.709511
    endloop
  endfacet
  facet normal 0.726251 -0.538624 -0.427134
    outer loop
      vertex 107.125280 -87.915446 -57.402515
      vertex 109.993610 -73.495380 -70.709511
      vertex 115.226664 -76.991995 -57.402515
    endloop
  endfacet
  facet normal 0.775548 -0.464846 -0.427134
    outer loop
      vertex 115.226664 -76.991995 -57.402515
      vertex 109.993610 -73.495380 -70.709511
      vertex 116.667767 -62.360221 -70.709511
    endloop
  endfacet
  facet normal 0.775548 -0.464846 -0.427134
    outer loop
      vertex 115.226664 -76.991995 -57.402515
      vertex 116.667767 -62.360221 -70.709511
      vertex 122.218351 -65.327070 -57.402515
    endloop
  endfacet
  facet normal 0.817377 -0.386590 -0.427134
    outer loop
      vertex 122.218351 -65.327070 -57.402515
      vertex 116.667767 -62.360221 -70.709511
      vertex 122.218351 -50.624498 -70.709511
    endloop
  endfacet
  facet normal 0.817377 -0.386590 -0.427134
    outer loop
      vertex 122.218351 -65.327070 -57.402515
      vertex 122.218351 -50.624498 -70.709511
      vertex 128.033009 -53.033009 -57.402515
    endloop
  endfacet
  facet normal 0.851333 -0.304612 -0.427134
    outer loop
      vertex 128.033009 -53.033009 -57.402515
      vertex 122.218351 -50.624498 -70.709511
      vertex 126.591905 -38.401234 -70.709511
    endloop
  endfacet
  facet normal 0.851333 -0.304612 -0.427134
    outer loop
      vertex 128.033009 -53.033009 -57.402515
      vertex 126.591905 -38.401234 -70.709511
      vertex 132.614639 -40.228211 -57.402515
    endloop
  endfacet
  facet normal 0.877091 -0.219700 -0.427134
    outer loop
      vertex 132.614639 -40.228211 -57.402515
      vertex 126.591905 -38.401234 -70.709511
      vertex 129.746309 -25.808146 -70.709511
    endloop
  endfacet
  facet normal 0.877091 -0.219700 -0.427134
    outer loop
      vertex 132.614639 -40.228211 -57.402515
      vertex 129.746309 -25.808146 -70.709511
      vertex 135.919117 -27.035993 -57.402515
    endloop
  endfacet
  facet normal 0.894402 -0.132672 -0.427134
    outer loop
      vertex 135.919117 -27.035993 -57.402515
      vertex 129.746309 -25.808146 -70.709511
      vertex 131.651186 -12.966510 -70.709511
    endloop
  endfacet
  facet normal 0.894402 -0.132672 -0.427134
    outer loop
      vertex 135.919117 -27.035993 -57.402515
      vertex 131.651186 -12.966510 -70.709511
      vertex 137.914620 -13.583404 -57.402515
    endloop
  endfacet
  facet normal 0.903099 -0.044366 -0.427134
    outer loop
      vertex 137.914620 -13.583404 -57.402515
      vertex 131.651186 -12.966510 -70.709511
      vertex 132.288190 -0.000000 -70.709511
    endloop
  endfacet
  facet normal 0.903099 -0.044366 -0.427134
    outer loop
      vertex 137.914620 -13.583404 -57.402515
      vertex 132.288190 -0.000000 -70.709511
      vertex 138.581930 -0.000000 -57.402515
    endloop
  endfacet
  facet normal 0.856968 0.042100 -0.513647
    outer loop
      vertex 132.288190 0.000000 -70.709511
      vertex 124.720442 0.000000 -83.335535
      vertex 124.119879 12.224741 -83.335535
    endloop
  endfacet
  facet normal 0.856968 0.042100 -0.513647
    outer loop
      vertex 132.288190 0.000000 -70.709511
      vertex 124.119879 12.224741 -83.335535
      vertex 131.651186 12.966510 -70.709511
    endloop
  endfacet
  facet normal 0.848715 0.125895 -0.513647
    outer loop
      vertex 131.651186 12.966510 -70.709511
      vertex 124.119879 12.224741 -83.335535
      vertex 122.323974 24.331751 -83.335535
    endloop
  endfacet
  facet normal 0.848715 0.125895 -0.513647
    outer loop
      vertex 131.651186 12.966510 -70.709511
      vertex 122.323974 24.331751 -83.335535
      vertex 129.746309 25.808146 -70.709511
    endloop
  endfacet
  facet normal 0.832288 0.208477 -0.513647
    outer loop
      vertex 129.746309 25.808146 -70.709511
      vertex 122.323974 24.331751 -83.335535
      vertex 119.350021 36.204433 -83.335535
    endloop
  endfacet
  facet normal 0.832288 0.208477 -0.513647
    outer loop
      vertex 129.746309 25.808146 -70.709511
      vertex 119.350021 36.204433 -83.335535
      vertex 126.591905 38.401234 -70.709511
    endloop
  endfacet
  facet normal 0.807846 0.289052 -0.513647
    outer loop
      vertex 126.591905 38.401234 -70.709511
      vertex 119.350021 36.204433 -83.335535
      vertex 115.226664 47.728447 -83.335535
    endloop
  endfacet
  facet normal 0.807846 0.289052 -0.513647
    outer loop
      vertex 126.591905 38.401234 -70.709511
      vertex 115.226664 47.728447 -83.335535
      vertex 122.218351 50.624498 -70.709511
    endloop
  endfacet
  facet normal 0.775624 0.366843 -0.513647
    outer loop
      vertex 122.218351 50.624498 -70.709511
      vertex 115.226664 47.728447 -83.335535
      vertex 109.993610 58.792809 -83.335535
    endloop
  endfacet
  facet normal 0.775624 0.366843 -0.513647
    outer loop
      vertex 122.218351 50.624498 -70.709511
      vertex 109.993610 58.792809 -83.335535
      vertex 116.667767 62.360221 -70.709511
    endloop
  endfacet
  facet normal 0.735933 0.441101 -0.513647
    outer loop
      vertex 116.667767 62.360221 -70.709511
      vertex 109.993610 58.792809 -83.335535
      vertex 103.701257 69.290965 -83.335535
    endloop
  endfacet
  facet normal 0.735933 0.441101 -0.513647
    outer loop
      vertex 116.667767 62.360221 -70.709511
      vertex 103.701257 69.290965 -83.335535
      vertex 109.993610 73.495380 -70.709511
    endloop
  endfacet
  facet normal 0.689153 0.511111 -0.513647
    outer loop
      vertex 109.993610 73.495380 -70.709511
      vertex 103.701257 69.290965 -83.335535
      vertex 96.410205 79.121811 -83.335535
    endloop
  endfacet
  facet normal 0.689153 0.511111 -0.513647
    outer loop
      vertex 109.993610 73.495380 -70.709511
      vertex 96.410205 79.121811 -83.335535
      vertex 102.260153 83.922739 -70.709511
    endloop
  endfacet
  facet normal 0.635737 0.576199 -0.513647
    outer loop
      vertex 102.260153 83.922739 -70.709511
      vertex 96.410205 79.121811 -83.335535
      vertex 88.190670 88.190670 -83.335535
    endloop
  endfacet
  facet normal 0.635737 0.576199 -0.513647
    outer loop
      vertex 102.260153 83.922739 -70.709511
      vertex 88.190670 88.190670 -83.335535
      vertex 93.541876 93.541876 -70.709511
    endloop
  endfacet
  facet normal 0.576199 0.635737 -0.513647
    outer loop
      vertex 93.541876 93.541876 -70.709511
      vertex 88.190670 88.190670 -83.335535
      vertex 79.121811 96.410205 -83.335535
    endloop
  endfacet
  facet normal 0.576199 0.635737 -0.513647
    outer loop
      vertex 93.541876 93.541876 -70.709511
      vertex 79.121811 96.410205 -83.335535
      vertex 83.922739 102.260153 -70.709511
    endloop
  endfacet
  facet normal 0.511111 0.689153 -0.513647
    outer loop
      vertex 83.922739 102.260153 -70.709511
      vertex 79.121811 96.410205 -83.335535
      vertex 69.290965 103.701257 -83.335535
    endloop
  endfacet
  facet normal 0.511111 0.689153 -0.513647
    outer loop
      vertex 83.922739 102.260153 -70.709511
      vertex 69.290965 103.701257 -83.335535
      vertex 73.495380 109.993610 -70.709511
    endloop
  endfacet
  facet normal 0.441101 0.735933 -0.513647
    outer loop
      vertex 73.495380 109.993610 -70.709511
      vertex 69.290965 103.701257 -83.335535
      vertex 58.792809 109.993610 -83.335535
    endloop
  endfacet
  facet normal 0.441101 0.735933 -0.513647
    outer loop
      vertex 73.495380 109.993610 -70.709511
      vertex 58.792809 109.993610 -83.335535
      vertex 62.360221 116.667767 -70.709511
    endloop
  endfacet
  facet normal 0.366843 0.775624 -0.513647
    outer loop
      vertex 62.360221 116.667767 -70.709511
      vertex 58.792809 109.993610 -83.335535
      vertex 47.728447 115.226664 -83.335535
    endloop
  endfacet
  facet normal 0.366843 0.775624 -0.513647
    outer loop
      vertex 62.360221 116.667767 -70.709511
      vertex 47.728447 115.226664 -83.335535
      vertex 50.624498 122.218351 -70.709511
    endloop
  endfacet
  facet normal 0.289052 0.807846 -0.513647
    outer loop
      vertex 50.624498 122.218351 -70.709511
      vertex 47.728447 115.226664 -83.335535
      vertex 36.204433 119.350021 -83.335535
    endloop
  endfacet
  facet normal 0.289052 0.807846 -0.513647
    outer loop
      vertex 50.624498 122.218351 -70.709511
      vertex 36.204433 119.350021 -83.335535
      vertex 38.401234 126.591905 -70.709511
    endloop
  endfacet
  facet normal 0.208477 0.832288 -0.513647
    outer loop
      vertex 38.401234 126.591905 -70.709511
      vertex 36.204433 119.350021 -83.335535
      vertex 24.331751 122.323974 -83.335535
    endloop
  endfacet
  facet normal 0.208477 0.832288 -0.513647
    outer loop
      vertex 38.401234 126.591905 -70.709511
      vertex 24.331751 122.323974 -83.335535
      vertex 25.808146 129.746309 -70.709511
    endloop
  endfacet
  facet normal 0.125895 0.848715 -0.513647
    outer loop
      vertex 25.808146 129.746309 -70.709511
      vertex 24.331751 122.323974 -83.335535
      vertex 12.224741 124.119879 -83.335535
    endloop
  endfacet
  facet normal 0.125895 0.848715 -0.513647
    outer loop
      vertex 25.808146 129.746309 -70.709511
      vertex 12.224741 124.119879 -83.335535
      vertex 12.966510 131.651186 -70.709511
    endloop
  endfacet
  facet normal 0.042100 0.856968 -0.513647
    outer loop
      vertex 12.966510 131.651186 -70.709511
      vertex 12.224741 124.119879 -83.335535
      vertex 0.000000 124.720442 -83.335535
    endloop
  endfacet
  facet normal 0.042100 0.856968 -0.513647
    outer loop
      vertex 12.966510 131.651186 -70.709511
      vertex 0.000000 124.720442 -83.335535
      vertex 0.000000 132.288190 -70.709511
    endloop
  endfacet
  facet normal -0.042100 0.856968 -0.513647
    outer loop
      vertex 0.000000 132.288190 -70.709511
      vertex 0.000000 124.720442 -83.335535
      vertex -12.224741 124.119879 -83.335535
    endloop
  endfacet
  facet normal -0.042100 0.856968 -0.513647
    outer loop
      vertex 0.000000 132.288190 -70.709511
      vertex -12.224741 124.119879 -83.335535
      vertex -12.966510 131.651186 -70.709511
    endloop
  endfacet
  facet normal -0.125895 0.848715 -0.513647
    outer loop
      vertex -12.966510 131.651186 -70.709511
      vertex -12.224741 124.119879 -83.335535
      vertex -24.331751 122.323974 -83.335535
    endloop
  endfacet
  facet normal -0.125895 0.848715 -0.513647
    outer loop
      vertex -12.966510 131.651186 -70.709511
      vertex -24.331751 122.323974 -83.335535
      vertex -25.808146 129.746309 -70.709511
    endloop
  endfacet
  facet normal -0.208477 0.832288 -0.513647
    outer loop
      vertex -25.808146 129.746309 -70.709511
      vertex -24.331751 122.323974 -83.335535
      vertex -36.204433 119.350021 -83.335535
    endloop
  endfacet
  facet normal -0.208477 0.832288 -0.513647
    outer loop
      vertex -25.808146 129.746309 -70.709511
      vertex -36.204433 119.350021 -83.335535
      vertex -38.401234 126.591905 -70.709511
    endloop
  endfacet
  facet normal -0.289052 0.807846 -0.513647
    outer loop
      vertex -38.401234 126.591905 -70.709511
      vertex -36.204433 119.350021 -83.335535
      vertex -47.728447 115.226664 -83.335535
    endloop
  endfacet
  facet normal -0.289052 0.807846 -0.513647
    outer loop
      vertex -38.401234 126.591905 -70.709511
      vertex -47.728447 115.226664 -83.335535
      vertex -50.624498 122.218351 -70.709511
    endloop
  endfacet
  facet normal -0.366843 0.775624 -0.513647
    outer loop
      vertex -50.624498 122.218351 -70.709511
      vertex -47.728447 115.226664 -83.335535
      vertex -58.792809 109.993610 -83.335535
    endloop
  endfacet
  facet normal -0.366843 0.775624 -0.513647
    outer loop
      vertex -50.624498 122.218351 -70.709511
      vertex -58.792809 109.993610 -83.335535
      vertex -62.360221 116.667767 -70.709511
    endloop
  endfacet
  facet normal -0.441101 0.735933 -0.513647
    outer loop
      vertex -62.360221 116.667767 -70.709511
      vertex -58.792809 109.993610 -83.335535
      vertex -69.290965 103.701257 -83.335535
    endloop
  endfacet
  facet normal -0.441101 0.735933 -0.513647
    outer loop
      vertex -62.360221 116.667767 -70.709511
      vertex -69.290965 103.701257 -83.335535
      vertex -73.495380 109.993610 -70.709511
    endloop
  endfacet
  facet normal -0.511111 0.689153 -0.513647
    outer loop
      vertex -73.495380 109.993610 -70.709511
      vertex -69.290965 103.701257 -83.335535
      vertex -79.121811 96.410205 -83.335535
    endloop
  endfacet
  facet normal -0.511111 0.689153 -0.513647
    outer loop
      vertex -73.495380 109.993610 -70.709511
      vertex -79.121811 96.410205 -83.335535
      vertex -83.922739 102.260153 -70.709511
    endloop
  endfacet
  facet normal -0.576199 0.635737 -0.513647
    outer loop
      vertex -83.922739 102.260153 -70.709511
      vertex -79.121811 96.410205 -83.335535
      vertex -88.190670 88.190670 -83.335535
    endloop
  endfacet
  facet normal -0.576199 0.635737 -0.513647
    outer loop
      vertex -83.922739 102.260153 -70.709511
      vertex -88.190670 88.190670 -83.335535
      vertex -93.541876 93.541876 -70.709511
    endloop
  endfacet
  facet normal -0.635737 0.576199 -0.513647
    outer loop
      vertex -93.541876 93.541876 -70.709511
      vertex -88.190670 88.190670 -83.335535
      vertex -96.410205 79.121811 -83.335535
    endloop
  endfacet
  facet normal -0.635737 0.576199 -0.513647
    outer loop
      vertex -93.541876 93.541876 -70.709511
      vertex -96.410205 79.121811 -83.335535
      vertex -102.260153 83.922739 -70.709511
    endloop
  endfacet
  facet normal -0.689153 0.511111 -0.513647
    outer loop
      vertex -102.260153 83.922739 -70.709511
      vertex -96.410205 79.121811 -83.335535
      vertex -103.701257 69.290965 -83.335535
    endloop
  endfacet
  facet normal -0.689153 0.511111 -0.513647
    outer loop
      vertex -102.260153 83.922739 -70.709511
      vertex -103.701257 69.290965 -83.335535
      vertex -109.993610 73.495380 -70.709511
    endloop
  endfacet
  facet normal -0.735933 0.441101 -0.513647
    outer loop
      vertex -109.993610 73.495380 -70.709511
      vertex -103.701257 69.290965 -83.335535
      vertex -109.993610 58.792809 -83.335535
    endloop
  endfacet
  facet normal -0.735933 0.441101 -0.513647
    outer loop
      vertex -109.993610 73.495380 -70.709511
      vertex -109.993610 58.792809 -83.335535
      vertex -116.667767 62.360221 -70.709511
    endloop
  endfacet
  facet normal -0.775624 0.366843 -0.513647
    outer loop
      vertex -116.667767 62.360221 -70.709511
      vertex -109.993610 58.792809 -83.335535
      vertex -115.226664 47.728447 -83.335535
    endloop
  endfacet
  facet normal -0.775624 0.366843 -0.513647
    outer loop
      vertex -116.667767 62.360221 -70.709511
      vertex -115.226664 47.728447 -83.335535
      vertex -122.218351 50.624498 -70.709511
    endloop
  endfacet
  facet normal -0.807846 0.289052 -0.513647
    outer loop
      vertex -122.218351 50.624498 -70.709511
      vertex -115.226664 47.728447 -83.335535
      vertex -119.350021 36.204433 -83.335535
    endloop
  endfacet
  facet normal -0.807846 0.289052 -0.513647
    outer loop
      vertex -122.218351 50.624498 -70.709511
      vertex -119.350021 36.204433 -83.335535
      vertex -126.591905 38.401234 -70.709511
    endloop
  endfacet
  facet normal -0.832288 0.208477 -0.513647
    outer loop
      vertex -126.591905 38.401234 -70.709511
      vertex -119.350021 36.204433 -83.335535
      vertex -122.323974 24.331751 -83.335535
    endloop
  endfacet
  facet normal -0.832288 0.208477 -0.513647
    outer loop
      vertex -126.591905 38.401234 -70.709511
      vertex -122.323974 24.331751 -83.335535
      vertex -129.746309 25.808146 -70.709511
    endloop
  endfacet
  facet normal -0.848715 0.125895 -0.513647
    outer loop
      vertex -129.746309 25.808146 -70.709511
      vertex -122.323974 24.331751 -83.335535
      vertex -124.119879 12.224741 -83.335535
    endloop
  endfacet
  facet normal -0.848715 0.125895 -0.513647
    outer loop
      vertex -129.746309 25.808146 -70.709511
      vertex -124.119879 12.224741 -83.335535
      vertex -131.651186 12.966510 -70.709511
    endloop
  endfacet
  facet normal -0.856968 0.042100 -0.513647
    outer loop
      vertex -131.651186 12.966510 -70.709511
      vertex -124.119879 12.224741 -83.335535
      vertex -124.720442 0.000000 -83.335535
    endloop
  endfacet
  facet normal -0.856968 0.042100 -0.513647
    outer loop
      vertex -131.651186 12.966510 -70.709511
      vertex -124.720442 0.000000 -83.335535
      vertex -132.288190 0.000000 -70.709511
    endloop
  endfacet
  facet normal -0.856968 -0.042100 -0.513647
    outer loop
      vertex -132.288190 0.000000 -70.709511
      vertex -124.720442 0.000000 -83.335535
      vertex -124.119879 -12.224741 -83.335535
    endloop
  endfacet
  facet normal -0.856968 -0.042100 -0.513647
    outer loop
      vertex -132.288190 0.000000 -70.709511
      vertex -124.119879 -12.224741 -83.335535
      vertex -131.651186 -12.966510 -70.709511
    endloop
  endfacet
  facet normal -0.848715 -0.125895 -0.513647
    outer loop
      vertex -131.651186 -12.966510 -70.709511
      vertex -124.119879 -12.224741 -83.335535
      vertex -122.323974 -24.331751 -83.335535
    endloop
  endfacet
  facet normal -0.848715 -0.125895 -0.513647
    outer loop
      vertex -131.651186 -12.966510 -70.709511
      vertex -122.323974 -24.331751 -83.335535
      vertex -129.746309 -25.808146 -70.709511
    endloop
  endfacet
  facet normal -0.832288 -0.208477 -0.513647
    outer loop
      vertex -129.746309 -25.808146 -70.709511
      vertex -122.323974 -24.331751 -83.335535
      vertex -119.350021 -36.204433 -83.335535
    endloop
  endfacet
  facet normal -0.832288 -0.208477 -0.513647
    outer loop
      vertex -129.746309 -25.808146 -70.709511
      vertex -119.350021 -36.204433 -83.335535
      vertex -126.591905 -38.401234 -70.709511
    endloop
  endfacet
  facet normal -0.807846 -0.289052 -0.513647
    outer loop
      vertex -126.591905 -38.401234 -70.709511
      vertex -119.350021 -36.204433 -83.335535
      vertex -115.226664 -47.728447 -83.335535
    endloop
  endfacet
  facet normal -0.807846 -0.289052 -0.513647
    outer loop
      vertex -126.591905 -38.401234 -70.709511
      vertex -115.226664 -47.728447 -83.335535
      vertex -122.218351 -50.624498 -70.709511
    endloop
  endfacet
  facet normal -0.775624 -0.366843 -0.513647
    outer loop
      vertex -122.218351 -50.624498 -70.709511
      vertex -115.226664 -47.728447 -83.335535
      vertex -109.993610 -58.792809 -83.335535
    endloop
  endfacet
  facet normal -0.775624 -0.366843 -0.513647
    outer loop
      vertex -122.218351 -50.624498 -70.709511
      vertex -109.993610 -58.792809 -83.335535
      vertex -116.667767 -62.360221 -70.709511
    endloop
  endfacet
  facet normal -0.735933 -0.441101 -0.513647
    outer loop
      vertex -116.667767 -62.360221 -70.709511
      vertex -109.993610 -58.792809 -83.335535
      vertex -103.701257 -69.290965 -83.335535
    endloop
  endfacet
  facet normal -0.735933 -0.441101 -0.513647
    outer loop
      vertex -116.667767 -62.360221 -70.709511
      vertex -103.701257 -69.290965 -83.335535
      vertex -109.993610 -73.495380 -70.709511
    endloop
  endfacet
  facet normal -0.689153 -0.511111 -0.513647
    outer loop
      vertex -109.993610 -73.495380 -70.709511
      vertex -103.701257 -69.290965 -83.335535
      vertex -96.410205 -79.121811 -83.335535
    endloop
  endfacet
  facet normal -0.689153 -0.511111 -0.513647
    outer loop
      vertex -109.993610 -73.495380 -70.709511
      vertex -96.410205 -79.121811 -83.335535
      vertex -102.260153 -83.922739 -70.709511
    endloop
  endfacet
  facet normal -0.635737 -0.576199 -0.513647
    outer loop
      vertex -102.260153 -83.922739 -70.709511
      vertex -96.410205 -79.121811 -83.335535
      vertex -88.190670 -88.190670 -83.335535
    endloop
  endfacet
  facet normal -0.635737 -0.576199 -0.513647
    outer loop
      vertex -102.260153 -83.922739 -70.709511
      vertex -88.190670 -88.190670 -83.335535
      vertex -93.541876 -93.541876 -70.709511
    endloop
  endfacet
  facet normal -0.576199 -0.635737 -0.513647
    outer loop
      vertex -93.541876 -93.541876 -70.709511
      vertex -88.190670 -88.190670 -83.335535
      vertex -79.121811 -96.410205 -83.335535
    endloop
  endfacet
  facet normal -0.576199 -0.635737 -0.513647
    outer loop
      vertex -93.541876 -93.541876 -70.709511
      vertex -79.121811 -96.410205 -83.335535
      vertex -83.922739 -102.260153 -70.709511
    endloop
  endfacet
  facet normal -0.511111 -0.689153 -0.513647
    outer loop
      vertex -83.922739 -102.260153 -70.709511
      vertex -79.121811 -96.410205 -83.335535
      vertex -69.290965 -103.701257 -83.335535
    endloop
  endfacet
  facet normal -0.511111 -0.689153 -0.513647
    outer loop
      vertex -83.922739 -102.260153 -70.709511
      vertex -69.290965 -103.701257 -83.335535
      vertex -73.495380 -109.993610 -70.709511
    endloop
  endfacet
  facet normal -0.441101 -0.735933 -0.513647
    outer loop
      vertex -73.495380 -109.993610 -70.709511
      vertex -69.290965 -103.701257 -83.335535
      vertex -58.792809 -109.993610 -83.335535
    endloop
  endfacet
  facet normal -0.441101 -0.735933 -0.513647
    outer loop
      vertex -73.495380 -109.993610 -70.709511
      vertex -58.792809 -109.993610 -83.335535
      vertex -62.360221 -116.667767 -70.709511
    endloop
  endfacet
  facet normal -0.366843 -0.775624 -0.513647
    outer loop
      vertex -62.360221 -116.667767 -70.709511
      vertex -58.792809 -109.993610 -83.335535
      vertex -47.728447 -115.226664 -83.335535
    endloop
  endfacet
  facet normal -0.366843 -0.775624 -0.513647
    outer loop
      vertex -62.360221 -116.667767 -70.709511
      vertex -47.728447 -115.226664 -83.335535
      vertex -50.624498 -122.218351 -70.709511
    endloop
  endfacet
  facet normal -0.289052 -0.807846 -0.513647
    outer loop
      vertex -50.624498 -122.218351 -70.709511
      vertex -47.728447 -115.226664 -83.335535
      vertex -36.204433 -119.350021 -83.335535
    endloop
  endfacet
  facet normal -0.289052 -0.807846 -0.513647
    outer loop
      vertex -50.624498 -122.218351 -70.709511
      vertex -36.204433 -119.350021 -83.335535
      vertex -38.401234 -126.591905 -70.709511
    endloop
  endfacet
  facet normal -0.208477 -0.832288 -0.513647
    outer loop
      vertex -38.401234 -126.591905 -70.709511
      vertex -36.204433 -119.350021 -83.335535
      vertex -24.331751 -122.323974 -83.335535
    endloop
  endfacet
  facet normal -0.208477 -0.832288 -0.513647
    outer loop
      vertex -38.401234 -126.591905 -70.709511
      vertex -24.331751 -122.323974 -83.335535
      vertex -25.808146 -129.746309 -70.709511
    endloop
  endfacet
  facet normal -0.125895 -0.848715 -0.513647
    outer loop
      vertex -25.808146 -129.746309 -70.709511
      vertex -24.331751 -122.323974 -83.335535
      vertex -12.224741 -124.119879 -83.335535
    endloop
  endfacet
  facet normal -0.125895 -0.848715 -0.513647
    outer loop
      vertex -25.808146 -129.746309 -70.709511
      vertex -12.224741 -124.119879 -83.335535
      vertex -12.966510 -131.651186 -70.709511
    endloop
  endfacet
  facet normal -0.042100 -0.856968 -0.513647
    outer loop
      vertex -12.966510 -131.651186 -70.709511
      vertex -12.224741 -124.119879 -83.335535
      vertex -0.000000 -124.720442 -83.335535
    endloop
  endfacet
  facet normal -0.042100 -0.856968 -0.513647
    outer loop
      vertex -12.966510 -131.651186 -70.709511
      vertex -0.000000 -124.720442 -83.335535
      vertex -0.000000 -132.288190 -70.709511
    endloop
  endfacet
  facet normal 0.042100 -0.856968 -0.513647
    outer loop
      vertex -0.000000 -132.288190 -70.709511
      vertex -0.000000 -124.720442 -83.335535
      vertex 12.224741 -124.119879 -83.335535
    endloop
  endfacet
  facet normal 0.042100 -0.856968 -0.513647
    outer loop
      vertex -0.000000 -132.288190 -70.709511
      vertex 12.224741 -124.119879 -83.335535
      vertex 12.966510 -131.651186 -70.709511
    endloop
  endfacet
  facet normal 0.125895 -0.848715 -0.513647
    outer loop
      vertex 12.966510 -131.651186 -70.709511
      vertex 12.224741 -124.119879 -83.335535
      vertex 24.331751 -122.323974 -83.335535
    endloop
  endfacet
  facet normal 0.125895 -0.848715 -0.513647
    outer loop
      vertex 12.966510 -131.651186 -70.709511
      vertex 24.331751 -122.323974 -83.335535
      vertex 25.808146 -129.746309 -70.709511
    endloop
  endfacet
  facet normal 0.208477 -0.832288 -0.513647
    outer loop
      vertex 25.808146 -129.746309 -70.709511
      vertex 24.331751 -122.323974 -83.335535
      vertex 36.204433 -119.350021 -83.335535
    endloop
  endfacet
  facet normal 0.208477 -0.832288 -0.513647
    outer loop
      vertex 25.808146 -129.746309 -70.709511
      vertex 36.204433 -119.350021 -83.335535
      vertex 38.401234 -126.591905 -70.709511
    endloop
  endfacet
  facet normal 0.289052 -0.807846 -0.513647
    outer loop
      vertex 38.401234 -126.591905 -70.709511
      vertex 36.204433 -119.350021 -83.335535
      vertex 47.728447 -115.226664 -83.335535
    endloop
  endfacet
  facet normal 0.289052 -0.807846 -0.513647
    outer loop
      vertex 38.401234 -126.591905 -70.709511
      vertex 47.728447 -115.226664 -83.335535
      vertex 50.624498 -122.218351 -70.709511
    endloop
  endfacet
  facet normal 0.366843 -0.775624 -0.513647
    outer loop
      vertex 50.624498 -122.218351 -70.709511
      vertex 47.728447 -115.226664 -83.335535
      vertex 58.792809 -109.993610 -83.335535
    endloop
  endfacet
  facet normal 0.366843 -0.775624 -0.513647
    outer loop
      vertex 50.624498 -122.218351 -70.709511
      vertex 58.792809 -109.993610 -83.335535
      vertex 62.360221 -116.667767 -70.709511
    endloop
  endfacet
  facet normal 0.441101 -0.735933 -0.513647
    outer loop
      vertex 62.360221 -116.667767 -70.709511
      vertex 58.792809 -109.993610 -83.335535
      vertex 69.290965 -103.701257 -83.335535
    endloop
  endfacet
  facet normal 0.441101 -0.735933 -0.513647
    outer loop
      vertex 62.360221 -116.667767 -70.709511
      vertex 69.290965 -103.701257 -83.335535
      vertex 73.495380 -109.993610 -70.709511
    endloop
  endfacet
  facet normal 0.511111 -0.689153 -0.513647
    outer loop
      vertex 73.495380 -109.993610 -70.709511
      vertex 69.290965 -103.701257 -83.335535
      vertex 79.121811 -96.410205 -83.335535
    endloop
  endfacet
  facet normal 0.511111 -0.689153 -0.513647
    outer loop
      vertex 73.495380 -109.993610 -70.709511
      vertex 79.121811 -96.410205 -83.335535
      vertex 83.922739 -102.260153 -70.709511
    endloop
  endfacet
  facet normal 0.576199 -0.635737 -0.513647
    outer loop
      vertex 83.922739 -102.260153 -70.709511
      vertex 79.121811 -96.410205 -83.335535
      vertex 88.190670 -88.190670 -83.335535
    endloop
  endfacet
  facet normal 0.576199 -0.635737 -0.513647
    outer loop
      vertex 83.922739 -102.260153 -70.709511
      vertex 88.190670 -88.190670 -83.335535
      vertex 93.541876 -93.541876 -70.709511
    endloop
  endfacet
  facet normal 0.635737 -0.576199 -0.513647
    outer loop
      vertex 93.541876 -93.541876 -70.709511
      vertex 88.190670 -88.190670 -83.335535
      vertex 96.410205 -79.121811 -83.335535
    endloop
  endfacet
  facet normal 0.635737 -0.576199 -0.513647
    outer loop
      vertex 93.541876 -93.541876 -70.709511
      vertex 96.410205 -79.121811 -83.335535
      vertex 102.260153 -83.922739 -70.709511
    endloop
  endfacet
  facet normal 0.689153 -0.511111 -0.513647
    outer loop
      vertex 102.260153 -83.922739 -70.709511
      vertex 96.410205 -79.121811 -83.335535
      vertex 103.701257 -69.290965 -83.335535
    endloop
  endfacet
  facet normal 0.689153 -0.511111 -0.513647
    outer loop
      vertex 102.260153 -83.922739 -70.709511
      vertex 103.701257 -69.290965 -83.335535
      vertex 109.993610 -73.495380 -70.709511
    endloop
  endfacet
  facet normal 0.735933 -0.441101 -0.513647
    outer loop
      vertex 109.993610 -73.495380 -70.709511
      vertex 103.701257 -69.290965 -83.335535
      vertex 109.993610 -58.792809 -83.335535
    endloop
  endfacet
  facet normal 0.735933 -0.441101 -0.513647
    outer loop
      vertex 109.993610 -73.495380 -70.709511
      vertex 109.993610 -58.792809 -83.335535
      vertex 116.667767 -62.360221 -70.709511
    endloop
  endfacet
  facet normal 0.775624 -0.366843 -0.513647
    outer loop
      vertex 116.667767 -62.360221 -70.709511
      vertex 109.993610 -58.792809 -83.335535
      vertex 115.226664 -47.728447 -83.335535
    endloop
  endfacet
  facet normal 0.775624 -0.366843 -0.513647
    outer loop
      vertex 116.667767 -62.360221 -70.709511
      vertex 115.226664 -47.728447 -83.335535
      vertex 122.218351 -50.624498 -70.709511
    endloop
  endfacet
  facet normal 0.807846 -0.289052 -0.513647
    outer loop
      vertex 122.218351 -50.624498 -70.709511
      vertex 115.226664 -47.728447 -83.335535
      vertex 119.350021 -36.204433 -83.335535
    endloop
  endfacet
  facet normal 0.807846 -0.289052 -0.513647
    outer loop
      vertex 122.218351 -50.624498 -70.709511
      vertex 119.350021 -36.204433 -83.335535
      vertex 126.591905 -38.401234 -70.709511
    endloop
  endfacet
  facet normal 0.832288 -0.208477 -0.513647
    outer loop
      vertex 126.591905 -38.401234 -70.709511
      vertex 119.350021 -36.204433 -83.335535
      vertex 122.323974 -24.331751 -83.335535
    endloop
  endfacet
  facet normal 0.832288 -0.208477 -0.513647
    outer loop
      vertex 126.591905 -38.401234 -70.709511
      vertex 122.323974 -24.331751 -83.335535
      vertex 129.746309 -25.808146 -70.709511
    endloop
  endfacet
  facet normal 0.848715 -0.125895 -0.513647
    outer loop
      vertex 129.746309 -25.808146 -70.709511
      vertex 122.323974 -24.331751 -83.335535
      vertex 124.119879 -12.224741 -83.335535
    endloop
  endfacet
  facet normal 0.848715 -0.125895 -0.513647
    outer loop
      vertex 129.746309 -25.808146 -70.709511
      vertex 124.119879 -12.224741 -83.335535
      vertex 131.651186 -12.966510 -70.709511
    endloop
  endfacet
  facet normal 0.856968 -0.042100 -0.513647
    outer loop
      vertex 131.651186 -12.966510 -70.709511
      vertex 124.119879 -12.224741 -83.335535
      vertex 124.720442 -0.000000 -83.335535
    endloop
  endfacet
  facet normal 0.856968 -0.042100 -0.513647
    outer loop
      vertex 131.651186 -12.966510 -70.709511
      vertex 124.720442 -0.000000 -83.335535
      vertex 132.288190 -0.000000 -70.709511
    endloop
  endfacet
  facet normal 0.802583 0.039428 -0.595236
    outer loop
      vertex 124.720442 0.000000 -83.335535
      vertex 115.951568 0.000000 -95.158993
      vertex 115.393230 11.365241 -95.158993
    endloop
  endfacet
  facet normal 0.802583 0.039428 -0.595236
    outer loop
      vertex 124.720442 0.000000 -83.335535
      vertex 115.393230 11.365241 -95.158993
      vertex 124.119879 12.224741 -83.335535
    endloop
  endfacet
  facet normal 0.794854 0.117905 -0.595236
    outer loop
      vertex 124.119879 12.224741 -83.335535
      vertex 115.393230 11.365241 -95.158993
      vertex 113.723591 22.621029 -95.158993
    endloop
  endfacet
  facet normal 0.794854 0.117905 -0.595236
    outer loop
      vertex 124.119879 12.224741 -83.335535
      vertex 113.723591 22.621029 -95.158993
      vertex 122.323974 24.331751 -83.335535
    endloop
  endfacet
  facet normal 0.779469 0.195247 -0.595236
    outer loop
      vertex 122.323974 24.331751 -83.335535
      vertex 113.723591 22.621029 -95.158993
      vertex 110.958732 33.658963 -95.158993
    endloop
  endfacet
  facet normal 0.779469 0.195247 -0.595236
    outer loop
      vertex 122.323974 24.331751 -83.335535
      vertex 110.958732 33.658963 -95.158993
      vertex 119.350021 36.204433 -83.335535
    endloop
  endfacet
  facet normal 0.756579 0.270708 -0.595236
    outer loop
      vertex 119.350021 36.204433 -83.335535
      vertex 110.958732 33.658963 -95.158993
      vertex 107.125280 44.372744 -95.158993
    endloop
  endfacet
  facet normal 0.756579 0.270708 -0.595236
    outer loop
      vertex 119.350021 36.204433 -83.335535
      vertex 107.125280 44.372744 -95.158993
      vertex 115.226664 47.728447 -83.335535
    endloop
  endfacet
  facet normal 0.726401 0.343562 -0.595236
    outer loop
      vertex 115.226664 47.728447 -83.335535
      vertex 107.125280 44.372744 -95.158993
      vertex 102.260153 54.659191 -95.158993
    endloop
  endfacet
  facet normal 0.726401 0.343562 -0.595236
    outer loop
      vertex 115.226664 47.728447 -83.335535
      vertex 102.260153 54.659191 -95.158993
      vertex 109.993610 58.792809 -83.335535
    endloop
  endfacet
  facet normal 0.689229 0.413108 -0.595236
    outer loop
      vertex 109.993610 58.792809 -83.335535
      vertex 102.260153 54.659191 -95.158993
      vertex 96.410205 64.419240 -95.158993
    endloop
  endfacet
  facet normal 0.689229 0.413108 -0.595236
    outer loop
      vertex 109.993610 58.792809 -83.335535
      vertex 96.410205 64.419240 -95.158993
      vertex 103.701257 69.290965 -83.335535
    endloop
  endfacet
  facet normal 0.645418 0.478675 -0.595236
    outer loop
      vertex 103.701257 69.290965 -83.335535
      vertex 96.410205 64.419240 -95.158993
      vertex 89.631774 73.558896 -95.158993
    endloop
  endfacet
  facet normal 0.645418 0.478675 -0.595236
    outer loop
      vertex 103.701257 69.290965 -83.335535
      vertex 89.631774 73.558896 -95.158993
      vertex 96.410205 79.121811 -83.335535
    endloop
  endfacet
  facet normal 0.595392 0.539632 -0.595236
    outer loop
      vertex 96.410205 79.121811 -83.335535
      vertex 89.631774 73.558896 -95.158993
      vertex 81.990140 81.990140 -95.158993
    endloop
  endfacet
  facet normal 0.595392 0.539632 -0.595236
    outer loop
      vertex 96.410205 79.121811 -83.335535
      vertex 81.990140 81.990140 -95.158993
      vertex 88.190670 88.190670 -83.335535
    endloop
  endfacet
  facet normal 0.539632 0.595392 -0.595236
    outer loop
      vertex 88.190670 88.190670 -83.335535
      vertex 81.990140 81.990140 -95.158993
      vertex 73.558896 89.631774 -95.158993
    endloop
  endfacet
  facet normal 0.539632 0.595392 -0.595236
    outer loop
      vertex 88.190670 88.190670 -83.335535
      vertex 73.558896 89.631774 -95.158993
      vertex 79.121811 96.410205 -83.335535
    endloop
  endfacet
  facet normal 0.478675 0.645418 -0.595236
    outer loop
      vertex 79.121811 96.410205 -83.335535
      vertex 73.558896 89.631774 -95.158993
      vertex 64.419240 96.410205 -95.158993
    endloop
  endfacet
  facet normal 0.478675 0.645418 -0.595236
    outer loop
      vertex 79.121811 96.410205 -83.335535
      vertex 64.419240 96.410205 -95.158993
      vertex 69.290965 103.701257 -83.335535
    endloop
  endfacet
  facet normal 0.413108 0.689229 -0.595236
    outer loop
      vertex 69.290965 103.701257 -83.335535
      vertex 64.419240 96.410205 -95.158993
      vertex 54.659191 102.260153 -95.158993
    endloop
  endfacet
  facet normal 0.413108 0.689229 -0.595236
    outer loop
      vertex 69.290965 103.701257 -83.335535
      vertex 54.659191 102.260153 -95.158993
      vertex 58.792809 109.993610 -83.335535
    endloop
  endfacet
  facet normal 0.343562 0.726401 -0.595236
    outer loop
      vertex 58.792809 109.993610 -83.335535
      vertex 54.659191 102.260153 -95.158993
      vertex 44.372744 107.125280 -95.158993
    endloop
  endfacet
  facet normal 0.343562 0.726401 -0.595236
    outer loop
      vertex 58.792809 109.993610 -83.335535
      vertex 44.372744 107.125280 -95.158993
      vertex 47.728447 115.226664 -83.335535
    endloop
  endfacet
  facet normal 0.270708 0.756579 -0.595236
    outer loop
      vertex 47.728447 115.226664 -83.335535
      vertex 44.372744 107.125280 -95.158993
      vertex 33.658963 110.958732 -95.158993
    endloop
  endfacet
  facet normal 0.270708 0.756579 -0.595236
    outer loop
      vertex 47.728447 115.226664 -83.335535
      vertex 33.658963 110.958732 -95.158993
      vertex 36.204433 119.350021 -83.335535
    endloop
  endfacet
  facet normal 0.195247 0.779469 -0.595236
    outer loop
      vertex 36.204433 119.350021 -83.335535
      vertex 33.658963 110.958732 -95.158993
      vertex 22.621029 113.723591 -95.158993
    endloop
  endfacet
  facet normal 0.195247 0.779469 -0.595236
    outer loop
      vertex 36.204433 119.350021 -83.335535
      vertex 22.621029 113.723591 -95.158993
      vertex 24.331751 122.323974 -83.335535
    endloop
  endfacet
  facet normal 0.117905 0.794854 -0.595236
    outer loop
      vertex 24.331751 122.323974 -83.335535
      vertex 22.621029 113.723591 -95.158993
      vertex 11.365241 115.393230 -95.158993
    endloop
  endfacet
  facet normal 0.117905 0.794854 -0.595236
    outer loop
      vertex 24.331751 122.323974 -83.335535
      vertex 11.365241 115.393230 -95.158993
      vertex 12.224741 124.119879 -83.335535
    endloop
  endfacet
  facet normal 0.039428 0.802583 -0.595236
    outer loop
      vertex 12.224741 124.119879 -83.335535
      vertex 11.365241 115.393230 -95.158993
      vertex 0.000000 115.951568 -95.158993
    endloop
  endfacet
  facet normal 0.039428 0.802583 -0.595236
    outer loop
      vertex 12.224741 124.119879 -83.335535
      vertex 0.000000 115.951568 -95.158993
      vertex 0.000000 124.720442 -83.335535
    endloop
  endfacet
  facet normal -0.039428 0.802583 -0.595236
    outer loop
      vertex 0.000000 124.720442 -83.335535
      vertex 0.000000 115.951568 -95.158993
      vertex -11.365241 115.393230 -95.158993
    endloop
  endfacet
  facet normal -0.039428 0.802583 -0.595236
    outer loop
      vertex 0.000000 124.720442 -83.335535
      vertex -11.365241 115.393230 -95.158993
      vertex -12.224741 124.119879 -83.335535
    endloop
  endfacet
  facet normal -0.117905 0.794854 -0.595236
    outer loop
      vertex -12.224741 124.119879 -83.335535
      vertex -11.365241 115.393230 -95.158993
      vertex -22.621029 113.723591 -95.158993
    endloop
  endfacet
  facet normal -0.117905 0.794854 -0.595236
    outer loop
      vertex -12.224741 124.119879 -83.335535
      vertex -22.621029 113.723591 -95.158993
      vertex -24.331751 122.323974 -83.335535
    endloop
  endfacet
  facet normal -0.195247 0.779469 -0.595236
    outer loop
      vertex -24.331751 122.323974 -83.335535
      vertex -22.621029 113.723591 -95.158993
      vertex -33.658963 110.958732 -95.158993
    endloop
  endfacet
  facet normal -0.195247 0.779469 -0.595236
    outer loop
      vertex -24.331751 122.323974 -83.335535
      vertex -33.658963 110.958732 -95.158993
      vertex -36.204433 119.350021 -83.335535
    endloop
  endfacet
  facet normal -0.270708 0.756579 -0.595236
    outer loop
      vertex -36.204433 119.350021 -83.335535
      vertex -33.658963 110.958732 -95.158993
      vertex -44.372744 107.125280 -95.158993
    endloop
  endfacet
  facet normal -0.270708 0.756579 -0.595236
    outer loop
      vertex -36.204433 119.350021 -83.335535
      vertex -44.372744 107.125280 -95.158993
      vertex -47.728447 115.226664 -83.335535
    endloop
  endfacet
  facet normal -0.343562 0.726401 -0.595236
    outer loop
      vertex -47.728447 115.226664 -83.335535
      vertex -44.372744 107.125280 -95.158993
      vertex -54.659191 102.260153 -95.158993
    endloop
  endfacet
  facet normal -0.343562 0.726401 -0.595236
    outer loop
      vertex -47.728447 115.226664 -83.335535
      vertex -54.659191 102.260153 -95.158993
      vertex -58.792809 109.993610 -83.335535
    endloop
  endfacet
  facet normal -0.413108 0.689229 -0.595236
    outer loop
      vertex -58.792809 109.993610 -83.335535
      vertex -54.659191 102.260153 -95.158993
      vertex -64.419240 96.410205 -95.158993
    endloop
  endfacet
  facet normal -0.413108 0.689229 -0.595236
    outer loop
      vertex -58.792809 109.993610 -83.335535
      vertex -64.419240 96.410205 -95.158993
      vertex -69.290965 103.701257 -83.335535
    endloop
  endfacet
  facet normal -0.478675 0.645418 -0.595236
    outer loop
      vertex -69.290965 103.701257 -83.335535
      vertex -64.419240 96.410205 -95.158993
      vertex -73.558896 89.631774 -95.158993
    endloop
  endfacet
  facet normal -0.478675 0.645418 -0.595236
    outer loop
      vertex -69.290965 103.701257 -83.335535
      vertex -73.558896 89.631774 -95.158993
      vertex -79.121811 96.410205 -83.335535
    endloop
  endfacet
  facet normal -0.539632 0.595392 -0.595236
    outer loop
      vertex -79.121811 96.410205 -83.335535
      vertex -73.558896 89.631774 -95.158993
      vertex -81.990140 81.990140 -95.158993
    endloop
  endfacet
  facet normal -0.539632 0.595392 -0.595236
    outer loop
      vertex -79.121811 96.410205 -83.335535
      vertex -81.990140 81.990140 -95.158993
      vertex -88.190670 88.190670 -83.335535
    endloop
  endfacet
  facet normal -0.595392 0.539632 -0.595236
    outer loop
      vertex -88.190670 88.190670 -83.335535
      vertex -81.990140 81.990140 -95.158993
      vertex -89.631774 73.558896 -95.158993
    endloop
  endfacet
  facet normal -0.595392 0.539632 -0.595236
    outer loop
      vertex -88.190670 88.190670 -83.335535
      vertex -89.631774 73.558896 -95.158993
      vertex -96.410205 79.121811 -83.335535
    endloop
  endfacet
  facet normal -0.645418 0.478675 -0.595236
    outer loop
      vertex -96.410205 79.121811 -83.335535
      vertex -89.631774 73.558896 -95.158993
      vertex -96.410205 64.419240 -95.158993
    endloop
  endfacet
  facet normal -0.645418 0.478675 -0.595236
    outer loop
      vertex -96.410205 79.121811 -83.335535
      vertex -96.410205 64.419240 -95.158993
      vertex -103.701257 69.290965 -83.335535
    endloop
  endfacet
  facet normal -0.689229 0.413108 -0.595236
    outer loop
      vertex -103.701257 69.290965 -83.335535
      vertex -96.410205 64.419240 -95.158993
      vertex -102.260153 54.659191 -95.158993
    endloop
  endfacet
  facet normal -0.689229 0.413108 -0.595236
    outer loop
      vertex -103.701257 69.290965 -83.335535
      vertex -102.260153 54.659191 -95.158993
      vertex -109.993610 58.792809 -83.335535
    endloop
  endfacet
  facet normal -0.726401 0.343562 -0.595236
    outer loop
      vertex -109.993610 58.792809 -83.335535
      vertex -102.260153 54.659191 -95.158993
      vertex -107.125280 44.372744 -95.158993
    endloop
  endfacet
  facet normal -0.726401 0.343562 -0.595236
    outer loop
      vertex -109.993610 58.792809 -83.335535
      vertex -107.125280 44.372744 -95.158993
      vertex -115.226664 47.728447 -83.335535
    endloop
  endfacet
  facet normal -0.756579 0.270708 -0.595236
    outer loop
      vertex -115.226664 47.728447 -83.335535
      vertex -107.125280 44.372744 -95.158993
      vertex -110.958732 33.658963 -95.158993
    endloop
  endfacet
  facet normal -0.756579 0.270708 -0.595236
    outer loop
      vertex -115.226664 47.728447 -83.335535
      vertex -110.958732 33.658963 -95.158993
      vertex -119.350021 36.204433 -83.335535
    endloop
  endfacet
  facet normal -0.779469 0.195247 -0.595236
    outer loop
      vertex -119.350021 36.204433 -83.335535
      vertex -110.958732 33.658963 -95.158993
      vertex -113.723591 22.621029 -95.158993
    endloop
  endfacet
  facet normal -0.779469 0.195247 -0.595236
    outer loop
      vertex -119.350021 36.204433 -83.335535
      vertex -113.723591 22.621029 -95.158993
      vertex -122.323974 24.331751 -83.335535
    endloop
  endfacet
  facet normal -0.794854 0.117905 -0.595236
    outer loop
      vertex -122.323974 24.331751 -83.335535
      vertex -113.723591 22.621029 -95.158993
      vertex -115.393230 11.365241 -95.158993
    endloop
  endfacet
  facet normal -0.794854 0.117905 -0.595236
    outer loop
      vertex -122.323974 24.331751 -83.335535
      vertex -115.393230 11.365241 -95.158993
      vertex -124.119879 12.224741 -83.335535
    endloop
  endfacet
  facet normal -0.802583 0.039428 -0.595236
    outer loop
      vertex -124.119879 12.224741 -83.335535
      vertex -115.393230 11.365241 -95.158993
      vertex -115.951568 0.000000 -95.158993
    endloop
  endfacet
  facet normal -0.802583 0.039428 -0.595236
    outer loop
      vertex -124.119879 12.224741 -83.335535
      vertex -115.951568 0.000000 -95.158993
      vertex -124.720442 0.000000 -83.335535
    endloop
  endfacet
  facet normal -0.802583 -0.039428 -0.595236
    outer loop
      vertex -124.720442 0.000000 -83.335535
      vertex -115.951568 0.000000 -95.158993
      vertex -115.393230 -11.365241 -95.158993
    endloop
  endfacet
  facet normal -0.802583 -0.039428 -0.595236
    outer loop
      vertex -124.720442 0.000000 -83.335535
      vertex -115.393230 -11.365241 -95.158993
      vertex -124.119879 -12.224741 -83.335535
    endloop
  endfacet
  facet normal -0.794854 -0.117905 -0.595236
    outer loop
      vertex -124.119879 -12.224741 -83.335535
      vertex -115.393230 -11.365241 -95.158993
      vertex -113.723591 -22.621029 -95.158993
    endloop
  endfacet
  facet normal -0.794854 -0.117905 -0.595236
    outer loop
      vertex -124.119879 -12.224741 -83.335535
      vertex -113.723591 -22.621029 -95.158993
      vertex -122.323974 -24.331751 -83.335535
    endloop
  endfacet
  facet normal -0.779469 -0.195247 -0.595236
    outer loop
      vertex -122.323974 -24.331751 -83.335535
      vertex -113.723591 -22.621029 -95.158993
      vertex -110.958732 -33.658963 -95.158993
    endloop
  endfacet
  facet normal -0.779469 -0.195247 -0.595236
    outer loop
      vertex -122.323974 -24.331751 -83.335535
      vertex -110.958732 -33.658963 -95.158993
      vertex -119.350021 -36.204433 -83.335535
    endloop
  endfacet
  facet normal -0.756579 -0.270708 -0.595236
    outer loop
      vertex -119.350021 -36.204433 -83.335535
      vertex -110.958732 -33.658963 -95.158993
      vertex -107.125280 -44.372744 -95.158993
    endloop
  endfacet
  facet normal -0.756579 -0.270708 -0.595236
    outer loop
      vertex -119.350021 -36.204433 -83.335535
      vertex -107.125280 -44.372744 -95.158993
      vertex -115.226664 -47.728447 -83.335535
    endloop
  endfacet
  facet normal -0.726401 -0.343562 -0.595236
    outer loop
      vertex -115.226664 -47.728447 -83.335535
      vertex -107.125280 -44.372744 -95.158993
      vertex -102.260153 -54.659191 -95.158993
    endloop
  endfacet
  facet normal -0.726401 -0.343562 -0.595236
    outer loop
      vertex -115.226664 -47.728447 -83.335535
      vertex -102.260153 -54.659191 -95.158993
      vertex -109.993610 -58.792809 -83.335535
    endloop
  endfacet
  facet normal -0.689229 -0.413108 -0.595236
    outer loop
      vertex -109.993610 -58.792809 -83.335535
      vertex -102.260153 -54.659191 -95.158993
      vertex -96.410205 -64.419240 -95.158993
    endloop
  endfacet
  facet normal -0.689229 -0.413108 -0.595236
    outer loop
      vertex -109.993610 -58.792809 -83.335535
      vertex -96.410205 -64.419240 -95.158993
      vertex -103.701257 -69.290965 -83.335535
    endloop
  endfacet
  facet normal -0.645418 -0.478675 -0.595236
    outer loop
      vertex -103.701257 -69.290965 -83.335535
      vertex -96.410205 -64.419240 -95.158993
      vertex -89.631774 -73.558896 -95.158993
    endloop
  endfacet
  facet normal -0.645418 -0.478675 -0.595236
    outer loop
      vertex -103.701257 -69.290965 -83.335535
      vertex -89.631774 -73.558896 -95.158993
      vertex -96.410205 -79.121811 -83.335535
    endloop
  endfacet
  facet normal -0.595392 -0.539632 -0.595236
    outer loop
      vertex -96.410205 -79.121811 -83.335535
      vertex -89.631774 -73.558896 -95.158993
      vertex -81.990140 -81.990140 -95.158993
    endloop
  endfacet
  facet normal -0.595392 -0.539632 -0.595236
    outer loop
      vertex -96.410205 -79.121811 -83.335535
      vertex -81.990140 -81.990140 -95.158993
      vertex -88.190670 -88.190670 -83.335535
    endloop
  endfacet
  facet normal -0.539632 -0.595392 -0.595236
    outer loop
      vertex -88.190670 -88.190670 -83.335535
      vertex -81.990140 -81.990140 -95.158993
      vertex -73.558896 -89.631774 -95.158993
    endloop
  endfacet
  facet normal -0.539632 -0.595392 -0.595236
    outer loop
      vertex -88.190670 -88.190670 -83.335535
      vertex -73.558896 -89.631774 -95.158993
      vertex -79.121811 -96.410205 -83.335535
    endloop
  endfacet
  facet normal -0.478675 -0.645418 -0.595236
    outer loop
      vertex -79.121811 -96.410205 -83.335535
      vertex -73.558896 -89.631774 -95.158993
      vertex -64.419240 -96.410205 -95.158993
    endloop
  endfacet
  facet normal -0.478675 -0.645418 -0.595236
    outer loop
      vertex -79.121811 -96.410205 -83.335535
      vertex -64.419240 -96.410205 -95.158993
      vertex -69.290965 -103.701257 -83.335535
    endloop
  endfacet
  facet normal -0.413108 -0.689229 -0.595236
    outer loop
      vertex -69.290965 -103.701257 -83.335535
      vertex -64.419240 -96.410205 -95.158993
      vertex -54.659191 -102.260153 -95.158993
    endloop
  endfacet
  facet normal -0.413108 -0.689229 -0.595236
    outer loop
      vertex -69.290965 -103.701257 -83.335535
      vertex -54.659191 -102.260153 -95.158993
      vertex -58.792809 -109.993610 -83.335535
    endloop
  endfacet
  facet normal -0.343562 -0.726401 -0.595236
    outer loop
      vertex -58.792809 -109.993610 -83.335535
      vertex -54.659191 -102.260153 -95.158993
      vertex -44.372744 -107.125280 -95.158993
    endloop
  endfacet
  facet normal -0.343562 -0.726401 -0.595236
    outer loop
      vertex -58.792809 -109.993610 -83.335535
      vertex -44.372744 -107.125280 -95.158993
      vertex -47.728447 -115.226664 -83.335535
    endloop
  endfacet
  facet normal -0.270708 -0.756579 -0.595236
    outer loop
      vertex -47.728447 -115.226664 -83.335535
      vertex -44.372744 -107.125280 -95.158993
      vertex -33.658963 -110.958732 -95.158993
    endloop
  endfacet
  facet normal -0.270708 -0.756579 -0.595236
    outer loop
      vertex -47.728447 -115.226664 -83.335535
      vertex -33.658963 -110.958732 -95.158993
      vertex -36.204433 -119.350021 -83.335535
    endloop
  endfacet
  facet normal -0.195247 -0.779469 -0.595236
    outer loop
      vertex -36.204433 -119.350021 -83.335535
      vertex -33.658963 -110.958732 -95.158993
      vertex -22.621029 -113.723591 -95.158993
    endloop
  endfacet
  facet normal -0.195247 -0.779469 -0.595236
    outer loop
      vertex -36.204433 -119.350021 -83.335535
      vertex -22.621029 -113.723591 -95.158993
      vertex -24.331751 -122.323974 -83.335535
    endloop
  endfacet
  facet normal -0.117905 -0.794854 -0.595236
    outer loop
      vertex -24.331751 -122.323974 -83.335535
      vertex -22.621029 -113.723591 -95.158993
      vertex -11.365241 -115.393230 -95.158993
    endloop
  endfacet
  facet normal -0.117905 -0.794854 -0.595236
    outer loop
      vertex -24.331751 -122.323974 -83.335535
      vertex -11.365241 -115.393230 -95.158993
      vertex -12.224741 -124.119879 -83.335535
    endloop
  endfacet
  facet normal -0.039428 -0.802583 -0.595236
    outer loop
      vertex -12.224741 -124.119879 -83.335535
      vertex -11.365241 -115.393230 -95.158993
      vertex -0.000000 -115.951568 -95.158993
    endloop
  endfacet
  facet normal -0.039428 -0.802583 -0.595236
    outer loop
      vertex -12.224741 -124.119879 -83.335535
      vertex -0.000000 -115.951568 -95.158993
      vertex -0.000000 -124.720442 -83.335535
    endloop
  endfacet
  facet normal 0.039428 -0.802583 -0.595236
    outer loop
      vertex -0.000000 -124.720442 -83.335535
      vertex -0.000000 -115.951568 -95.158993
      vertex 11.365241 -115.393230 -95.158993
    endloop
  endfacet
  facet normal 0.039428 -0.802583 -0.595236
    outer loop
      vertex -0.000000 -124.720442 -83.335535
      vertex 11.365241 -115.393230 -95.158993
      vertex 12.224741 -124.119879 -83.335535
    endloop
  endfacet
  facet normal 0.117905 -0.794854 -0.595236
    outer loop
      vertex 12.224741 -124.119879 -83.335535
      vertex 11.365241 -115.393230 -95.158993
      vertex 22.621029 -113.723591 -95.158993
    endloop
  endfacet
  facet normal 0.117905 -0.794854 -0.595236
    outer loop
      vertex 12.224741 -124.119879 -83.335535
      vertex 22.621029 -113.723591 -95.158993
      vertex 24.331751 -122.323974 -83.335535
    endloop
  endfacet
  facet normal 0.195247 -0.779469 -0.595236
    outer loop
      vertex 24.331751 -122.323974 -83.335535
      vertex 22.621029 -113.723591 -95.158993
      vertex 33.658963 -110.958732 -95.158993
    endloop
  endfacet
  facet normal 0.195247 -0.779469 -0.595236
    outer loop
      vertex 24.331751 -122.323974 -83.335535
      vertex 33.658963 -110.958732 -95.158993
      vertex 36.204433 -119.350021 -83.335535
    endloop
  endfacet
  facet normal 0.270708 -0.756579 -0.595236
    outer loop
      vertex 36.204433 -119.350021 -83.335535
      vertex 33.658963 -110.958732 -95.158993
      vertex 44.372744 -107.125280 -95.158993
    endloop
  endfacet
  facet normal 0.270708 -0.756579 -0.595236
    outer loop
      vertex 36.204433 -119.350021 -83.335535
      vertex 44.372744 -107.125280 -95.158993
      vertex 47.728447 -115.226664 -83.335535
    endloop
  endfacet
  facet normal 0.343562 -0.726401 -0.595236
    outer loop
      vertex 47.728447 -115.226664 -83.335535
      vertex 44.372744 -107.125280 -95.158993
      vertex 54.659191 -102.260153 -95.158993
    endloop
  endfacet
  facet normal 0.343562 -0.726401 -0.595236
    outer loop
      vertex 47.728447 -115.226664 -83.335535
      vertex 54.659191 -102.260153 -95.158993
      vertex 58.792809 -109.993610 -83.335535
    endloop
  endfacet
  facet normal 0.413108 -0.689229 -0.595236
    outer loop
      vertex 58.792809 -109.993610 -83.335535
      vertex 54.659191 -102.260153 -95.158993
      vertex 64.419240 -96.410205 -95.158993
    endloop
  endfacet
  facet normal 0.413108 -0.689229 -0.595236
    outer loop
      vertex 58.792809 -109.993610 -83.335535
      vertex 64.419240 -96.410205 -95.158993
      vertex 69.290965 -103.701257 -83.335535
    endloop
  endfacet
  facet normal 0.478675 -0.645418 -0.595236
    outer loop
      vertex 69.290965 -103.701257 -83.335535
      vertex 64.419240 -96.410205 -95.158993
      vertex 73.558896 -89.631774 -95.158993
    endloop
  endfacet
  facet normal 0.478675 -0.645418 -0.595236
    outer loop
      vertex 69.290965 -103.701257 -83.335535
      vertex 73.558896 -89.631774 -95.158993
      vertex 79.121811 -96.410205 -83.335535
    endloop
  endfacet
  facet normal 0.539632 -0.595392 -0.595236
    outer loop
      vertex 79.121811 -96.410205 -83.335535
      vertex 73.558896 -89.631774 -95.158993
      vertex 81.990140 -81.990140 -95.158993
    endloop
  endfacet
  facet normal 0.539632 -0.595392 -0.595236
    outer loop
      vertex 79.121811 -96.410205 -83.335535
      vertex 81.990140 -81.990140 -95.158993
      vertex 88.190670 -88.190670 -83.335535
    endloop
  endfacet
  facet normal 0.595392 -0.539632 -0.595236
    outer loop
      vertex 88.190670 -88.190670 -83.335535
      vertex 81.990140 -81.990140 -95.158993
      vertex 89.631774 -73.558896 -95.158993
    endloop
  endfacet
  facet normal 0.595392 -0.539632 -0.595236
    outer loop
      vertex 88.190670 -88.190670 -83.335535
      vertex 89.631774 -73.558896 -95.158993
      vertex 96.410205 -79.121811 -83.335535
    endloop
  endfacet
  facet normal 0.645418 -0.478675 -0.595236
    outer loop
      vertex 96.410205 -79.121811 -83.335535
      vertex 89.631774 -73.558896 -95.158993
      vertex 96.410205 -64.419240 -95.158993
    endloop
  endfacet
  facet normal 0.645418 -0.478675 -0.595236
    outer loop
      vertex 96.410205 -79.121811 -83.335535
      vertex 96.410205 -64.419240 -95.158993
      vertex 103.701257 -69.290965 -83.335535
    endloop
  endfacet
  facet normal 0.689229 -0.413108 -0.595236
    outer loop
      vertex 103.701257 -69.290965 -83.335535
      vertex 96.410205 -64.419240 -95.158993
      vertex 102.260153 -54.659191 -95.158993
    endloop
  endfacet
  facet normal 0.689229 -0.413108 -0.595236
    outer loop
      vertex 103.701257 -69.290965 -83.335535
      vertex 102.260153 -54.659191 -95.158993
      vertex 109.993610 -58.792809 -83.335535
    endloop
  endfacet
  facet normal 0.726401 -0.343562 -0.595236
    outer loop
      vertex 109.993610 -58.792809 -83.335535
      vertex 102.260153 -54.659191 -95.158993
      vertex 107.125280 -44.372744 -95.158993
    endloop
  endfacet
  facet normal 0.726401 -0.343562 -0.595236
    outer loop
      vertex 109.993610 -58.792809 -83.335535
      vertex 107.125280 -44.372744 -95.158993
      vertex 115.226664 -47.728447 -83.335535
    endloop
  endfacet
  facet normal 0.756579 -0.270708 -0.595236
    outer loop
      vertex 115.226664 -47.728447 -83.335535
      vertex 107.125280 -44.372744 -95.158993
      vertex 110.958732 -33.658963 -95.158993
    endloop
  endfacet
  facet normal 0.756579 -0.270708 -0.595236
    outer loop
      vertex 115.226664 -47.728447 -83.335535
      vertex 110.958732 -33.658963 -95.158993
      vertex 119.350021 -36.204433 -83.335535
    endloop
  endfacet
  facet normal 0.779469 -0.195247 -0.595236
    outer loop
      vertex 119.350021 -36.204433 -83.335535
      vertex 110.958732 -33.658963 -95.158993
      vertex 113.723591 -22.621029 -95.158993
    endloop
  endfacet
  facet normal 0.779469 -0.195247 -0.595236
    outer loop
      vertex 119.350021 -36.204433 -83.335535
      vertex 113.723591 -22.621029 -95.158993
      vertex 122.323974 -24.331751 -83.335535
    endloop
  endfacet
  facet normal 0.794854 -0.117905 -0.595236
    outer loop
      vertex 122.323974 -24.331751 -83.335535
      vertex 113.723591 -22.621029 -95.158993
      vertex 115.393230 -11.365241 -95.158993
    endloop
  endfacet
  facet normal 0.794854 -0.117905 -0.595236
    outer loop
      vertex 122.323974 -24.331751 -83.335535
      vertex 115.393230 -11.365241 -95.158993
      vertex 124.119879 -12.224741 -83.335535
    endloop
  endfacet
  facet normal 0.802583 -0.039428 -0.595236
    outer loop
      vertex 124.119879 -12.224741 -83.335535
      vertex 115.393230 -11.365241 -95.158993
      vertex 115.951568 -0.000000 -95.158993
    endloop
  endfacet
  facet normal 0.802583 -0.039428 -0.595236
    outer loop
      vertex 124.119879 -12.224741 -83.335535
      vertex 115.951568 -0.000000 -95.158993
      vertex 124.720442 -0.000000 -83.335535
    endloop
  endfacet
  facet normal 0.740461 0.036377 -0.671114
    outer loop
      vertex 115.951568 0.000000 -95.158993
      vertex 106.066017 0.000000 -106.066017
      vertex 105.555280 10.396288 -106.066017
    endloop
  endfacet
  facet normal 0.740461 0.036377 -0.671114
    outer loop
      vertex 115.951568 0.000000 -95.158993
      vertex 105.555280 10.396288 -106.066017
      vertex 115.393230 11.365241 -95.158993
    endloop
  endfacet
  facet normal 0.733330 0.108779 -0.671114
    outer loop
      vertex 115.393230 11.365241 -95.158993
      vertex 105.555280 10.396288 -106.066017
      vertex 104.027988 20.692453 -106.066017
    endloop
  endfacet
  facet normal 0.733330 0.108779 -0.671114
    outer loop
      vertex 115.393230 11.365241 -95.158993
      vertex 104.027988 20.692453 -106.066017
      vertex 113.723591 22.621029 -95.158993
    endloop
  endfacet
  facet normal 0.719136 0.180134 -0.671114
    outer loop
      vertex 113.723591 22.621029 -95.158993
      vertex 104.027988 20.692453 -106.066017
      vertex 101.498850 30.789340 -106.066017
    endloop
  endfacet
  facet normal 0.719136 0.180134 -0.671114
    outer loop
      vertex 113.723591 22.621029 -95.158993
      vertex 101.498850 30.789340 -106.066017
      vertex 110.958732 33.658963 -95.158993
    endloop
  endfacet
  facet normal 0.698017 0.249755 -0.671114
    outer loop
      vertex 110.958732 33.658963 -95.158993
      vertex 101.498850 30.789340 -106.066017
      vertex 97.992222 40.589708 -106.066017
    endloop
  endfacet
  facet normal 0.698017 0.249755 -0.671114
    outer loop
      vertex 110.958732 33.658963 -95.158993
      vertex 97.992222 40.589708 -106.066017
      vertex 107.125280 44.372744 -95.158993
    endloop
  endfacet
  facet normal 0.670176 0.316970 -0.671114
    outer loop
      vertex 107.125280 44.372744 -95.158993
      vertex 97.992222 40.589708 -106.066017
      vertex 93.541876 49.999174 -106.066017
    endloop
  endfacet
  facet normal 0.670176 0.316970 -0.671114
    outer loop
      vertex 107.125280 44.372744 -95.158993
      vertex 93.541876 49.999174 -106.066017
      vertex 102.260153 54.659191 -95.158993
    endloop
  endfacet
  facet normal 0.635880 0.381132 -0.671114
    outer loop
      vertex 102.260153 54.659191 -95.158993
      vertex 93.541876 49.999174 -106.066017
      vertex 88.190670 58.927122 -106.066017
    endloop
  endfacet
  facet normal 0.635880 0.381132 -0.671114
    outer loop
      vertex 102.260153 54.659191 -95.158993
      vertex 88.190670 58.927122 -106.066017
      vertex 96.410205 64.419240 -95.158993
    endloop
  endfacet
  facet normal 0.595461 0.441624 -0.671114
    outer loop
      vertex 96.410205 64.419240 -95.158993
      vertex 88.190670 58.927122 -106.066017
      vertex 81.990140 67.287569 -106.066017
    endloop
  endfacet
  facet normal 0.595461 0.441624 -0.671114
    outer loop
      vertex 96.410205 64.419240 -95.158993
      vertex 81.990140 67.287569 -106.066017
      vertex 89.631774 73.558896 -95.158993
    endloop
  endfacet
  facet normal 0.549307 0.497863 -0.671114
    outer loop
      vertex 89.631774 73.558896 -95.158993
      vertex 81.990140 67.287569 -106.066017
      vertex 75.000000 75.000000 -106.066017
    endloop
  endfacet
  facet normal 0.549307 0.497863 -0.671114
    outer loop
      vertex 89.631774 73.558896 -95.158993
      vertex 75.000000 75.000000 -106.066017
      vertex 81.990140 81.990140 -95.158993
    endloop
  endfacet
  facet normal 0.497863 0.549307 -0.671114
    outer loop
      vertex 81.990140 81.990140 -95.158993
      vertex 75.000000 75.000000 -106.066017
      vertex 67.287569 81.990140 -106.066017
    endloop
  endfacet
  facet normal 0.497863 0.549307 -0.671114
    outer loop
      vertex 81.990140 81.990140 -95.158993
      vertex 67.287569 81.990140 -106.066017
      vertex 73.558896 89.631774 -95.158993
    endloop
  endfacet
  facet normal 0.441624 0.595461 -0.671114
    outer loop
      vertex 73.558896 89.631774 -95.158993
      vertex 67.287569 81.990140 -106.066017
      vertex 58.927122 88.190670 -106.066017
    endloop
  endfacet
  facet normal 0.441624 0.595461 -0.671114
    outer loop
      vertex 73.558896 89.631774 -95.158993
      vertex 58.927122 88.190670 -106.066017
      vertex 64.419240 96.410205 -95.158993
    endloop
  endfacet
  facet normal 0.381132 0.635880 -0.671114
    outer loop
      vertex 64.419240 96.410205 -95.158993
      vertex 58.927122 88.190670 -106.066017
      vertex 49.999174 93.541876 -106.066017
    endloop
  endfacet
  facet normal 0.381132 0.635880 -0.671114
    outer loop
      vertex 64.419240 96.410205 -95.158993
      vertex 49.999174 93.541876 -106.066017
      vertex 54.659191 102.260153 -95.158993
    endloop
  endfacet
  facet normal 0.316970 0.670176 -0.671114
    outer loop
      vertex 54.659191 102.260153 -95.158993
      vertex 49.999174 93.541876 -106.066017
      vertex 40.589708 97.992222 -106.066017
    endloop
  endfacet
  facet normal 0.316970 0.670176 -0.671114
    outer loop
      vertex 54.659191 102.260153 -95.158993
      vertex 40.589708 97.992222 -106.066017
      vertex 44.372744 107.125280 -95.158993
    endloop
  endfacet
  facet normal 0.249755 0.698017 -0.671114
    outer loop
      vertex 44.372744 107.125280 -95.158993
      vertex 40.589708 97.992222 -106.066017
      vertex 30.789340 101.498850 -106.066017
    endloop
  endfacet
  facet normal 0.249755 0.698017 -0.671114
    outer loop
      vertex 44.372744 107.125280 -95.158993
      vertex 30.789340 101.498850 -106.066017
      vertex 33.658963 110.958732 -95.158993
    endloop
  endfacet
  facet normal 0.180134 0.719136 -0.671114
    outer loop
      vertex 33.658963 110.958732 -95.158993
      vertex 30.789340 101.498850 -106.066017
      vertex 20.692453 104.027988 -106.066017
    endloop
  endfacet
  facet normal 0.180134 0.719136 -0.671114
    outer loop
      vertex 33.658963 110.958732 -95.158993
      vertex 20.692453 104.027988 -106.066017
      vertex 22.621029 113.723591 -95.158993
    endloop
  endfacet
  facet normal 0.108779 0.733330 -0.671114
    outer loop
      vertex 22.621029 113.723591 -95.158993
      vertex 20.692453 104.027988 -106.066017
      vertex 10.396288 105.555280 -106.066017
    endloop
  endfacet
  facet normal 0.108779 0.733330 -0.671114
    outer loop
      vertex 22.621029 113.723591 -95.158993
      vertex 10.396288 105.555280 -106.066017
      vertex 11.365241 115.393230 -95.158993
    endloop
  endfacet
  facet normal 0.036377 0.740461 -0.671114
    outer loop
      vertex 11.365241 115.393230 -95.158993
      vertex 10.396288 105.555280 -106.066017
      vertex 0.000000 106.066017 -106.066017
    endloop
  endfacet
  facet normal 0.036377 0.740461 -0.671114
    outer loop
      vertex 11.365241 115.393230 -95.158993
      vertex 0.000000 106.066017 -106.066017
      vertex 0.000000 115.951568 -95.158993
    endloop
  endfacet
  facet normal -0.036377 0.740461 -0.671114
    outer loop
      vertex 0.000000 115.951568 -95.158993
      vertex 0.000000 106.066017 -106.066017
      vertex -10.396288 105.555280 -106.066017
    endloop
  endfacet
  facet normal -0.036377 0.740461 -0.671114
    outer loop
      vertex 0.000000 115.951568 -95.158993
      vertex -10.396288 105.555280 -106.066017
      vertex -11.365241 115.393230 -95.158993
    endloop
  endfacet
  facet normal -0.108779 0.733330 -0.671114
    outer loop
      vertex -11.365241 115.393230 -95.158993
      vertex -10.396288 105.555280 -106.066017
      vertex -20.692453 104.027988 -106.066017
    endloop
  endfacet
  facet normal -0.108779 0.733330 -0.671114
    outer loop
      vertex -11.365241 115.393230 -95.158993
      vertex -20.692453 104.027988 -106.066017
      vertex -22.621029 113.723591 -95.158993
    endloop
  endfacet
  facet normal -0.180134 0.719136 -0.671114
    outer loop
      vertex -22.621029 113.723591 -95.158993
      vertex -20.692453 104.027988 -106.066017
      vertex -30.789340 101.498850 -106.066017
    endloop
  endfacet
  facet normal -0.180134 0.719136 -0.671114
    outer loop
      vertex -22.621029 113.723591 -95.158993
      vertex -30.789340 101.498850 -106.066017
      vertex -33.658963 110.958732 -95.158993
    endloop
  endfacet
  facet normal -0.249755 0.698017 -0.671114
    outer loop
      vertex -33.658963 110.958732 -95.158993
      vertex -30.789340 101.498850 -106.066017
      vertex -40.589708 97.992222 -106.066017
    endloop
  endfacet
  facet normal -0.249755 0.698017 -0.671114
    outer loop
      vertex -33.658963 110.958732 -95.158993
      vertex -40.589708 97.992222 -106.066017
      vertex -44.372744 107.125280 -95.158993
    endloop
  endfacet
  facet normal -0.316970 0.670176 -0.671114
    outer loop
      vertex -44.372744 107.125280 -95.158993
      vertex -40.589708 97.992222 -106.066017
      vertex -49.999174 93.541876 -106.066017
    endloop
  endfacet
  facet normal -0.316970 0.670176 -0.671114
    outer loop
      vertex -44.372744 107.125280 -95.158993
      vertex -49.999174 93.541876 -106.066017
      vertex -54.659191 102.260153 -95.158993
    endloop
  endfacet
  facet normal -0.381132 0.635880 -0.671114
    outer loop
      vertex -54.659191 102.260153 -95.158993
      vertex -49.999174 93.541876 -106.066017
      vertex -58.927122 88.190670 -106.066017
    endloop
  endfacet
  facet normal -0.381132 0.635880 -0.671114
    outer loop
      vertex -54.659191 102.260153 -95.158993
      vertex -58.927122 88.190670 -106.066017
      vertex -64.419240 96.410205 -95.158993
    endloop
  endfacet
  facet normal -0.441624 0.595461 -0.671114
    outer loop
      vertex -64.419240 96.410205 -95.158993
      vertex -58.927122 88.190670 -106.066017
      vertex -67.287569 81.990140 -106.066017
    endloop
  endfacet
  facet normal -0.441624 0.595461 -0.671114
    outer loop
      vertex -64.419240 96.410205 -95.158993
      vertex -67.287569 81.990140 -106.066017
      vertex -73.558896 89.631774 -95.158993
    endloop
  endfacet
  facet normal -0.497863 0.549307 -0.671114
    outer loop
      vertex -73.558896 89.631774 -95.158993
      vertex -67.287569 81.990140 -106.066017
      vertex -75.000000 75.000000 -106.066017
    endloop
  endfacet
  facet normal -0.497863 0.549307 -0.671114
    outer loop
      vertex -73.558896 89.631774 -95.158993
      vertex -75.000000 75.000000 -106.066017
      vertex -81.990140 81.990140 -95.158993
    endloop
  endfacet
  facet normal -0.549307 0.497863 -0.671114
    outer loop
      vertex -81.990140 81.990140 -95.158993
      vertex -75.000000 75.000000 -106.066017
      vertex -81.990140 67.287569 -106.066017
    endloop
  endfacet
  facet normal -0.549307 0.497863 -0.671114
    outer loop
      vertex -81.990140 81.990140 -95.158993
      vertex -81.990140 67.287569 -106.066017
      vertex -89.631774 73.558896 -95.158993
    endloop
  endfacet
  facet normal -0.595461 0.441624 -0.671114
    outer loop
      vertex -89.631774 73.558896 -95.158993
      vertex -81.990140 67.287569 -106.066017
      vertex -88.190670 58.927122 -106.066017
    endloop
  endfacet
  facet normal -0.595461 0.441624 -0.671114
    outer loop
      vertex -89.631774 73.558896 -95.158993
      vertex -88.190670 58.927122 -106.066017
      vertex -96.410205 64.419240 -95.158993
    endloop
  endfacet
  facet normal -0.635880 0.381132 -0.671114
    outer loop
      vertex -96.410205 64.419240 -95.158993
      vertex -88.190670 58.927122 -106.066017
      vertex -93.541876 49.999174 -106.066017
    endloop
  endfacet
  facet normal -0.635880 0.381132 -0.671114
    outer loop
      vertex -96.410205 64.419240 -95.158993
      vertex -93.541876 49.999174 -106.066017
      vertex -102.260153 54.659191 -95.158993
    endloop
  endfacet
  facet normal -0.670176 0.316970 -0.671114
    outer loop
      vertex -102.260153 54.659191 -95.158993
      vertex -93.541876 49.999174 -106.066017
      vertex -97.992222 40.589708 -106.066017
    endloop
  endfacet
  facet normal -0.670176 0.316970 -0.671114
    outer loop
      vertex -102.260153 54.659191 -95.158993
      vertex -97.992222 40.589708 -106.066017
      vertex -107.125280 44.372744 -95.158993
    endloop
  endfacet
  facet normal -0.698017 0.249755 -0.671114
    outer loop
      vertex -107.125280 44.372744 -95.158993
      vertex -97.992222 40.589708 -106.066017
      vertex -101.498850 30.789340 -106.066017
    endloop
  endfacet
  facet normal -0.698017 0.249755 -0.671114
    outer loop
      vertex -107.125280 44.372744 -95.158993
      vertex -101.498850 30.789340 -106.066017
      vertex -110.958732 33.658963 -95.158993
    endloop
  endfacet
  facet normal -0.719136 0.180134 -0.671114
    outer loop
      vertex -110.958732 33.658963 -95.158993
      vertex -101.498850 30.789340 -106.066017
      vertex -104.027988 20.692453 -106.066017
    endloop
  endfacet
  facet normal -0.719136 0.180134 -0.671114
    outer loop
      vertex -110.958732 33.658963 -95.158993
      vertex -104.027988 20.692453 -106.066017
      vertex -113.723591 22.621029 -95.158993
    endloop
  endfacet
  facet normal -0.733330 0.108779 -0.671114
    outer loop
      vertex -113.723591 22.621029 -95.158993
      vertex -104.027988 20.692453 -106.066017
      vertex -105.555280 10.396288 -106.066017
    endloop
  endfacet
  facet normal -0.733330 0.108779 -0.671114
    outer loop
      vertex -113.723591 22.621029 -95.158993
      vertex -105.555280 10.396288 -106.066017
      vertex -115.393230 11.365241 -95.158993
    endloop
  endfacet
  facet normal -0.740461 0.036377 -0.671114
    outer loop
      vertex -115.393230 11.365241 -95.158993
      vertex -105.555280 10.396288 -106.066017
      vertex -106.066017 0.000000 -106.066017
    endloop
  endfacet
  facet normal -0.740461 0.036377 -0.671114
    outer loop
      vertex -115.393230 11.365241 -95.158993
      vertex -106.066017 0.000000 -106.066017
      vertex -115.951568 0.000000 -95.158993
    endloop
  endfacet
  facet normal -0.740461 -0.036377 -0.671114
    outer loop
      vertex -115.951568 0.000000 -95.158993
      vertex -106.066017 0.000000 -106.066017
      vertex -105.555280 -10.396288 -106.066017
    endloop
  endfacet
  facet normal -0.740461 -0.036377 -0.671114
    outer loop
      vertex -115.951568 0.000000 -95.158993
      vertex -105.555280 -10.396288 -106.066017
      vertex -115.393230 -11.365241 -95.158993
    endloop
  endfacet
  facet normal -0.733330 -0.108779 -0.671114
    outer loop
      vertex -115.393230 -11.365241 -95.158993
      vertex -105.555280 -10.396288 -106.066017
      vertex -104.027988 -20.692453 -106.066017
    endloop
  endfacet
  facet normal -0.733330 -0.108779 -0.671114
    outer loop
      vertex -115.393230 -11.365241 -95.158993
      vertex -104.027988 -20.692453 -106.066017
      vertex -113.723591 -22.621029 -95.158993
    endloop
  endfacet
  facet normal -0.719136 -0.180134 -0.671114
    outer loop
      vertex -113.723591 -22.621029 -95.158993
      vertex -104.027988 -20.692453 -106.066017
      vertex -101.498850 -30.789340 -106.066017
    endloop
  endfacet
  facet normal -0.719136 -0.180134 -0.671114
    outer loop
      vertex -113.723591 -22.621029 -95.158993
      vertex -101.498850 -30.789340 -106.066017
      vertex -110.958732 -33.658963 -95.158993
    endloop
  endfacet
  facet normal -0.698017 -0.249755 -0.671114
    outer loop
      vertex -110.958732 -33.658963 -95.158993
      vertex -101.498850 -30.789340 -106.066017
      vertex -97.992222 -40.589708 -106.066017
    endloop
  endfacet
  facet normal -0.698017 -0.249755 -0.671114
    outer loop
      vertex -110.958732 -33.658963 -95.158993
      vertex -97.992222 -40.589708 -106.066017
      vertex -107.125280 -44.372744 -95.158993
    endloop
  endfacet
  facet normal -0.670176 -0.316970 -0.671114
    outer loop
      vertex -107.125280 -44.372744 -95.158993
      vertex -97.992222 -40.589708 -106.066017
      vertex -93.541876 -49.999174 -106.066017
    endloop
  endfacet
  facet normal -0.670176 -0.316970 -0.671114
    outer loop
      vertex -107.125280 -44.372744 -95.158993
      vertex -93.541876 -49.999174 -106.066017
      vertex -102.260153 -54.659191 -95.158993
    endloop
  endfacet
  facet normal -0.635880 -0.381132 -0.671114
    outer loop
      vertex -102.260153 -54.659191 -95.158993
      vertex -93.541876 -49.999174 -106.066017
      vertex -88.190670 -58.927122 -106.066017
    endloop
  endfacet
  facet normal -0.635880 -0.381132 -0.671114
    outer loop
      vertex -102.260153 -54.659191 -95.158993
      vertex -88.190670 -58.927122 -106.066017
      vertex -96.410205 -64.419240 -95.158993
    endloop
  endfacet
  facet normal -0.595461 -0.441624 -0.671114
    outer loop
      vertex -96.410205 -64.419240 -95.158993
      vertex -88.190670 -58.927122 -106.066017
      vertex -81.990140 -67.287569 -106.066017
    endloop
  endfacet
  facet normal -0.595461 -0.441624 -0.671114
    outer loop
      vertex -96.410205 -64.419240 -95.158993
      vertex -81.990140 -67.287569 -106.066017
      vertex -89.631774 -73.558896 -95.158993
    endloop
  endfacet
  facet normal -0.549307 -0.497863 -0.671114
    outer loop
      vertex -89.631774 -73.558896 -95.158993
      vertex -81.990140 -67.287569 -106.066017
      vertex -75.000000 -75.000000 -106.066017
    endloop
  endfacet
  facet normal -0.549307 -0.497863 -0.671114
    outer loop
      vertex -89.631774 -73.558896 -95.158993
      vertex -75.000000 -75.000000 -106.066017
      vertex -81.990140 -81.990140 -95.158993
    endloop
  endfacet
  facet normal -0.497863 -0.549307 -0.671114
    outer loop
      vertex -81.990140 -81.990140 -95.158993
      vertex -75.000000 -75.000000 -106.066017
      vertex -67.287569 -81.990140 -106.066017
    endloop
  endfacet
  facet normal -0.497863 -0.549307 -0.671114
    outer loop
      vertex -81.990140 -81.990140 -95.158993
      vertex -67.287569 -81.990140 -106.066017
      vertex -73.558896 -89.631774 -95.158993
    endloop
  endfacet
  facet normal -0.441624 -0.595461 -0.671114
    outer loop
      vertex -73.558896 -89.631774 -95.158993
      vertex -67.287569 -81.990140 -106.066017
      vertex -58.927122 -88.190670 -106.066017
    endloop
  endfacet
  facet normal -0.441624 -0.595461 -0.671114
    outer loop
      vertex -73.558896 -89.631774 -95.158993
      vertex -58.927122 -88.190670 -106.066017
      vertex -64.419240 -96.410205 -95.158993
    endloop
  endfacet
  facet normal -0.381132 -0.635880 -0.671114
    outer loop
      vertex -64.419240 -96.410205 -95.158993
      vertex -58.927122 -88.190670 -106.066017
      vertex -49.999174 -93.541876 -106.066017
    endloop
  endfacet
  facet normal -0.381132 -0.635880 -0.671114
    outer loop
      vertex -64.419240 -96.410205 -95.158993
      vertex -49.999174 -93.541876 -106.066017
      vertex -54.659191 -102.260153 -95.158993
    endloop
  endfacet
  facet normal -0.316970 -0.670176 -0.671114
    outer loop
      vertex -54.659191 -102.260153 -95.158993
      vertex -49.999174 -93.541876 -106.066017
      vertex -40.589708 -97.992222 -106.066017
    endloop
  endfacet
  facet normal -0.316970 -0.670176 -0.671114
    outer loop
      vertex -54.659191 -102.260153 -95.158993
      vertex -40.589708 -97.992222 -106.066017
      vertex -44.372744 -107.125280 -95.158993
    endloop
  endfacet
  facet normal -0.249755 -0.698017 -0.671114
    outer loop
      vertex -44.372744 -107.125280 -95.158993
      vertex -40.589708 -97.992222 -106.066017
      vertex -30.789340 -101.498850 -106.066017
    endloop
  endfacet
  facet normal -0.249755 -0.698017 -0.671114
    outer loop
      vertex -44.372744 -107.125280 -95.158993
      vertex -30.789340 -101.498850 -106.066017
      vertex -33.658963 -110.958732 -95.158993
    endloop
  endfacet
  facet normal -0.180134 -0.719136 -0.671114
    outer loop
      vertex -33.658963 -110.958732 -95.158993
      vertex -30.789340 -101.498850 -106.066017
      vertex -20.692453 -104.027988 -106.066017
    endloop
  endfacet
  facet normal -0.180134 -0.719136 -0.671114
    outer loop
      vertex -33.658963 -110.958732 -95.158993
      vertex -20.692453 -104.027988 -106.066017
      vertex -22.621029 -113.723591 -95.158993
    endloop
  endfacet
  facet normal -0.108779 -0.733330 -0.671114
    outer loop
      vertex -22.621029 -113.723591 -95.158993
      vertex -20.692453 -104.027988 -106.066017
      vertex -10.396288 -105.555280 -106.066017
    endloop
  endfacet
  facet normal -0.108779 -0.733330 -0.671114
    outer loop
      vertex -22.621029 -113.723591 -95.158993
      vertex -10.396288 -105.555280 -106.066017
      vertex -11.365241 -115.393230 -95.158993
    endloop
  endfacet
  facet normal -0.036377 -0.740461 -0.671114
    outer loop
      vertex -11.365241 -115.393230 -95.158993
      vertex -10.396288 -105.555280 -106.066017
      vertex -0.000000 -106.066017 -106.066017
    endloop
  endfacet
  facet normal -0.036377 -0.740461 -0.671114
    outer loop
      vertex -11.365241 -115.393230 -95.158993
      vertex -0.000000 -106.066017 -106.066017
      vertex -0.000000 -115.951568 -95.158993
    endloop
  endfacet
  facet normal 0.036377 -0.740461 -0.671114
    outer loop
      vertex -0.000000 -115.951568 -95.158993
      vertex -0.000000 -106.066017 -106.066017
      vertex 10.396288 -105.555280 -106.066017
    endloop
  endfacet
  facet normal 0.036377 -0.740461 -0.671114
    outer loop
      vertex -0.000000 -115.951568 -95.158993
      vertex 10.396288 -105.555280 -106.066017
      vertex 11.365241 -115.393230 -95.158993
    endloop
  endfacet
  facet normal 0.108779 -0.733330 -0.671114
    outer loop
      vertex 11.365241 -115.393230 -95.158993
      vertex 10.396288 -105.555280 -106.066017
      vertex 20.692453 -104.027988 -106.066017
    endloop
  endfacet
  facet normal 0.108779 -0.733330 -0.671114
    outer loop
      vertex 11.365241 -115.393230 -95.158993
      vertex 20.692453 -104.027988 -106.066017
      vertex 22.621029 -113.723591 -95.158993
    endloop
  endfacet
  facet normal 0.180134 -0.719136 -0.671114
    outer loop
      vertex 22.621029 -113.723591 -95.158993
      vertex 20.692453 -104.027988 -106.066017
      vertex 30.789340 -101.498850 -106.066017
    endloop
  endfacet
  facet normal 0.180134 -0.719136 -0.671114
    outer loop
      vertex 22.621029 -113.723591 -95.158993
      vertex 30.789340 -101.498850 -106.066017
      vertex 33.658963 -110.958732 -95.158993
    endloop
  endfacet
  facet normal 0.249755 -0.698017 -0.671114
    outer loop
      vertex 33.658963 -110.958732 -95.158993
      vertex 30.789340 -101.498850 -106.066017
      vertex 40.589708 -97.992222 -106.066017
    endloop
  endfacet
  facet normal 0.249755 -0.698017 -0.671114
    outer loop
      vertex 33.658963 -110.958732 -95.158993
      vertex 40.589708 -97.992222 -106.066017
      vertex 44.372744 -107.125280 -95.158993
    endloop
  endfacet
  facet normal 0.316970 -0.670176 -0.671114
    outer loop
      vertex 44.372744 -107.125280 -95.158993
      vertex 40.589708 -97.992222 -106.066017
      vertex 49.999174 -93.541876 -106.066017
    endloop
  endfacet
  facet normal 0.316970 -0.670176 -0.671114
    outer loop
      vertex 44.372744 -107.125280 -95.158993
      vertex 49.999174 -93.541876 -106.066017
      vertex 54.659191 -102.260153 -95.158993
    endloop
  endfacet
  facet normal 0.381132 -0.635880 -0.671114
    outer loop
      vertex 54.659191 -102.260153 -95.158993
      vertex 49.999174 -93.541876 -106.066017
      vertex 58.927122 -88.190670 -106.066017
    endloop
  endfacet
  facet normal 0.381132 -0.635880 -0.671114
    outer loop
      vertex 54.659191 -102.260153 -95.158993
      vertex 58.927122 -88.190670 -106.066017
      vertex 64.419240 -96.410205 -95.158993
    endloop
  endfacet
  facet normal 0.441624 -0.595461 -0.671114
    outer loop
      vertex 64.419240 -96.410205 -95.158993
      vertex 58.927122 -88.190670 -106.066017
      vertex 67.287569 -81.990140 -106.066017
    endloop
  endfacet
  facet normal 0.441624 -0.595461 -0.671114
    outer loop
      vertex 64.419240 -96.410205 -95.158993
      vertex 67.287569 -81.990140 -106.066017
      vertex 73.558896 -89.631774 -95.158993
    endloop
  endfacet
  facet normal 0.497863 -0.549307 -0.671114
    outer loop
      vertex 73.558896 -89.631774 -95.158993
      vertex 67.287569 -81.990140 -106.066017
      vertex 75.000000 -75.000000 -106.066017
    endloop
  endfacet
  facet normal 0.497863 -0.549307 -0.671114
    outer loop
      vertex 73.558896 -89.631774 -95.158993
      vertex 75.000000 -75.000000 -106.066017
      vertex 81.990140 -81.990140 -95.158993
    endloop
  endfacet
  facet normal 0.549307 -0.497863 -0.671114
    outer loop
      vertex 81.990140 -81.990140 -95.158993
      vertex 75.000000 -75.000000 -106.066017
      vertex 81.990140 -67.287569 -106.066017
    endloop
  endfacet
  facet normal 0.549307 -0.497863 -0.671114
    outer loop
      vertex 81.990140 -81.990140 -95.158993
      vertex 81.990140 -67.287569 -106.066017
      vertex 89.631774 -73.558896 -95.158993
    endloop
  endfacet
  facet normal 0.595461 -0.441624 -0.671114
    outer loop
      vertex 89.631774 -73.558896 -95.158993
      vertex 81.990140 -67.287569 -106.066017
      vertex 88.190670 -58.927122 -106.066017
    endloop
  endfacet
  facet normal 0.595461 -0.441624 -0.671114
    outer loop
      vertex 89.631774 -73.558896 -95.158993
      vertex 88.190670 -58.927122 -106.066017
      vertex 96.410205 -64.419240 -95.158993
    endloop
  endfacet
  facet normal 0.635880 -0.381132 -0.671114
    outer loop
      vertex 96.410205 -64.419240 -95.158993
      vertex 88.190670 -58.927122 -106.066017
      vertex 93.541876 -49.999174 -106.066017
    endloop
  endfacet
  facet normal 0.635880 -0.381132 -0.671114
    outer loop
      vertex 96.410205 -64.419240 -95.158993
      vertex 93.541876 -49.999174 -106.066017
      vertex 102.260153 -54.659191 -95.158993
    endloop
  endfacet
  facet normal 0.670176 -0.316970 -0.671114
    outer loop
      vertex 102.260153 -54.659191 -95.158993
      vertex 93.541876 -49.999174 -106.066017
      vertex 97.992222 -40.589708 -106.066017
    endloop
  endfacet
  facet normal 0.670176 -0.316970 -0.671114
    outer loop
      vertex 102.260153 -54.659191 -95.158993
      vertex 97.992222 -40.589708 -106.066017
      vertex 107.125280 -44.372744 -95.158993
    endloop
  endfacet
  facet normal 0.698017 -0.249755 -0.671114
    outer loop
      vertex 107.125280 -44.372744 -95.158993
      vertex 97.992222 -40.589708 -106.066017
      vertex 101.498850 -30.789340 -106.066017
    endloop
  endfacet
  facet normal 0.698017 -0.249755 -0.671114
    outer loop
      vertex 107.125280 -44.372744 -95.158993
      vertex 101.498850 -30.789340 -106.066017
      vertex 110.958732 -33.658963 -95.158993
    endloop
  endfacet
  facet normal 0.719136 -0.180134 -0.671114
    outer loop
      vertex 110.958732 -33.658963 -95.158993
      vertex 101.498850 -30.789340 -106.066017
      vertex 104.027988 -20.692453 -106.066017
    endloop
  endfacet
  facet normal 0.719136 -0.180134 -0.671114
    outer loop
      vertex 110.958732 -33.658963 -95.158993
      vertex 104.027988 -20.692453 -106.066017
      vertex 113.723591 -22.621029 -95.158993
    endloop
  endfacet
  facet normal 0.733330 -0.108779 -0.671114
    outer loop
      vertex 113.723591 -22.621029 -95.158993
      vertex 104.027988 -20.692453 -106.066017
      vertex 105.555280 -10.396288 -106.066017
    endloop
  endfacet
  facet normal 0.733330 -0.108779 -0.671114
    outer loop
      vertex 113.723591 -22.621029 -95.158993
      vertex 105.555280 -10.396288 -106.066017
      vertex 115.393230 -11.365241 -95.158993
    endloop
  endfacet
  facet normal 0.740461 -0.036377 -0.671114
    outer loop
      vertex 115.393230 -11.365241 -95.158993
      vertex 105.555280 -10.396288 -106.066017
      vertex 106.066017 -0.000000 -106.066017
    endloop
  endfacet
  facet normal 0.740461 -0.036377 -0.671114
    outer loop
      vertex 115.393230 -11.365241 -95.158993
      vertex 106.066017 -0.000000 -106.066017
      vertex 115.951568 -0.000000 -95.158993
    endloop
  endfacet
  facet normal 0.671194 0.032974 -0.740548
    outer loop
      vertex 106.066017 0.000000 -106.066017
      vertex 95.158993 0.000000 -115.951568
      vertex 94.700776 9.327212 -115.951568
    endloop
  endfacet
  facet normal 0.671194 0.032974 -0.740548
    outer loop
      vertex 106.066017 0.000000 -106.066017
      vertex 94.700776 9.327212 -115.951568
      vertex 105.555280 10.396288 -106.066017
    endloop
  endfacet
  facet normal 0.664730 0.098603 -0.740548
    outer loop
      vertex 105.555280 10.396288 -106.066017
      vertex 94.700776 9.327212 -115.951568
      vertex 93.330539 18.564599 -115.951568
    endloop
  endfacet
  facet normal 0.664730 0.098603 -0.740548
    outer loop
      vertex 105.555280 10.396288 -106.066017
      vertex 93.330539 18.564599 -115.951568
      vertex 104.027988 20.692453 -106.066017
    endloop
  endfacet
  facet normal 0.651864 0.163283 -0.740548
    outer loop
      vertex 104.027988 20.692453 -106.066017
      vertex 93.330539 18.564599 -115.951568
      vertex 91.061478 27.623197 -115.951568
    endloop
  endfacet
  facet normal 0.651864 0.163283 -0.740548
    outer loop
      vertex 104.027988 20.692453 -106.066017
      vertex 91.061478 27.623197 -115.951568
      vertex 101.498850 30.789340 -106.066017
    endloop
  endfacet
  facet normal 0.632721 0.226391 -0.740548
    outer loop
      vertex 101.498850 30.789340 -106.066017
      vertex 91.061478 27.623197 -115.951568
      vertex 87.915446 36.415770 -115.951568
    endloop
  endfacet
  facet normal 0.632721 0.226391 -0.740548
    outer loop
      vertex 101.498850 30.789340 -106.066017
      vertex 87.915446 36.415770 -115.951568
      vertex 97.992222 40.589708 -106.066017
    endloop
  endfacet
  facet normal 0.607484 0.287318 -0.740548
    outer loop
      vertex 97.992222 40.589708 -106.066017
      vertex 87.915446 36.415770 -115.951568
      vertex 83.922739 44.857639 -115.951568
    endloop
  endfacet
  facet normal 0.607484 0.287318 -0.740548
    outer loop
      vertex 97.992222 40.589708 -106.066017
      vertex 83.922739 44.857639 -115.951568
      vertex 93.541876 49.999174 -106.066017
    endloop
  endfacet
  facet normal 0.576396 0.345479 -0.740548
    outer loop
      vertex 93.541876 49.999174 -106.066017
      vertex 83.922739 44.857639 -115.951568
      vertex 79.121811 52.867504 -115.951568
    endloop
  endfacet
  facet normal 0.576396 0.345479 -0.740548
    outer loop
      vertex 93.541876 49.999174 -106.066017
      vertex 79.121811 52.867504 -115.951568
      vertex 88.190670 58.927122 -106.066017
    endloop
  endfacet
  facet normal 0.539758 0.400312 -0.740548
    outer loop
      vertex 88.190670 58.927122 -106.066017
      vertex 79.121811 52.867504 -115.951568
      vertex 73.558896 60.368226 -115.951568
    endloop
  endfacet
  facet normal 0.539758 0.400312 -0.740548
    outer loop
      vertex 88.190670 58.927122 -106.066017
      vertex 73.558896 60.368226 -115.951568
      vertex 81.990140 67.287569 -106.066017
    endloop
  endfacet
  facet normal 0.497922 0.451290 -0.740548
    outer loop
      vertex 81.990140 67.287569 -106.066017
      vertex 73.558896 60.368226 -115.951568
      vertex 67.287569 67.287569 -115.951568
    endloop
  endfacet
  facet normal 0.497922 0.451290 -0.740548
    outer loop
      vertex 81.990140 67.287569 -106.066017
      vertex 67.287569 67.287569 -115.951568
      vertex 75.000000 75.000000 -106.066017
    endloop
  endfacet
  facet normal 0.451290 0.497922 -0.740548
    outer loop
      vertex 75.000000 75.000000 -106.066017
      vertex 67.287569 67.287569 -115.951568
      vertex 60.368226 73.558896 -115.951568
    endloop
  endfacet
  facet normal 0.451290 0.497922 -0.740548
    outer loop
      vertex 75.000000 75.000000 -106.066017
      vertex 60.368226 73.558896 -115.951568
      vertex 67.287569 81.990140 -106.066017
    endloop
  endfacet
  facet normal 0.400312 0.539758 -0.740548
    outer loop
      vertex 67.287569 81.990140 -106.066017
      vertex 60.368226 73.558896 -115.951568
      vertex 52.867504 79.121811 -115.951568
    endloop
  endfacet
  facet normal 0.400312 0.539758 -0.740548
    outer loop
      vertex 67.287569 81.990140 -106.066017
      vertex 52.867504 79.121811 -115.951568
      vertex 58.927122 88.190670 -106.066017
    endloop
  endfacet
  facet normal 0.345479 0.576396 -0.740548
    outer loop
      vertex 58.927122 88.190670 -106.066017
      vertex 52.867504 79.121811 -115.951568
      vertex 44.857639 83.922739 -115.951568
    endloop
  endfacet
  facet normal 0.345479 0.576396 -0.740548
    outer loop
      vertex 58.927122 88.190670 -106.066017
      vertex 44.857639 83.922739 -115.951568
      vertex 49.999174 93.541876 -106.066017
    endloop
  endfacet
  facet normal 0.287318 0.607484 -0.740548
    outer loop
      vertex 49.999174 93.541876 -106.066017
      vertex 44.857639 83.922739 -115.951568
      vertex 36.415770 87.915446 -115.951568
    endloop
  endfacet
  facet normal 0.287318 0.607484 -0.740548
    outer loop
      vertex 49.999174 93.541876 -106.066017
      vertex 36.415770 87.915446 -115.951568
      vertex 40.589708 97.992222 -106.066017
    endloop
  endfacet
  facet normal 0.226391 0.632721 -0.740548
    outer loop
      vertex 40.589708 97.992222 -106.066017
      vertex 36.415770 87.915446 -115.951568
      vertex 27.623197 91.061478 -115.951568
    endloop
  endfacet
  facet normal 0.226391 0.632721 -0.740548
    outer loop
      vertex 40.589708 97.992222 -106.066017
      vertex 27.623197 91.061478 -115.951568
      vertex 30.789340 101.498850 -106.066017
    endloop
  endfacet
  facet normal 0.163283 0.651864 -0.740548
    outer loop
      vertex 30.789340 101.498850 -106.066017
      vertex 27.623197 91.061478 -115.951568
      vertex 18.564599 93.330539 -115.951568
    endloop
  endfacet
  facet normal 0.163283 0.651864 -0.740548
    outer loop
      vertex 30.789340 101.498850 -106.066017
      vertex 18.564599 93.330539 -115.951568
      vertex 20.692453 104.027988 -106.066017
    endloop
  endfacet
  facet normal 0.098603 0.664730 -0.740548
    outer loop
      vertex 20.692453 104.027988 -106.066017
      vertex 18.564599 93.330539 -115.951568
      vertex 9.327212 94.700776 -115.951568
    endloop
  endfacet
  facet normal 0.098603 0.664730 -0.740548
    outer loop
      vertex 20.692453 104.027988 -106.066017
      vertex 9.327212 94.700776 -115.951568
      vertex 10.396288 105.555280 -106.066017
    endloop
  endfacet
  facet normal 0.032974 0.671194 -0.740548
    outer loop
      vertex 10.396288 105.555280 -106.066017
      vertex 9.327212 94.700776 -115.951568
      vertex 0.000000 95.158993 -115.951568
    endloop
  endfacet
  facet normal 0.032974 0.671194 -0.740548
    outer loop
      vertex 10.396288 105.555280 -106.066017
      vertex 0.000000 95.158993 -115.951568
      vertex 0.000000 106.066017 -106.066017
    endloop
  endfacet
  facet normal -0.032974 0.671194 -0.740548
    outer loop
      vertex 0.000000 106.066017 -106.066017
      vertex 0.000000 95.158993 -115.951568
      vertex -9.327212 94.700776 -115.951568
    endloop
  endfacet
  facet normal -0.032974 0.671194 -0.740548
    outer loop
      vertex 0.000000 106.066017 -106.066017
      vertex -9.327212 94.700776 -115.951568
      vertex -10.396288 105.555280 -106.066017
    endloop
  endfacet
  facet normal -0.098603 0.664730 -0.740548
    outer loop
      vertex -10.396288 105.555280 -106.066017
      vertex -9.327212 94.700776 -115.951568
      vertex -18.564599 93.330539 -115.951568
    endloop
  endfacet
  facet normal -0.098603 0.664730 -0.740548
    outer loop
      vertex -10.396288 105.555280 -106.066017
      vertex -18.564599 93.330539 -115.951568
      vertex -20.692453 104.027988 -106.066017
    endloop
  endfacet
  facet normal -0.163283 0.651864 -0.740548
    outer loop
      vertex -20.692453 104.027988 -106.066017
      vertex -18.564599 93.330539 -115.951568
      vertex -27.623197 91.061478 -115.951568
    endloop
  endfacet
  facet normal -0.163283 0.651864 -0.740548
    outer loop
      vertex -20.692453 104.027988 -106.066017
      vertex -27.623197 91.061478 -115.951568
      vertex -30.789340 101.498850 -106.066017
    endloop
  endfacet
  facet normal -0.226391 0.632721 -0.740548
    outer loop
      vertex -30.789340 101.498850 -106.066017
      vertex -27.623197 91.061478 -115.951568
      vertex -36.415770 87.915446 -115.951568
    endloop
  endfacet
  facet normal -0.226391 0.632721 -0.740548
    outer loop
      vertex -30.789340 101.498850 -106.066017
      vertex -36.415770 87.915446 -115.951568
      vertex -40.589708 97.992222 -106.066017
    endloop
  endfacet
  facet normal -0.287318 0.607484 -0.740548
    outer loop
      vertex -40.589708 97.992222 -106.066017
      vertex -36.415770 87.915446 -115.951568
      vertex -44.857639 83.922739 -115.951568
    endloop
  endfacet
  facet normal -0.287318 0.607484 -0.740548
    outer loop
      vertex -40.589708 97.992222 -106.066017
      vertex -44.857639 83.922739 -115.951568
      vertex -49.999174 93.541876 -106.066017
    endloop
  endfacet
  facet normal -0.345479 0.576396 -0.740548
    outer loop
      vertex -49.999174 93.541876 -106.066017
      vertex -44.857639 83.922739 -115.951568
      vertex -52.867504 79.121811 -115.951568
    endloop
  endfacet
  facet normal -0.345479 0.576396 -0.740548
    outer loop
      vertex -49.999174 93.541876 -106.066017
      vertex -52.867504 79.121811 -115.951568
      vertex -58.927122 88.190670 -106.066017
    endloop
  endfacet
  facet normal -0.400312 0.539758 -0.740548
    outer loop
      vertex -58.927122 88.190670 -106.066017
      vertex -52.867504 79.121811 -115.951568
      vertex -60.368226 73.558896 -115.951568
    endloop
  endfacet
  facet normal -0.400312 0.539758 -0.740548
    outer loop
      vertex -58.927122 88.190670 -106.066017
      vertex -60.368226 73.558896 -115.951568
      vertex -67.287569 81.990140 -106.066017
    endloop
  endfacet
  facet normal -0.451290 0.497922 -0.740548
    outer loop
      vertex -67.287569 81.990140 -106.066017
      vertex -60.368226 73.558896 -115.951568
      vertex -67.287569 67.287569 -115.951568
    endloop
  endfacet
  facet normal -0.451290 0.497922 -0.740548
    outer loop
      vertex -67.287569 81.990140 -106.066017
      vertex -67.287569 67.287569 -115.951568
      vertex -75.000000 75.000000 -106.066017
    endloop
  endfacet
  facet normal -0.497922 0.451290 -0.740548
    outer loop
      vertex -75.000000 75.000000 -106.066017
      vertex -67.287569 67.287569 -115.951568
      vertex -73.558896 60.368226 -115.951568
    endloop
  endfacet
  facet normal -0.497922 0.451290 -0.740548
    outer loop
      vertex -75.000000 75.000000 -106.066017
      vertex -73.558896 60.368226 -115.951568
      vertex -81.990140 67.287569 -106.066017
    endloop
  endfacet
  facet normal -0.539758 0.400312 -0.740548
    outer loop
      vertex -81.990140 67.287569 -106.066017
      vertex -73.558896 60.368226 -115.951568
      vertex -79.121811 52.867504 -115.951568
    endloop
  endfacet
  facet normal -0.539758 0.400312 -0.740548
    outer loop
      vertex -81.990140 67.287569 -106.066017
      vertex -79.121811 52.867504 -115.951568
      vertex -88.190670 58.927122 -106.066017
    endloop
  endfacet
  facet normal -0.576396 0.345479 -0.740548
    outer loop
      vertex -88.190670 58.927122 -106.066017
      vertex -79.121811 52.867504 -115.951568
      vertex -83.922739 44.857639 -115.951568
    endloop
  endfacet
  facet normal -0.576396 0.345479 -0.740548
    outer loop
      vertex -88.190670 58.927122 -106.066017
      vertex -83.922739 44.857639 -115.951568
      vertex -93.541876 49.999174 -106.066017
    endloop
  endfacet
  facet normal -0.607484 0.287318 -0.740548
    outer loop
      vertex -93.541876 49.999174 -106.066017
      vertex -83.922739 44.857639 -115.951568
      vertex -87.915446 36.415770 -115.951568
    endloop
  endfacet
  facet normal -0.607484 0.287318 -0.740548
    outer loop
      vertex -93.541876 49.999174 -106.066017
      vertex -87.915446 36.415770 -115.951568
      vertex -97.992222 40.589708 -106.066017
    endloop
  endfacet
  facet normal -0.632721 0.226391 -0.740548
    outer loop
      vertex -97.992222 40.589708 -106.066017
      vertex -87.915446 36.415770 -115.951568
      vertex -91.061478 27.623197 -115.951568
    endloop
  endfacet
  facet normal -0.632721 0.226391 -0.740548
    outer loop
      vertex -97.992222 40.589708 -106.066017
      vertex -91.061478 27.623197 -115.951568
      vertex -101.498850 30.789340 -106.066017
    endloop
  endfacet
  facet normal -0.651864 0.163283 -0.740548
    outer loop
      vertex -101.498850 30.789340 -106.066017
      vertex -91.061478 27.623197 -115.951568
      vertex -93.330539 18.564599 -115.951568
    endloop
  endfacet
  facet normal -0.651864 0.163283 -0.740548
    outer loop
      vertex -101.498850 30.789340 -106.066017
      vertex -93.330539 18.564599 -115.951568
      vertex -104.027988 20.692453 -106.066017
    endloop
  endfacet
  facet normal -0.664730 0.098603 -0.740548
    outer loop
      vertex -104.027988 20.692453 -106.066017
      vertex -93.330539 18.564599 -115.951568
      vertex -94.700776 9.327212 -115.951568
    endloop
  endfacet
  facet normal -0.664730 0.098603 -0.740548
    outer loop
      vertex -104.027988 20.692453 -106.066017
      vertex -94.700776 9.327212 -115.951568
      vertex -105.555280 10.396288 -106.066017
    endloop
  endfacet
  facet normal -0.671194 0.032974 -0.740548
    outer loop
      vertex -105.555280 10.396288 -106.066017
      vertex -94.700776 9.327212 -115.951568
      vertex -95.158993 0.000000 -115.951568
    endloop
  endfacet
  facet normal -0.671194 0.032974 -0.740548
    outer loop
      vertex -105.555280 10.396288 -106.066017
      vertex -95.158993 0.000000 -115.951568
      vertex -106.066017 0.000000 -106.066017
    endloop
  endfacet
  facet normal -0.671194 -0.032974 -0.740548
    outer loop
      vertex -106.066017 0.000000 -106.066017
      vertex -95.158993 0.000000 -115.951568
      vertex -94.700776 -9.327212 -115.951568
    endloop
  endfacet
  facet normal -0.671194 -0.032974 -0.740548
    outer loop
      vertex -106.066017 0.000000 -106.066017
      vertex -94.700776 -9.327212 -115.951568
      vertex -105.555280 -10.396288 -106.066017
    endloop
  endfacet
  facet normal -0.664730 -0.098603 -0.740548
    outer loop
      vertex -105.555280 -10.396288 -106.066017
      vertex -94.700776 -9.327212 -115.951568
      vertex -93.330539 -18.564599 -115.951568
    endloop
  endfacet
  facet normal -0.664730 -0.098603 -0.740548
    outer loop
      vertex -105.555280 -10.396288 -106.066017
      vertex -93.330539 -18.564599 -115.951568
      vertex -104.027988 -20.692453 -106.066017
    endloop
  endfacet
  facet normal -0.651864 -0.163283 -0.740548
    outer loop
      vertex -104.027988 -20.692453 -106.066017
      vertex -93.330539 -18.564599 -115.951568
      vertex -91.061478 -27.623197 -115.951568
    endloop
  endfacet
  facet normal -0.651864 -0.163283 -0.740548
    outer loop
      vertex -104.027988 -20.692453 -106.066017
      vertex -91.061478 -27.623197 -115.951568
      vertex -101.498850 -30.789340 -106.066017
    endloop
  endfacet
  facet normal -0.632721 -0.226391 -0.740548
    outer loop
      vertex -101.498850 -30.789340 -106.066017
      vertex -91.061478 -27.623197 -115.951568
      vertex -87.915446 -36.415770 -115.951568
    endloop
  endfacet
  facet normal -0.632721 -0.226391 -0.740548
    outer loop
      vertex -101.498850 -30.789340 -106.066017
      vertex -87.915446 -36.415770 -115.951568
      vertex -97.992222 -40.589708 -106.066017
    endloop
  endfacet
  facet normal -0.607484 -0.287318 -0.740548
    outer loop
      vertex -97.992222 -40.589708 -106.066017
      vertex -87.915446 -36.415770 -115.951568
      vertex -83.922739 -44.857639 -115.951568
    endloop
  endfacet
  facet normal -0.607484 -0.287318 -0.740548
    outer loop
      vertex -97.992222 -40.589708 -106.066017
      vertex -83.922739 -44.857639 -115.951568
      vertex -93.541876 -49.999174 -106.066017
    endloop
  endfacet
  facet normal -0.576396 -0.345479 -0.740548
    outer loop
      vertex -93.541876 -49.999174 -106.066017
      vertex -83.922739 -44.857639 -115.951568
      vertex -79.121811 -52.867504 -115.951568
    endloop
  endfacet
  facet normal -0.576396 -0.345479 -0.740548
    outer loop
      vertex -93.541876 -49.999174 -106.066017
      vertex -79.121811 -52.867504 -115.951568
      vertex -88.190670 -58.927122 -106.066017
    endloop
  endfacet
  facet normal -0.539758 -0.400312 -0.740548
    outer loop
      vertex -88.190670 -58.927122 -106.066017
      vertex -79.121811 -52.867504 -115.951568
      vertex -73.558896 -60.368226 -115.951568
    endloop
  endfacet
  facet normal -0.539758 -0.400312 -0.740548
    outer loop
      vertex -88.190670 -58.927122 -106.066017
      vertex -73.558896 -60.368226 -115.951568
      vertex -81.990140 -67.287569 -106.066017
    endloop
  endfacet
  facet normal -0.497922 -0.451290 -0.740548
    outer loop
      vertex -81.990140 -67.287569 -106.066017
      vertex -73.558896 -60.368226 -115.951568
      vertex -67.287569 -67.287569 -115.951568
    endloop
  endfacet
  facet normal -0.497922 -0.451290 -0.740548
    outer loop
      vertex -81.990140 -67.287569 -106.066017
      vertex -67.287569 -67.287569 -115.951568
      vertex -75.000000 -75.000000 -106.066017
    endloop
  endfacet
  facet normal -0.451290 -0.497922 -0.740548
    outer loop
      vertex -75.000000 -75.000000 -106.066017
      vertex -67.287569 -67.287569 -115.951568
      vertex -60.368226 -73.558896 -115.951568
    endloop
  endfacet
  facet normal -0.451290 -0.497922 -0.740548
    outer loop
      vertex -75.000000 -75.000000 -106.066017
      vertex -60.368226 -73.558896 -115.951568
      vertex -67.287569 -81.990140 -106.066017
    endloop
  endfacet
  facet normal -0.400312 -0.539758 -0.740548
    outer loop
      vertex -67.287569 -81.990140 -106.066017
      vertex -60.368226 -73.558896 -115.951568
      vertex -52.867504 -79.121811 -115.951568
    endloop
  endfacet
  facet normal -0.400312 -0.539758 -0.740548
    outer loop
      vertex -67.287569 -81.990140 -106.066017
      vertex -52.867504 -79.121811 -115.951568
      vertex -58.927122 -88.190670 -106.066017
    endloop
  endfacet
  facet normal -0.345479 -0.576396 -0.740548
    outer loop
      vertex -58.927122 -88.190670 -106.066017
      vertex -52.867504 -79.121811 -115.951568
      vertex -44.857639 -83.922739 -115.951568
    endloop
  endfacet
  facet normal -0.345479 -0.576396 -0.740548
    outer loop
      vertex -58.927122 -88.190670 -106.066017
      vertex -44.857639 -83.922739 -115.951568
      vertex -49.999174 -93.541876 -106.066017
    endloop
  endfacet
  facet normal -0.287318 -0.607484 -0.740548
    outer loop
      vertex -49.999174 -93.541876 -106.066017
      vertex -44.857639 -83.922739 -115.951568
      vertex -36.415770 -87.915446 -115.951568
    endloop
  endfacet
  facet normal -0.287318 -0.607484 -0.740548
    outer loop
      vertex -49.999174 -93.541876 -106.066017
      vertex -36.415770 -87.915446 -115.951568
      vertex -40.589708 -97.992222 -106.066017
    endloop
  endfacet
  facet normal -0.226391 -0.632721 -0.740548
    outer loop
      vertex -40.589708 -97.992222 -106.066017
      vertex -36.415770 -87.915446 -115.951568
      vertex -27.623197 -91.061478 -115.951568
    endloop
  endfacet
  facet normal -0.226391 -0.632721 -0.740548
    outer loop
      vertex -40.589708 -97.992222 -106.066017
      vertex -27.623197 -91.061478 -115.951568
      vertex -30.789340 -101.498850 -106.066017
    endloop
  endfacet
  facet normal -0.163283 -0.651864 -0.740548
    outer loop
      vertex -30.789340 -101.498850 -106.066017
      vertex -27.623197 -91.061478 -115.951568
      vertex -18.564599 -93.330539 -115.951568
    endloop
  endfacet
  facet normal -0.163283 -0.651864 -0.740548
    outer loop
      vertex -30.789340 -101.498850 -106.066017
      vertex -18.564599 -93.330539 -115.951568
      vertex -20.692453 -104.027988 -106.066017
    endloop
  endfacet
  facet normal -0.098603 -0.664730 -0.740548
    outer loop
      vertex -20.692453 -104.027988 -106.066017
      vertex -18.564599 -93.330539 -115.951568
      vertex -9.327212 -94.700776 -115.951568
    endloop
  endfacet
  facet normal -0.098603 -0.664730 -0.740548
    outer loop
      vertex -20.692453 -104.027988 -106.066017
      vertex -9.327212 -94.700776 -115.951568
      vertex -10.396288 -105.555280 -106.066017
    endloop
  endfacet
  facet normal -0.032974 -0.671194 -0.740548
    outer loop
      vertex -10.396288 -105.555280 -106.066017
      vertex -9.327212 -94.700776 -115.951568
      vertex -0.000000 -95.158993 -115.951568
    endloop
  endfacet
  facet normal -0.032974 -0.671194 -0.740548
    outer loop
      vertex -10.396288 -105.555280 -106.066017
      vertex -0.000000 -95.158993 -115.951568
      vertex -0.000000 -106.066017 -106.066017
    endloop
  endfacet
  facet normal 0.032974 -0.671194 -0.740548
    outer loop
      vertex -0.000000 -106.066017 -106.066017
      vertex -0.000000 -95.158993 -115.951568
      vertex 9.327212 -94.700776 -115.951568
    endloop
  endfacet
  facet normal 0.032974 -0.671194 -0.740548
    outer loop
      vertex -0.000000 -106.066017 -106.066017
      vertex 9.327212 -94.700776 -115.951568
      vertex 10.396288 -105.555280 -106.066017
    endloop
  endfacet
  facet normal 0.098603 -0.664730 -0.740548
    outer loop
      vertex 10.396288 -105.555280 -106.066017
      vertex 9.327212 -94.700776 -115.951568
      vertex 18.564599 -93.330539 -115.951568
    endloop
  endfacet
  facet normal 0.098603 -0.664730 -0.740548
    outer loop
      vertex 10.396288 -105.555280 -106.066017
      vertex 18.564599 -93.330539 -115.951568
      vertex 20.692453 -104.027988 -106.066017
    endloop
  endfacet
  facet normal 0.163283 -0.651864 -0.740548
    outer loop
      vertex 20.692453 -104.027988 -106.066017
      vertex 18.564599 -93.330539 -115.951568
      vertex 27.623197 -91.061478 -115.951568
    endloop
  endfacet
  facet normal 0.163283 -0.651864 -0.740548
    outer loop
      vertex 20.692453 -104.027988 -106.066017
      vertex 27.623197 -91.061478 -115.951568
      vertex 30.789340 -101.498850 -106.066017
    endloop
  endfacet
  facet normal 0.226391 -0.632721 -0.740548
    outer loop
      vertex 30.789340 -101.498850 -106.066017
      vertex 27.623197 -91.061478 -115.951568
      vertex 36.415770 -87.915446 -115.951568
    endloop
  endfacet
  facet normal 0.226391 -0.632721 -0.740548
    outer loop
      vertex 30.789340 -101.498850 -106.066017
      vertex 36.415770 -87.915446 -115.951568
      vertex 40.589708 -97.992222 -106.066017
    endloop
  endfacet
  facet normal 0.287318 -0.607484 -0.740548
    outer loop
      vertex 40.589708 -97.992222 -106.066017
      vertex 36.415770 -87.915446 -115.951568
      vertex 44.857639 -83.922739 -115.951568
    endloop
  endfacet
  facet normal 0.287318 -0.607484 -0.740548
    outer loop
      vertex 40.589708 -97.992222 -106.066017
      vertex 44.857639 -83.922739 -115.951568
      vertex 49.999174 -93.541876 -106.066017
    endloop
  endfacet
  facet normal 0.345479 -0.576396 -0.740548
    outer loop
      vertex 49.999174 -93.541876 -106.066017
      vertex 44.857639 -83.922739 -115.951568
      vertex 52.867504 -79.121811 -115.951568
    endloop
  endfacet
  facet normal 0.345479 -0.576396 -0.740548
    outer loop
      vertex 49.999174 -93.541876 -106.066017
      vertex 52.867504 -79.121811 -115.951568
      vertex 58.927122 -88.190670 -106.066017
    endloop
  endfacet
  facet normal 0.400312 -0.539758 -0.740548
    outer loop
      vertex 58.927122 -88.190670 -106.066017
      vertex 52.867504 -79.121811 -115.951568
      vertex 60.368226 -73.558896 -115.951568
    endloop
  endfacet
  facet normal 0.400312 -0.539758 -0.740548
    outer loop
      vertex 58.927122 -88.190670 -106.066017
      vertex 60.368226 -73.558896 -115.951568
      vertex 67.287569 -81.990140 -106.066017
    endloop
  endfacet
  facet normal 0.451290 -0.497922 -0.740548
    outer loop
      vertex 67.287569 -81.990140 -106.066017
      vertex 60.368226 -73.558896 -115.951568
      vertex 67.287569 -67.287569 -115.951568
    endloop
  endfacet
  facet normal 0.451290 -0.497922 -0.740548
    outer loop
      vertex 67.287569 -81.990140 -106.066017
      vertex 67.287569 -67.287569 -115.951568
      vertex 75.000000 -75.000000 -106.066017
    endloop
  endfacet
  facet normal 0.497922 -0.451290 -0.740548
    outer loop
      vertex 75.000000 -75.000000 -106.066017
      vertex 67.287569 -67.287569 -115.951568
      vertex 73.558896 -60.368226 -115.951568
    endloop
  endfacet
  facet normal 0.497922 -0.451290 -0.740548
    outer loop
      vertex 75.000000 -75.000000 -106.066017
      vertex 73.558896 -60.368226 -115.951568
      vertex 81.990140 -67.287569 -106.066017
    endloop
  endfacet
  facet normal 0.539758 -0.400312 -0.740548
    outer loop
      vertex 81.990140 -67.287569 -106.066017
      vertex 73.558896 -60.368226 -115.951568
      vertex 79.121811 -52.867504 -115.951568
    endloop
  endfacet
  facet normal 0.539758 -0.400312 -0.740548
    outer loop
      vertex 81.990140 -67.287569 -106.066017
      vertex 79.121811 -52.867504 -115.951568
      vertex 88.190670 -58.927122 -106.066017
    endloop
  endfacet
  facet normal 0.576396 -0.345479 -0.740548
    outer loop
      vertex 88.190670 -58.927122 -106.066017
      vertex 79.121811 -52.867504 -115.951568
      vertex 83.922739 -44.857639 -115.951568
    endloop
  endfacet
  facet normal 0.576396 -0.345479 -0.740548
    outer loop
      vertex 88.190670 -58.927122 -106.066017
      vertex 83.922739 -44.857639 -115.951568
      vertex 93.541876 -49.999174 -106.066017
    endloop
  endfacet
  facet normal 0.607484 -0.287318 -0.740548
    outer loop
      vertex 93.541876 -49.999174 -106.066017
      vertex 83.922739 -44.857639 -115.951568
      vertex 87.915446 -36.415770 -115.951568
    endloop
  endfacet
  facet normal 0.607484 -0.287318 -0.740548
    outer loop
      vertex 93.541876 -49.999174 -106.066017
      vertex 87.915446 -36.415770 -115.951568
      vertex 97.992222 -40.589708 -106.066017
    endloop
  endfacet
  facet normal 0.632721 -0.226391 -0.740548
    outer loop
      vertex 97.992222 -40.589708 -106.066017
      vertex 87.915446 -36.415770 -115.951568
      vertex 91.061478 -27.623197 -115.951568
    endloop
  endfacet
  facet normal 0.632721 -0.226391 -0.740548
    outer loop
      vertex 97.992222 -40.589708 -106.066017
      vertex 91.061478 -27.623197 -115.951568
      vertex 101.498850 -30.789340 -106.066017
    endloop
  endfacet
  facet normal 0.651864 -0.163283 -0.740548
    outer loop
      vertex 101.498850 -30.789340 -106.066017
      vertex 91.061478 -27.623197 -115.951568
      vertex 93.330539 -18.564599 -115.951568
    endloop
  endfacet
  facet normal 0.651864 -0.163283 -0.740548
    outer loop
      vertex 101.498850 -30.789340 -106.066017
      vertex 93.330539 -18.564599 -115.951568
      vertex 104.027988 -20.692453 -106.066017
    endloop
  endfacet
  facet normal 0.664730 -0.098603 -0.740548
    outer loop
      vertex 104.027988 -20.692453 -106.066017
      vertex 93.330539 -18.564599 -115.951568
      vertex 94.700776 -9.327212 -115.951568
    endloop
  endfacet
  facet normal 0.664730 -0.098603 -0.740548
    outer loop
      vertex 104.027988 -20.692453 -106.066017
      vertex 94.700776 -9.327212 -115.951568
      vertex 105.555280 -10.396288 -106.066017
    endloop
  endfacet
  facet normal 0.671194 -0.032974 -0.740548
    outer loop
      vertex 105.555280 -10.396288 -106.066017
      vertex 94.700776 -9.327212 -115.951568
      vertex 95.158993 -0.000000 -115.951568
    endloop
  endfacet
  facet normal 0.671194 -0.032974 -0.740548
    outer loop
      vertex 105.555280 -10.396288 -106.066017
      vertex 95.158993 -0.000000 -115.951568
      vertex 106.066017 -0.000000 -106.066017
    endloop
  endfacet
  facet normal 0.595444 0.029252 -0.802864
    outer loop
      vertex 95.158993 0.000000 -115.951568
      vertex 83.335535 0.000000 -124.720442
      vertex 82.934252 8.168311 -124.720442
    endloop
  endfacet
  facet normal 0.595444 0.029252 -0.802864
    outer loop
      vertex 95.158993 0.000000 -115.951568
      vertex 82.934252 8.168311 -124.720442
      vertex 94.700776 9.327212 -115.951568
    endloop
  endfacet
  facet normal 0.589710 0.087475 -0.802864
    outer loop
      vertex 94.700776 9.327212 -115.951568
      vertex 82.934252 8.168311 -124.720442
      vertex 81.734266 16.257956 -124.720442
    endloop
  endfacet
  facet normal 0.589710 0.087475 -0.802864
    outer loop
      vertex 94.700776 9.327212 -115.951568
      vertex 81.734266 16.257956 -124.720442
      vertex 93.330539 18.564599 -115.951568
    endloop
  endfacet
  facet normal 0.578296 0.144856 -0.802864
    outer loop
      vertex 93.330539 18.564599 -115.951568
      vertex 81.734266 16.257956 -124.720442
      vertex 79.747135 24.191029 -124.720442
    endloop
  endfacet
  facet normal 0.578296 0.144856 -0.802864
    outer loop
      vertex 93.330539 18.564599 -115.951568
      vertex 79.747135 24.191029 -124.720442
      vertex 91.061478 27.623197 -115.951568
    endloop
  endfacet
  facet normal 0.561313 0.200841 -0.802864
    outer loop
      vertex 91.061478 27.623197 -115.951568
      vertex 79.747135 24.191029 -124.720442
      vertex 76.991995 31.891129 -124.720442
    endloop
  endfacet
  facet normal 0.561313 0.200841 -0.802864
    outer loop
      vertex 91.061478 27.623197 -115.951568
      vertex 76.991995 31.891129 -124.720442
      vertex 87.915446 36.415770 -115.951568
    endloop
  endfacet
  facet normal 0.538925 0.254892 -0.802864
    outer loop
      vertex 87.915446 36.415770 -115.951568
      vertex 76.991995 31.891129 -124.720442
      vertex 73.495380 39.284099 -124.720442
    endloop
  endfacet
  facet normal 0.538925 0.254892 -0.802864
    outer loop
      vertex 87.915446 36.415770 -115.951568
      vertex 73.495380 39.284099 -124.720442
      vertex 83.922739 44.857639 -115.951568
    endloop
  endfacet
  facet normal 0.511346 0.306489 -0.802864
    outer loop
      vertex 83.922739 44.857639 -115.951568
      vertex 73.495380 39.284099 -124.720442
      vertex 69.290965 46.298743 -124.720442
    endloop
  endfacet
  facet normal 0.511346 0.306489 -0.802864
    outer loop
      vertex 83.922739 44.857639 -115.951568
      vertex 69.290965 46.298743 -124.720442
      vertex 79.121811 52.867504 -115.951568
    endloop
  endfacet
  facet normal 0.478842 0.355134 -0.802864
    outer loop
      vertex 79.121811 52.867504 -115.951568
      vertex 69.290965 46.298743 -124.720442
      vertex 64.419240 52.867504 -124.720442
    endloop
  endfacet
  facet normal 0.478842 0.355134 -0.802864
    outer loop
      vertex 79.121811 52.867504 -115.951568
      vertex 64.419240 52.867504 -124.720442
      vertex 73.558896 60.368226 -115.951568
    endloop
  endfacet
  facet normal 0.441727 0.400358 -0.802864
    outer loop
      vertex 73.558896 60.368226 -115.951568
      vertex 64.419240 52.867504 -124.720442
      vertex 58.927122 58.927122 -124.720442
    endloop
  endfacet
  facet normal 0.441727 0.400358 -0.802864
    outer loop
      vertex 73.558896 60.368226 -115.951568
      vertex 58.927122 58.927122 -124.720442
      vertex 67.287569 67.287569 -115.951568
    endloop
  endfacet
  facet normal 0.400358 0.441727 -0.802864
    outer loop
      vertex 67.287569 67.287569 -115.951568
      vertex 58.927122 58.927122 -124.720442
      vertex 52.867504 64.419240 -124.720442
    endloop
  endfacet
  facet normal 0.400358 0.441727 -0.802864
    outer loop
      vertex 67.287569 67.287569 -115.951568
      vertex 52.867504 64.419240 -124.720442
      vertex 60.368226 73.558896 -115.951568
    endloop
  endfacet
  facet normal 0.355134 0.478842 -0.802864
    outer loop
      vertex 60.368226 73.558896 -115.951568
      vertex 52.867504 64.419240 -124.720442
      vertex 46.298743 69.290965 -124.720442
    endloop
  endfacet
  facet normal 0.355134 0.478842 -0.802864
    outer loop
      vertex 60.368226 73.558896 -115.951568
      vertex 46.298743 69.290965 -124.720442
      vertex 52.867504 79.121811 -115.951568
    endloop
  endfacet
  facet normal 0.306489 0.511346 -0.802864
    outer loop
      vertex 52.867504 79.121811 -115.951568
      vertex 46.298743 69.290965 -124.720442
      vertex 39.284099 73.495380 -124.720442
    endloop
  endfacet
  facet normal 0.306489 0.511346 -0.802864
    outer loop
      vertex 52.867504 79.121811 -115.951568
      vertex 39.284099 73.495380 -124.720442
      vertex 44.857639 83.922739 -115.951568
    endloop
  endfacet
  facet normal 0.254892 0.538925 -0.802864
    outer loop
      vertex 44.857639 83.922739 -115.951568
      vertex 39.284099 73.495380 -124.720442
      vertex 31.891129 76.991995 -124.720442
    endloop
  endfacet
  facet normal 0.254892 0.538925 -0.802864
    outer loop
      vertex 44.857639 83.922739 -115.951568
      vertex 31.891129 76.991995 -124.720442
      vertex 36.415770 87.915446 -115.951568
    endloop
  endfacet
  facet normal 0.200841 0.561313 -0.802864
    outer loop
      vertex 36.415770 87.915446 -115.951568
      vertex 31.891129 76.991995 -124.720442
      vertex 24.191029 79.747135 -124.720442
    endloop
  endfacet
  facet normal 0.200841 0.561313 -0.802864
    outer loop
      vertex 36.415770 87.915446 -115.951568
      vertex 24.191029 79.747135 -124.720442
      vertex 27.623197 91.061478 -115.951568
    endloop
  endfacet
  facet normal 0.144856 0.578296 -0.802864
    outer loop
      vertex 27.623197 91.061478 -115.951568
      vertex 24.191029 79.747135 -124.720442
      vertex 16.257956 81.734266 -124.720442
    endloop
  endfacet
  facet normal 0.144856 0.578296 -0.802864
    outer loop
      vertex 27.623197 91.061478 -115.951568
      vertex 16.257956 81.734266 -124.720442
      vertex 18.564599 93.330539 -115.951568
    endloop
  endfacet
  facet normal 0.087475 0.589710 -0.802864
    outer loop
      vertex 18.564599 93.330539 -115.951568
      vertex 16.257956 81.734266 -124.720442
      vertex 8.168311 82.934252 -124.720442
    endloop
  endfacet
  facet normal 0.087475 0.589710 -0.802864
    outer loop
      vertex 18.564599 93.330539 -115.951568
      vertex 8.168311 82.934252 -124.720442
      vertex 9.327212 94.700776 -115.951568
    endloop
  endfacet
  facet normal 0.029252 0.595444 -0.802864
    outer loop
      vertex 9.327212 94.700776 -115.951568
      vertex 8.168311 82.934252 -124.720442
      vertex 0.000000 83.335535 -124.720442
    endloop
  endfacet
  facet normal 0.029252 0.595444 -0.802864
    outer loop
      vertex 9.327212 94.700776 -115.951568
      vertex 0.000000 83.335535 -124.720442
      vertex 0.000000 95.158993 -115.951568
    endloop
  endfacet
  facet normal -0.029252 0.595444 -0.802864
    outer loop
      vertex 0.000000 95.158993 -115.951568
      vertex 0.000000 83.335535 -124.720442
      vertex -8.168311 82.934252 -124.720442
    endloop
  endfacet
  facet normal -0.029252 0.595444 -0.802864
    outer loop
      vertex 0.000000 95.158993 -115.951568
      vertex -8.168311 82.934252 -124.720442
      vertex -9.327212 94.700776 -115.951568
    endloop
  endfacet
  facet normal -0.087475 0.589710 -0.802864
    outer loop
      vertex -9.327212 94.700776 -115.951568
      vertex -8.168311 82.934252 -124.720442
      vertex -16.257956 81.734266 -124.720442
    endloop
  endfacet
  facet normal -0.087475 0.589710 -0.802864
    outer loop
      vertex -9.327212 94.700776 -115.951568
      vertex -16.257956 81.734266 -124.720442
      vertex -18.564599 93.330539 -115.951568
    endloop
  endfacet
  facet normal -0.144856 0.578296 -0.802864
    outer loop
      vertex -18.564599 93.330539 -115.951568
      vertex -16.257956 81.734266 -124.720442
      vertex -24.191029 79.747135 -124.720442
    endloop
  endfacet
  facet normal -0.144856 0.578296 -0.802864
    outer loop
      vertex -18.564599 93.330539 -115.951568
      vertex -24.191029 79.747135 -124.720442
      vertex -27.623197 91.061478 -115.951568
    endloop
  endfacet
  facet normal -0.200841 0.561313 -0.802864
    outer loop
      vertex -27.623197 91.061478 -115.951568
      vertex -24.191029 79.747135 -124.720442
      vertex -31.891129 76.991995 -124.720442
    endloop
  endfacet
  facet normal -0.200841 0.561313 -0.802864
    outer loop
      vertex -27.623197 91.061478 -115.951568
      vertex -31.891129 76.991995 -124.720442
      vertex -36.415770 87.915446 -115.951568
    endloop
  endfacet
  facet normal -0.254892 0.538925 -0.802864
    outer loop
      vertex -36.415770 87.915446 -115.951568
      vertex -31.891129 76.991995 -124.720442
      vertex -39.284099 73.495380 -124.720442
    endloop
  endfacet
  facet normal -0.254892 0.538925 -0.802864
    outer loop
      vertex -36.415770 87.915446 -115.951568
      vertex -39.284099 73.495380 -124.720442
      vertex -44.857639 83.922739 -115.951568
    endloop
  endfacet
  facet normal -0.306489 0.511346 -0.802864
    outer loop
      vertex -44.857639 83.922739 -115.951568
      vertex -39.284099 73.495380 -124.720442
      vertex -46.298743 69.290965 -124.720442
    endloop
  endfacet
  facet normal -0.306489 0.511346 -0.802864
    outer loop
      vertex -44.857639 83.922739 -115.951568
      vertex -46.298743 69.290965 -124.720442
      vertex -52.867504 79.121811 -115.951568
    endloop
  endfacet
  facet normal -0.355134 0.478842 -0.802864
    outer loop
      vertex -52.867504 79.121811 -115.951568
      vertex -46.298743 69.290965 -124.720442
      vertex -52.867504 64.419240 -124.720442
    endloop
  endfacet
  facet normal -0.355134 0.478842 -0.802864
    outer loop
      vertex -52.867504 79.121811 -115.951568
      vertex -52.867504 64.419240 -124.720442
      vertex -60.368226 73.558896 -115.951568
    endloop
  endfacet
  facet normal -0.400358 0.441727 -0.802864
    outer loop
      vertex -60.368226 73.558896 -115.951568
      vertex -52.867504 64.419240 -124.720442
      vertex -58.927122 58.927122 -124.720442
    endloop
  endfacet
  facet normal -0.400358 0.441727 -0.802864
    outer loop
      vertex -60.368226 73.558896 -115.951568
      vertex -58.927122 58.927122 -124.720442
      vertex -67.287569 67.287569 -115.951568
    endloop
  endfacet
  facet normal -0.441727 0.400358 -0.802864
    outer loop
      vertex -67.287569 67.287569 -115.951568
      vertex -58.927122 58.927122 -124.720442
      vertex -64.419240 52.867504 -124.720442
    endloop
  endfacet
  facet normal -0.441727 0.400358 -0.802864
    outer loop
      vertex -67.287569 67.287569 -115.951568
      vertex -64.419240 52.867504 -124.720442
      vertex -73.558896 60.368226 -115.951568
    endloop
  endfacet
  facet normal -0.478842 0.355134 -0.802864
    outer loop
      vertex -73.558896 60.368226 -115.951568
      vertex -64.419240 52.867504 -124.720442
      vertex -69.290965 46.298743 -124.720442
    endloop
  endfacet
  facet normal -0.478842 0.355134 -0.802864
    outer loop
      vertex -73.558896 60.368226 -115.951568
      vertex -69.290965 46.298743 -124.720442
      vertex -79.121811 52.867504 -115.951568
    endloop
  endfacet
  facet normal -0.511346 0.306489 -0.802864
    outer loop
      vertex -79.121811 52.867504 -115.951568
      vertex -69.290965 46.298743 -124.720442
      vertex -73.495380 39.284099 -124.720442
    endloop
  endfacet
  facet normal -0.511346 0.306489 -0.802864
    outer loop
      vertex -79.121811 52.867504 -115.951568
      vertex -73.495380 39.284099 -124.720442
      vertex -83.922739 44.857639 -115.951568
    endloop
  endfacet
  facet normal -0.538925 0.254892 -0.802864
    outer loop
      vertex -83.922739 44.857639 -115.951568
      vertex -73.495380 39.284099 -124.720442
      vertex -76.991995 31.891129 -124.720442
    endloop
  endfacet
  facet normal -0.538925 0.254892 -0.802864
    outer loop
      vertex -83.922739 44.857639 -115.951568
      vertex -76.991995 31.891129 -124.720442
      vertex -87.915446 36.415770 -115.951568
    endloop
  endfacet
  facet normal -0.561313 0.200841 -0.802864
    outer loop
      vertex -87.915446 36.415770 -115.951568
      vertex -76.991995 31.891129 -124.720442
      vertex -79.747135 24.191029 -124.720442
    endloop
  endfacet
  facet normal -0.561313 0.200841 -0.802864
    outer loop
      vertex -87.915446 36.415770 -115.951568
      vertex -79.747135 24.191029 -124.720442
      vertex -91.061478 27.623197 -115.951568
    endloop
  endfacet
  facet normal -0.578296 0.144856 -0.802864
    outer loop
      vertex -91.061478 27.623197 -115.951568
      vertex -79.747135 24.191029 -124.720442
      vertex -81.734266 16.257956 -124.720442
    endloop
  endfacet
  facet normal -0.578296 0.144856 -0.802864
    outer loop
      vertex -91.061478 27.623197 -115.951568
      vertex -81.734266 16.257956 -124.720442
      vertex -93.330539 18.564599 -115.951568
    endloop
  endfacet
  facet normal -0.589710 0.087475 -0.802864
    outer loop
      vertex -93.330539 18.564599 -115.951568
      vertex -81.734266 16.257956 -124.720442
      vertex -82.934252 8.168311 -124.720442
    endloop
  endfacet
  facet normal -0.589710 0.087475 -0.802864
    outer loop
      vertex -93.330539 18.564599 -115.951568
      vertex -82.934252 8.168311 -124.720442
      vertex -94.700776 9.327212 -115.951568
    endloop
  endfacet
  facet normal -0.595444 0.029252 -0.802864
    outer loop
      vertex -94.700776 9.327212 -115.951568
      vertex -82.934252 8.168311 -124.720442
      vertex -83.335535 0.000000 -124.720442
    endloop
  endfacet
  facet normal -0.595444 0.029252 -0.802864
    outer loop
      vertex -94.700776 9.327212 -115.951568
      vertex -83.335535 0.000000 -124.720442
      vertex -95.158993 0.000000 -115.951568
    endloop
  endfacet
  facet normal -0.595444 -0.029252 -0.802864
    outer loop
      vertex -95.158993 0.000000 -115.951568
      vertex -83.335535 0.000000 -124.720442
      vertex -82.934252 -8.168311 -124.720442
    endloop
  endfacet
  facet normal -0.595444 -0.029252 -0.802864
    outer loop
      vertex -95.158993 0.000000 -115.951568
      vertex -82.934252 -8.168311 -124.720442
      vertex -94.700776 -9.327212 -115.951568
    endloop
  endfacet
  facet normal -0.589710 -0.087475 -0.802864
    outer loop
      vertex -94.700776 -9.327212 -115.951568
      vertex -82.934252 -8.168311 -124.720442
      vertex -81.734266 -16.257956 -124.720442
    endloop
  endfacet
  facet normal -0.589710 -0.087475 -0.802864
    outer loop
      vertex -94.700776 -9.327212 -115.951568
      vertex -81.734266 -16.257956 -124.720442
      vertex -93.330539 -18.564599 -115.951568
    endloop
  endfacet
  facet normal -0.578296 -0.144856 -0.802864
    outer loop
      vertex -93.330539 -18.564599 -115.951568
      vertex -81.734266 -16.257956 -124.720442
      vertex -79.747135 -24.191029 -124.720442
    endloop
  endfacet
  facet normal -0.578296 -0.144856 -0.802864
    outer loop
      vertex -93.330539 -18.564599 -115.951568
      vertex -79.747135 -24.191029 -124.720442
      vertex -91.061478 -27.623197 -115.951568
    endloop
  endfacet
  facet normal -0.561313 -0.200841 -0.802864
    outer loop
      vertex -91.061478 -27.623197 -115.951568
      vertex -79.747135 -24.191029 -124.720442
      vertex -76.991995 -31.891129 -124.720442
    endloop
  endfacet
  facet normal -0.561313 -0.200841 -0.802864
    outer loop
      vertex -91.061478 -27.623197 -115.951568
      vertex -76.991995 -31.891129 -124.720442
      vertex -87.915446 -36.415770 -115.951568
    endloop
  endfacet
  facet normal -0.538925 -0.254892 -0.802864
    outer loop
      vertex -87.915446 -36.415770 -115.951568
      vertex -76.991995 -31.891129 -124.720442
      vertex -73.495380 -39.284099 -124.720442
    endloop
  endfacet
  facet normal -0.538925 -0.254892 -0.802864
    outer loop
      vertex -87.915446 -36.415770 -115.951568
      vertex -73.495380 -39.284099 -124.720442
      vertex -83.922739 -44.857639 -115.951568
    endloop
  endfacet
  facet normal -0.511346 -0.306489 -0.802864
    outer loop
      vertex -83.922739 -44.857639 -115.951568
      vertex -73.495380 -39.284099 -124.720442
      vertex -69.290965 -46.298743 -124.720442
    endloop
  endfacet
  facet normal -0.511346 -0.306489 -0.802864
    outer loop
      vertex -83.922739 -44.857639 -115.951568
      vertex -69.290965 -46.298743 -124.720442
      vertex -79.121811 -52.867504 -115.951568
    endloop
  endfacet
  facet normal -0.478842 -0.355134 -0.802864
    outer loop
      vertex -79.121811 -52.867504 -115.951568
      vertex -69.290965 -46.298743 -124.720442
      vertex -64.419240 -52.867504 -124.720442
    endloop
  endfacet
  facet normal -0.478842 -0.355134 -0.802864
    outer loop
      vertex -79.121811 -52.867504 -115.951568
      vertex -64.419240 -52.867504 -124.720442
      vertex -73.558896 -60.368226 -115.951568
    endloop
  endfacet
  facet normal -0.441727 -0.400358 -0.802864
    outer loop
      vertex -73.558896 -60.368226 -115.951568
      vertex -64.419240 -52.867504 -124.720442
      vertex -58.927122 -58.927122 -124.720442
    endloop
  endfacet
  facet normal -0.441727 -0.400358 -0.802864
    outer loop
      vertex -73.558896 -60.368226 -115.951568
      vertex -58.927122 -58.927122 -124.720442
      vertex -67.287569 -67.287569 -115.951568
    endloop
  endfacet
  facet normal -0.400358 -0.441727 -0.802864
    outer loop
      vertex -67.287569 -67.287569 -115.951568
      vertex -58.927122 -58.927122 -124.720442
      vertex -52.867504 -64.419240 -124.720442
    endloop
  endfacet
  facet normal -0.400358 -0.441727 -0.802864
    outer loop
      vertex -67.287569 -67.287569 -115.951568
      vertex -52.867504 -64.419240 -124.720442
      vertex -60.368226 -73.558896 -115.951568
    endloop
  endfacet
  facet normal -0.355134 -0.478842 -0.802864
    outer loop
      vertex -60.368226 -73.558896 -115.951568
      vertex -52.867504 -64.419240 -124.720442
      vertex -46.298743 -69.290965 -124.720442
    endloop
  endfacet
  facet normal -0.355134 -0.478842 -0.802864
    outer loop
      vertex -60.368226 -73.558896 -115.951568
      vertex -46.298743 -69.290965 -124.720442
      vertex -52.867504 -79.121811 -115.951568
    endloop
  endfacet
  facet normal -0.306489 -0.511346 -0.802864
    outer loop
      vertex -52.867504 -79.121811 -115.951568
      vertex -46.298743 -69.290965 -124.720442
      vertex -39.284099 -73.495380 -124.720442
    endloop
  endfacet
  facet normal -0.306489 -0.511346 -0.802864
    outer loop
      vertex -52.867504 -79.121811 -115.951568
      vertex -39.284099 -73.495380 -124.720442
      vertex -44.857639 -83.922739 -115.951568
    endloop
  endfacet
  facet normal -0.254892 -0.538925 -0.802864
    outer loop
      vertex -44.857639 -83.922739 -115.951568
      vertex -39.284099 -73.495380 -124.720442
      vertex -31.891129 -76.991995 -124.720442
    endloop
  endfacet
  facet normal -0.254892 -0.538925 -0.802864
    outer loop
      vertex -44.857639 -83.922739 -115.951568
      vertex -31.891129 -76.991995 -124.720442
      vertex -36.415770 -87.915446 -115.951568
    endloop
  endfacet
  facet normal -0.200841 -0.561313 -0.802864
    outer loop
      vertex -36.415770 -87.915446 -115.951568
      vertex -31.891129 -76.991995 -124.720442
      vertex -24.191029 -79.747135 -124.720442
    endloop
  endfacet
  facet normal -0.200841 -0.561313 -0.802864
    outer loop
      vertex -36.415770 -87.915446 -115.951568
      vertex -24.191029 -79.747135 -124.720442
      vertex -27.623197 -91.061478 -115.951568
    endloop
  endfacet
  facet normal -0.144856 -0.578296 -0.802864
    outer loop
      vertex -27.623197 -91.061478 -115.951568
      vertex -24.191029 -79.747135 -124.720442
      vertex -16.257956 -81.734266 -124.720442
    endloop
  endfacet
  facet normal -0.144856 -0.578296 -0.802864
    outer loop
      vertex -27.623197 -91.061478 -115.951568
      vertex -16.257956 -81.734266 -124.720442
      vertex -18.564599 -93.330539 -115.951568
    endloop
  endfacet
  facet normal -0.087475 -0.589710 -0.802864
    outer loop
      vertex -18.564599 -93.330539 -115.951568
      vertex -16.257956 -81.734266 -124.720442
      vertex -8.168311 -82.934252 -124.720442
    endloop
  endfacet
  facet normal -0.087475 -0.589710 -0.802864
    outer loop
      vertex -18.564599 -93.330539 -115.951568
      vertex -8.168311 -82.934252 -124.720442
      vertex -9.327212 -94.700776 -115.951568
    endloop
  endfacet
  facet normal -0.029252 -0.595444 -0.802864
    outer loop
      vertex -9.327212 -94.700776 -115.951568
      vertex -8.168311 -82.934252 -124.720442
      vertex -0.000000 -83.335535 -124.720442
    endloop
  endfacet
  facet normal -0.029252 -0.595444 -0.802864
    outer loop
      vertex -9.327212 -94.700776 -115.951568
      vertex -0.000000 -83.335535 -124.720442
      vertex -0.000000 -95.158993 -115.951568
    endloop
  endfacet
  facet normal 0.029252 -0.595444 -0.802864
    outer loop
      vertex -0.000000 -95.158993 -115.951568
      vertex -0.000000 -83.335535 -124.720442
      vertex 8.168311 -82.934252 -124.720442
    endloop
  endfacet
  facet normal 0.029252 -0.595444 -0.802864
    outer loop
      vertex -0.000000 -95.158993 -115.951568
      vertex 8.168311 -82.934252 -124.720442
      vertex 9.327212 -94.700776 -115.951568
    endloop
  endfacet
  facet normal 0.087475 -0.589710 -0.802864
    outer loop
      vertex 9.327212 -94.700776 -115.951568
      vertex 8.168311 -82.934252 -124.720442
      vertex 16.257956 -81.734266 -124.720442
    endloop
  endfacet
  facet normal 0.087475 -0.589710 -0.802864
    outer loop
      vertex 9.327212 -94.700776 -115.951568
      vertex 16.257956 -81.734266 -124.720442
      vertex 18.564599 -93.330539 -115.951568
    endloop
  endfacet
  facet normal 0.144856 -0.578296 -0.802864
    outer loop
      vertex 18.564599 -93.330539 -115.951568
      vertex 16.257956 -81.734266 -124.720442
      vertex 24.191029 -79.747135 -124.720442
    endloop
  endfacet
  facet normal 0.144856 -0.578296 -0.802864
    outer loop
      vertex 18.564599 -93.330539 -115.951568
      vertex 24.191029 -79.747135 -124.720442
      vertex 27.623197 -91.061478 -115.951568
    endloop
  endfacet
  facet normal 0.200841 -0.561313 -0.802864
    outer loop
      vertex 27.623197 -91.061478 -115.951568
      vertex 24.191029 -79.747135 -124.720442
      vertex 31.891129 -76.991995 -124.720442
    endloop
  endfacet
  facet normal 0.200841 -0.561313 -0.802864
    outer loop
      vertex 27.623197 -91.061478 -115.951568
      vertex 31.891129 -76.991995 -124.720442
      vertex 36.415770 -87.915446 -115.951568
    endloop
  endfacet
  facet normal 0.254892 -0.538925 -0.802864
    outer loop
      vertex 36.415770 -87.915446 -115.951568
      vertex 31.891129 -76.991995 -124.720442
      vertex 39.284099 -73.495380 -124.720442
    endloop
  endfacet
  facet normal 0.254892 -0.538925 -0.802864
    outer loop
      vertex 36.415770 -87.915446 -115.951568
      vertex 39.284099 -73.495380 -124.720442
      vertex 44.857639 -83.922739 -115.951568
    endloop
  endfacet
  facet normal 0.306489 -0.511346 -0.802864
    outer loop
      vertex 44.857639 -83.922739 -115.951568
      vertex 39.284099 -73.495380 -124.720442
      vertex 46.298743 -69.290965 -124.720442
    endloop
  endfacet
  facet normal 0.306489 -0.511346 -0.802864
    outer loop
      vertex 44.857639 -83.922739 -115.951568
      vertex 46.298743 -69.290965 -124.720442
      vertex 52.867504 -79.121811 -115.951568
    endloop
  endfacet
  facet normal 0.355134 -0.478842 -0.802864
    outer loop
      vertex 52.867504 -79.121811 -115.951568
      vertex 46.298743 -69.290965 -124.720442
      vertex 52.867504 -64.419240 -124.720442
    endloop
  endfacet
  facet normal 0.355134 -0.478842 -0.802864
    outer loop
      vertex 52.867504 -79.121811 -115.951568
      vertex 52.867504 -64.419240 -124.720442
      vertex 60.368226 -73.558896 -115.951568
    endloop
  endfacet
  facet normal 0.400358 -0.441727 -0.802864
    outer loop
      vertex 60.368226 -73.558896 -115.951568
      vertex 52.867504 -64.419240 -124.720442
      vertex 58.927122 -58.927122 -124.720442
    endloop
  endfacet
  facet normal 0.400358 -0.441727 -0.802864
    outer loop
      vertex 60.368226 -73.558896 -115.951568
      vertex 58.927122 -58.927122 -124.720442
      vertex 67.287569 -67.287569 -115.951568
    endloop
  endfacet
  facet normal 0.441727 -0.400358 -0.802864
    outer loop
      vertex 67.287569 -67.287569 -115.951568
      vertex 58.927122 -58.927122 -124.720442
      vertex 64.419240 -52.867504 -124.720442
    endloop
  endfacet
  facet normal 0.441727 -0.400358 -0.802864
    outer loop
      vertex 67.287569 -67.287569 -115.951568
      vertex 64.419240 -52.867504 -124.720442
      vertex 73.558896 -60.368226 -115.951568
    endloop
  endfacet
  facet normal 0.478842 -0.355134 -0.802864
    outer loop
      vertex 73.558896 -60.368226 -115.951568
      vertex 64.419240 -52.867504 -124.720442
      vertex 69.290965 -46.298743 -124.720442
    endloop
  endfacet
  facet normal 0.478842 -0.355134 -0.802864
    outer loop
      vertex 73.558896 -60.368226 -115.951568
      vertex 69.290965 -46.298743 -124.720442
      vertex 79.121811 -52.867504 -115.951568
    endloop
  endfacet
  facet normal 0.511346 -0.306489 -0.802864
    outer loop
      vertex 79.121811 -52.867504 -115.951568
      vertex 69.290965 -46.298743 -124.720442
      vertex 73.495380 -39.284099 -124.720442
    endloop
  endfacet
  facet normal 0.511346 -0.306489 -0.802864
    outer loop
      vertex 79.121811 -52.867504 -115.951568
      vertex 73.495380 -39.284099 -124.720442
      vertex 83.922739 -44.857639 -115.951568
    endloop
  endfacet
  facet normal 0.538925 -0.254892 -0.802864
    outer loop
      vertex 83.922739 -44.857639 -115.951568
      vertex 73.495380 -39.284099 -124.720442
      vertex 76.991995 -31.891129 -124.720442
    endloop
  endfacet
  facet normal 0.538925 -0.254892 -0.802864
    outer loop
      vertex 83.922739 -44.857639 -115.951568
      vertex 76.991995 -31.891129 -124.720442
      vertex 87.915446 -36.415770 -115.951568
    endloop
  endfacet
  facet normal 0.561313 -0.200841 -0.802864
    outer loop
      vertex 87.915446 -36.415770 -115.951568
      vertex 76.991995 -31.891129 -124.720442
      vertex 79.747135 -24.191029 -124.720442
    endloop
  endfacet
  facet normal 0.561313 -0.200841 -0.802864
    outer loop
      vertex 87.915446 -36.415770 -115.951568
      vertex 79.747135 -24.191029 -124.720442
      vertex 91.061478 -27.623197 -115.951568
    endloop
  endfacet
  facet normal 0.578296 -0.144856 -0.802864
    outer loop
      vertex 91.061478 -27.623197 -115.951568
      vertex 79.747135 -24.191029 -124.720442
      vertex 81.734266 -16.257956 -124.720442
    endloop
  endfacet
  facet normal 0.578296 -0.144856 -0.802864
    outer loop
      vertex 91.061478 -27.623197 -115.951568
      vertex 81.734266 -16.257956 -124.720442
      vertex 93.330539 -18.564599 -115.951568
    endloop
  endfacet
  facet normal 0.589710 -0.087475 -0.802864
    outer loop
      vertex 93.330539 -18.564599 -115.951568
      vertex 81.734266 -16.257956 -124.720442
      vertex 82.934252 -8.168311 -124.720442
    endloop
  endfacet
  facet normal 0.589710 -0.087475 -0.802864
    outer loop
      vertex 93.330539 -18.564599 -115.951568
      vertex 82.934252 -8.168311 -124.720442
      vertex 94.700776 -9.327212 -115.951568
    endloop
  endfacet
  facet normal 0.595444 -0.029252 -0.802864
    outer loop
      vertex 94.700776 -9.327212 -115.951568
      vertex 82.934252 -8.168311 -124.720442
      vertex 83.335535 -0.000000 -124.720442
    endloop
  endfacet
  facet normal 0.595444 -0.029252 -0.802864
    outer loop
      vertex 94.700776 -9.327212 -115.951568
      vertex 83.335535 -0.000000 -124.720442
      vertex 95.158993 -0.000000 -115.951568
    endloop
  endfacet
  facet normal 0.513939 0.025248 -0.857455
    outer loop
      vertex 83.335535 0.000000 -124.720442
      vertex 70.709511 0.000000 -132.288190
      vertex 70.369025 6.930744 -132.288190
    endloop
  endfacet
  facet normal 0.513939 0.025248 -0.857455
    outer loop
      vertex 83.335535 0.000000 -124.720442
      vertex 70.369025 6.930744 -132.288190
      vertex 82.934252 8.168311 -124.720442
    endloop
  endfacet
  facet normal 0.508989 0.075501 -0.857455
    outer loop
      vertex 82.934252 8.168311 -124.720442
      vertex 70.369025 6.930744 -132.288190
      vertex 69.350847 13.794741 -132.288190
    endloop
  endfacet
  facet normal 0.508989 0.075501 -0.857455
    outer loop
      vertex 82.934252 8.168311 -124.720442
      vertex 69.350847 13.794741 -132.288190
      vertex 81.734266 16.257956 -124.720442
    endloop
  endfacet
  facet normal 0.499138 0.125028 -0.857455
    outer loop
      vertex 81.734266 16.257956 -124.720442
      vertex 69.350847 13.794741 -132.288190
      vertex 67.664783 20.525887 -132.288190
    endloop
  endfacet
  facet normal 0.499138 0.125028 -0.857455
    outer loop
      vertex 81.734266 16.257956 -124.720442
      vertex 67.664783 20.525887 -132.288190
      vertex 79.747135 24.191029 -124.720442
    endloop
  endfacet
  facet normal 0.484480 0.173350 -0.857455
    outer loop
      vertex 79.747135 24.191029 -124.720442
      vertex 67.664783 20.525887 -132.288190
      vertex 65.327070 27.059358 -132.288190
    endloop
  endfacet
  facet normal 0.484480 0.173350 -0.857455
    outer loop
      vertex 79.747135 24.191029 -124.720442
      vertex 65.327070 27.059358 -132.288190
      vertex 76.991995 31.891129 -124.720442
    endloop
  endfacet
  facet normal 0.465156 0.220002 -0.857455
    outer loop
      vertex 76.991995 31.891129 -124.720442
      vertex 65.327070 27.059358 -132.288190
      vertex 62.360221 33.332233 -132.288190
    endloop
  endfacet
  facet normal 0.465156 0.220002 -0.857455
    outer loop
      vertex 76.991995 31.891129 -124.720442
      vertex 62.360221 33.332233 -132.288190
      vertex 73.495380 39.284099 -124.720442
    endloop
  endfacet
  facet normal 0.441352 0.264536 -0.857455
    outer loop
      vertex 73.495380 39.284099 -124.720442
      vertex 62.360221 33.332233 -132.288190
      vertex 58.792809 39.284099 -132.288190
    endloop
  endfacet
  facet normal 0.441352 0.264536 -0.857455
    outer loop
      vertex 73.495380 39.284099 -124.720442
      vertex 58.792809 39.284099 -132.288190
      vertex 69.290965 46.298743 -124.720442
    endloop
  endfacet
  facet normal 0.413297 0.306522 -0.857455
    outer loop
      vertex 69.290965 46.298743 -124.720442
      vertex 58.792809 39.284099 -132.288190
      vertex 54.659191 44.857639 -132.288190
    endloop
  endfacet
  facet normal 0.413297 0.306522 -0.857455
    outer loop
      vertex 69.290965 46.298743 -124.720442
      vertex 54.659191 44.857639 -132.288190
      vertex 64.419240 52.867504 -124.720442
    endloop
  endfacet
  facet normal 0.381263 0.345556 -0.857455
    outer loop
      vertex 64.419240 52.867504 -124.720442
      vertex 54.659191 44.857639 -132.288190
      vertex 49.999174 49.999174 -132.288190
    endloop
  endfacet
  facet normal 0.381263 0.345556 -0.857455
    outer loop
      vertex 64.419240 52.867504 -124.720442
      vertex 49.999174 49.999174 -132.288190
      vertex 58.927122 58.927122 -124.720442
    endloop
  endfacet
  facet normal 0.345556 0.381263 -0.857455
    outer loop
      vertex 58.927122 58.927122 -124.720442
      vertex 49.999174 49.999174 -132.288190
      vertex 44.857639 54.659191 -132.288190
    endloop
  endfacet
  facet normal 0.345556 0.381263 -0.857455
    outer loop
      vertex 58.927122 58.927122 -124.720442
      vertex 44.857639 54.659191 -132.288190
      vertex 52.867504 64.419240 -124.720442
    endloop
  endfacet
  facet normal 0.306522 0.413297 -0.857455
    outer loop
      vertex 52.867504 64.419240 -124.720442
      vertex 44.857639 54.659191 -132.288190
      vertex 39.284099 58.792809 -132.288190
    endloop
  endfacet
  facet normal 0.306522 0.413297 -0.857455
    outer loop
      vertex 52.867504 64.419240 -124.720442
      vertex 39.284099 58.792809 -132.288190
      vertex 46.298743 69.290965 -124.720442
    endloop
  endfacet
  facet normal 0.264536 0.441352 -0.857455
    outer loop
      vertex 46.298743 69.290965 -124.720442
      vertex 39.284099 58.792809 -132.288190
      vertex 33.332233 62.360221 -132.288190
    endloop
  endfacet
  facet normal 0.264536 0.441352 -0.857455
    outer loop
      vertex 46.298743 69.290965 -124.720442
      vertex 33.332233 62.360221 -132.288190
      vertex 39.284099 73.495380 -124.720442
    endloop
  endfacet
  facet normal 0.220002 0.465156 -0.857455
    outer loop
      vertex 39.284099 73.495380 -124.720442
      vertex 33.332233 62.360221 -132.288190
      vertex 27.059358 65.327070 -132.288190
    endloop
  endfacet
  facet normal 0.220002 0.465156 -0.857455
    outer loop
      vertex 39.284099 73.495380 -124.720442
      vertex 27.059358 65.327070 -132.288190
      vertex 31.891129 76.991995 -124.720442
    endloop
  endfacet
  facet normal 0.173350 0.484480 -0.857455
    outer loop
      vertex 31.891129 76.991995 -124.720442
      vertex 27.059358 65.327070 -132.288190
      vertex 20.525887 67.664783 -132.288190
    endloop
  endfacet
  facet normal 0.173350 0.484480 -0.857455
    outer loop
      vertex 31.891129 76.991995 -124.720442
      vertex 20.525887 67.664783 -132.288190
      vertex 24.191029 79.747135 -124.720442
    endloop
  endfacet
  facet normal 0.125028 0.499138 -0.857455
    outer loop
      vertex 24.191029 79.747135 -124.720442
      vertex 20.525887 67.664783 -132.288190
      vertex 13.794741 69.350847 -132.288190
    endloop
  endfacet
  facet normal 0.125028 0.499138 -0.857455
    outer loop
      vertex 24.191029 79.747135 -124.720442
      vertex 13.794741 69.350847 -132.288190
      vertex 16.257956 81.734266 -124.720442
    endloop
  endfacet
  facet normal 0.075501 0.508989 -0.857455
    outer loop
      vertex 16.257956 81.734266 -124.720442
      vertex 13.794741 69.350847 -132.288190
      vertex 6.930744 70.369025 -132.288190
    endloop
  endfacet
  facet normal 0.075501 0.508989 -0.857455
    outer loop
      vertex 16.257956 81.734266 -124.720442
      vertex 6.930744 70.369025 -132.288190
      vertex 8.168311 82.934252 -124.720442
    endloop
  endfacet
  facet normal 0.025248 0.513939 -0.857455
    outer loop
      vertex 8.168311 82.934252 -124.720442
      vertex 6.930744 70.369025 -132.288190
      vertex 0.000000 70.709511 -132.288190
    endloop
  endfacet
  facet normal 0.025248 0.513939 -0.857455
    outer loop
      vertex 8.168311 82.934252 -124.720442
      vertex 0.000000 70.709511 -132.288190
      vertex 0.000000 83.335535 -124.720442
    endloop
  endfacet
  facet normal -0.025248 0.513939 -0.857455
    outer loop
      vertex 0.000000 83.335535 -124.720442
      vertex 0.000000 70.709511 -132.288190
      vertex -6.930744 70.369025 -132.288190
    endloop
  endfacet
  facet normal -0.025248 0.513939 -0.857455
    outer loop
      vertex 0.000000 83.335535 -124.720442
      vertex -6.930744 70.369025 -132.288190
      vertex -8.168311 82.934252 -124.720442
    endloop
  endfacet
  facet normal -0.075501 0.508989 -0.857455
    outer loop
      vertex -8.168311 82.934252 -124.720442
      vertex -6.930744 70.369025 -132.288190
      vertex -13.794741 69.350847 -132.288190
    endloop
  endfacet
  facet normal -0.075501 0.508989 -0.857455
    outer loop
      vertex -8.168311 82.934252 -124.720442
      vertex -13.794741 69.350847 -132.288190
      vertex -16.257956 81.734266 -124.720442
    endloop
  endfacet
  facet normal -0.125028 0.499138 -0.857455
    outer loop
      vertex -16.257956 81.734266 -124.720442
      vertex -13.794741 69.350847 -132.288190
      vertex -20.525887 67.664783 -132.288190
    endloop
  endfacet
  facet normal -0.125028 0.499138 -0.857455
    outer loop
      vertex -16.257956 81.734266 -124.720442
      vertex -20.525887 67.664783 -132.288190
      vertex -24.191029 79.747135 -124.720442
    endloop
  endfacet
  facet normal -0.173350 0.484480 -0.857455
    outer loop
      vertex -24.191029 79.747135 -124.720442
      vertex -20.525887 67.664783 -132.288190
      vertex -27.059358 65.327070 -132.288190
    endloop
  endfacet
  facet normal -0.173350 0.484480 -0.857455
    outer loop
      vertex -24.191029 79.747135 -124.720442
      vertex -27.059358 65.327070 -132.288190
      vertex -31.891129 76.991995 -124.720442
    endloop
  endfacet
  facet normal -0.220002 0.465156 -0.857455
    outer loop
      vertex -31.891129 76.991995 -124.720442
      vertex -27.059358 65.327070 -132.288190
      vertex -33.332233 62.360221 -132.288190
    endloop
  endfacet
  facet normal -0.220002 0.465156 -0.857455
    outer loop
      vertex -31.891129 76.991995 -124.720442
      vertex -33.332233 62.360221 -132.288190
      vertex -39.284099 73.495380 -124.720442
    endloop
  endfacet
  facet normal -0.264536 0.441352 -0.857455
    outer loop
      vertex -39.284099 73.495380 -124.720442
      vertex -33.332233 62.360221 -132.288190
      vertex -39.284099 58.792809 -132.288190
    endloop
  endfacet
  facet normal -0.264536 0.441352 -0.857455
    outer loop
      vertex -39.284099 73.495380 -124.720442
      vertex -39.284099 58.792809 -132.288190
      vertex -46.298743 69.290965 -124.720442
    endloop
  endfacet
  facet normal -0.306522 0.413297 -0.857455
    outer loop
      vertex -46.298743 69.290965 -124.720442
      vertex -39.284099 58.792809 -132.288190
      vertex -44.857639 54.659191 -132.288190
    endloop
  endfacet
  facet normal -0.306522 0.413297 -0.857455
    outer loop
      vertex -46.298743 69.290965 -124.720442
      vertex -44.857639 54.659191 -132.288190
      vertex -52.867504 64.419240 -124.720442
    endloop
  endfacet
  facet normal -0.345556 0.381263 -0.857455
    outer loop
      vertex -52.867504 64.419240 -124.720442
      vertex -44.857639 54.659191 -132.288190
      vertex -49.999174 49.999174 -132.288190
    endloop
  endfacet
  facet normal -0.345556 0.381263 -0.857455
    outer loop
      vertex -52.867504 64.419240 -124.720442
      vertex -49.999174 49.999174 -132.288190
      vertex -58.927122 58.927122 -124.720442
    endloop
  endfacet
  facet normal -0.381263 0.345556 -0.857455
    outer loop
      vertex -58.927122 58.927122 -124.720442
      vertex -49.999174 49.999174 -132.288190
      vertex -54.659191 44.857639 -132.288190
    endloop
  endfacet
  facet normal -0.381263 0.345556 -0.857455
    outer loop
      vertex -58.927122 58.927122 -124.720442
      vertex -54.659191 44.857639 -132.288190
      vertex -64.419240 52.867504 -124.720442
    endloop
  endfacet
  facet normal -0.413297 0.306522 -0.857455
    outer loop
      vertex -64.419240 52.867504 -124.720442
      vertex -54.659191 44.857639 -132.288190
      vertex -58.792809 39.284099 -132.288190
    endloop
  endfacet
  facet normal -0.413297 0.306522 -0.857455
    outer loop
      vertex -64.419240 52.867504 -124.720442
      vertex -58.792809 39.284099 -132.288190
      vertex -69.290965 46.298743 -124.720442
    endloop
  endfacet
  facet normal -0.441352 0.264536 -0.857455
    outer loop
      vertex -69.290965 46.298743 -124.720442
      vertex -58.792809 39.284099 -132.288190
      vertex -62.360221 33.332233 -132.288190
    endloop
  endfacet
  facet normal -0.441352 0.264536 -0.857455
    outer loop
      vertex -69.290965 46.298743 -124.720442
      vertex -62.360221 33.332233 -132.288190
      vertex -73.495380 39.284099 -124.720442
    endloop
  endfacet
  facet normal -0.465156 0.220002 -0.857455
    outer loop
      vertex -73.495380 39.284099 -124.720442
      vertex -62.360221 33.332233 -132.288190
      vertex -65.327070 27.059358 -132.288190
    endloop
  endfacet
  facet normal -0.465156 0.220002 -0.857455
    outer loop
      vertex -73.495380 39.284099 -124.720442
      vertex -65.327070 27.059358 -132.288190
      vertex -76.991995 31.891129 -124.720442
    endloop
  endfacet
  facet normal -0.484480 0.173350 -0.857455
    outer loop
      vertex -76.991995 31.891129 -124.720442
      vertex -65.327070 27.059358 -132.288190
      vertex -67.664783 20.525887 -132.288190
    endloop
  endfacet
  facet normal -0.484480 0.173350 -0.857455
    outer loop
      vertex -76.991995 31.891129 -124.720442
      vertex -67.664783 20.525887 -132.288190
      vertex -79.747135 24.191029 -124.720442
    endloop
  endfacet
  facet normal -0.499138 0.125028 -0.857455
    outer loop
      vertex -79.747135 24.191029 -124.720442
      vertex -67.664783 20.525887 -132.288190
      vertex -69.350847 13.794741 -132.288190
    endloop
  endfacet
  facet normal -0.499138 0.125028 -0.857455
    outer loop
      vertex -79.747135 24.191029 -124.720442
      vertex -69.350847 13.794741 -132.288190
      vertex -81.734266 16.257956 -124.720442
    endloop
  endfacet
  facet normal -0.508989 0.075501 -0.857455
    outer loop
      vertex -81.734266 16.257956 -124.720442
      vertex -69.350847 13.794741 -132.288190
      vertex -70.369025 6.930744 -132.288190
    endloop
  endfacet
  facet normal -0.508989 0.075501 -0.857455
    outer loop
      vertex -81.734266 16.257956 -124.720442
      vertex -70.369025 6.930744 -132.288190
      vertex -82.934252 8.168311 -124.720442
    endloop
  endfacet
  facet normal -0.513939 0.025248 -0.857455
    outer loop
      vertex -82.934252 8.168311 -124.720442
      vertex -70.369025 6.930744 -132.288190
      vertex -70.709511 0.000000 -132.288190
    endloop
  endfacet
  facet normal -0.513939 0.025248 -0.857455
    outer loop
      vertex -82.934252 8.168311 -124.720442
      vertex -70.709511 0.000000 -132.288190
      vertex -83.335535 0.000000 -124.720442
    endloop
  endfacet
  facet normal -0.513939 -0.025248 -0.857455
    outer loop
      vertex -83.335535 0.000000 -124.720442
      vertex -70.709511 0.000000 -132.288190
      vertex -70.369025 -6.930744 -132.288190
    endloop
  endfacet
  facet normal -0.513939 -0.025248 -0.857455
    outer loop
      vertex -83.335535 0.000000 -124.720442
      vertex -70.369025 -6.930744 -132.288190
      vertex -82.934252 -8.168311 -124.720442
    endloop
  endfacet
  facet normal -0.508989 -0.075501 -0.857455
    outer loop
      vertex -82.934252 -8.168311 -124.720442
      vertex -70.369025 -6.930744 -132.288190
      vertex -69.350847 -13.794741 -132.288190
    endloop
  endfacet
  facet normal -0.508989 -0.075501 -0.857455
    outer loop
      vertex -82.934252 -8.168311 -124.720442
      vertex -69.350847 -13.794741 -132.288190
      vertex -81.734266 -16.257956 -124.720442
    endloop
  endfacet
  facet normal -0.499138 -0.125028 -0.857455
    outer loop
      vertex -81.734266 -16.257956 -124.720442
      vertex -69.350847 -13.794741 -132.288190
      vertex -67.664783 -20.525887 -132.288190
    endloop
  endfacet
  facet normal -0.499138 -0.125028 -0.857455
    outer loop
      vertex -81.734266 -16.257956 -124.720442
      vertex -67.664783 -20.525887 -132.288190
      vertex -79.747135 -24.191029 -124.720442
    endloop
  endfacet
  facet normal -0.484480 -0.173350 -0.857455
    outer loop
      vertex -79.747135 -24.191029 -124.720442
      vertex -67.664783 -20.525887 -132.288190
      vertex -65.327070 -27.059358 -132.288190
    endloop
  endfacet
  facet normal -0.484480 -0.173350 -0.857455
    outer loop
      vertex -79.747135 -24.191029 -124.720442
      vertex -65.327070 -27.059358 -132.288190
      vertex -76.991995 -31.891129 -124.720442
    endloop
  endfacet
  facet normal -0.465156 -0.220002 -0.857455
    outer loop
      vertex -76.991995 -31.891129 -124.720442
      vertex -65.327070 -27.059358 -132.288190
      vertex -62.360221 -33.332233 -132.288190
    endloop
  endfacet
  facet normal -0.465156 -0.220002 -0.857455
    outer loop
      vertex -76.991995 -31.891129 -124.720442
      vertex -62.360221 -33.332233 -132.288190
      vertex -73.495380 -39.284099 -124.720442
    endloop
  endfacet
  facet normal -0.441352 -0.264536 -0.857455
    outer loop
      vertex -73.495380 -39.284099 -124.720442
      vertex -62.360221 -33.332233 -132.288190
      vertex -58.792809 -39.284099 -132.288190
    endloop
  endfacet
  facet normal -0.441352 -0.264536 -0.857455
    outer loop
      vertex -73.495380 -39.284099 -124.720442
      vertex -58.792809 -39.284099 -132.288190
      vertex -69.290965 -46.298743 -124.720442
    endloop
  endfacet
  facet normal -0.413297 -0.306522 -0.857455
    outer loop
      vertex -69.290965 -46.298743 -124.720442
      vertex -58.792809 -39.284099 -132.288190
      vertex -54.659191 -44.857639 -132.288190
    endloop
  endfacet
  facet normal -0.413297 -0.306522 -0.857455
    outer loop
      vertex -69.290965 -46.298743 -124.720442
      vertex -54.659191 -44.857639 -132.288190
      vertex -64.419240 -52.867504 -124.720442
    endloop
  endfacet
  facet normal -0.381263 -0.345556 -0.857455
    outer loop
      vertex -64.419240 -52.867504 -124.720442
      vertex -54.659191 -44.857639 -132.288190
      vertex -49.999174 -49.999174 -132.288190
    endloop
  endfacet
  facet normal -0.381263 -0.345556 -0.857455
    outer loop
      vertex -64.419240 -52.867504 -124.720442
      vertex -49.999174 -49.999174 -132.288190
      vertex -58.927122 -58.927122 -124.720442
    endloop
  endfacet
  facet normal -0.345556 -0.381263 -0.857455
    outer loop
      vertex -58.927122 -58.927122 -124.720442
      vertex -49.999174 -49.999174 -132.288190
      vertex -44.857639 -54.659191 -132.288190
    endloop
  endfacet
  facet normal -0.345556 -0.381263 -0.857455
    outer loop
      vertex -58.927122 -58.927122 -124.720442
      vertex -44.857639 -54.659191 -132.288190
      vertex -52.867504 -64.419240 -124.720442
    endloop
  endfacet
  facet normal -0.306522 -0.413297 -0.857455
    outer loop
      vertex -52.867504 -64.419240 -124.720442
      vertex -44.857639 -54.659191 -132.288190
      vertex -39.284099 -58.792809 -132.288190
    endloop
  endfacet
  facet normal -0.306522 -0.413297 -0.857455
    outer loop
      vertex -52.867504 -64.419240 -124.720442
      vertex -39.284099 -58.792809 -132.288190
      vertex -46.298743 -69.290965 -124.720442
    endloop
  endfacet
  facet normal -0.264536 -0.441352 -0.857455
    outer loop
      vertex -46.298743 -69.290965 -124.720442
      vertex -39.284099 -58.792809 -132.288190
      vertex -33.332233 -62.360221 -132.288190
    endloop
  endfacet
  facet normal -0.264536 -0.441352 -0.857455
    outer loop
      vertex -46.298743 -69.290965 -124.720442
      vertex -33.332233 -62.360221 -132.288190
      vertex -39.284099 -73.495380 -124.720442
    endloop
  endfacet
  facet normal -0.220002 -0.465156 -0.857455
    outer loop
      vertex -39.284099 -73.495380 -124.720442
      vertex -33.332233 -62.360221 -132.288190
      vertex -27.059358 -65.327070 -132.288190
    endloop
  endfacet
  facet normal -0.220002 -0.465156 -0.857455
    outer loop
      vertex -39.284099 -73.495380 -124.720442
      vertex -27.059358 -65.327070 -132.288190
      vertex -31.891129 -76.991995 -124.720442
    endloop
  endfacet
  facet normal -0.173350 -0.484480 -0.857455
    outer loop
      vertex -31.891129 -76.991995 -124.720442
      vertex -27.059358 -65.327070 -132.288190
      vertex -20.525887 -67.664783 -132.288190
    endloop
  endfacet
  facet normal -0.173350 -0.484480 -0.857455
    outer loop
      vertex -31.891129 -76.991995 -124.720442
      vertex -20.525887 -67.664783 -132.288190
      vertex -24.191029 -79.747135 -124.720442
    endloop
  endfacet
  facet normal -0.125028 -0.499138 -0.857455
    outer loop
      vertex -24.191029 -79.747135 -124.720442
      vertex -20.525887 -67.664783 -132.288190
      vertex -13.794741 -69.350847 -132.288190
    endloop
  endfacet
  facet normal -0.125028 -0.499138 -0.857455
    outer loop
      vertex -24.191029 -79.747135 -124.720442
      vertex -13.794741 -69.350847 -132.288190
      vertex -16.257956 -81.734266 -124.720442
    endloop
  endfacet
  facet normal -0.075501 -0.508989 -0.857455
    outer loop
      vertex -16.257956 -81.734266 -124.720442
      vertex -13.794741 -69.350847 -132.288190
      vertex -6.930744 -70.369025 -132.288190
    endloop
  endfacet
  facet normal -0.075501 -0.508989 -0.857455
    outer loop
      vertex -16.257956 -81.734266 -124.720442
      vertex -6.930744 -70.369025 -132.288190
      vertex -8.168311 -82.934252 -124.720442
    endloop
  endfacet
  facet normal -0.025248 -0.513939 -0.857455
    outer loop
      vertex -8.168311 -82.934252 -124.720442
      vertex -6.930744 -70.369025 -132.288190
      vertex -0.000000 -70.709511 -132.288190
    endloop
  endfacet
  facet normal -0.025248 -0.513939 -0.857455
    outer loop
      vertex -8.168311 -82.934252 -124.720442
      vertex -0.000000 -70.709511 -132.288190
      vertex -0.000000 -83.335535 -124.720442
    endloop
  endfacet
  facet normal 0.025248 -0.513939 -0.857455
    outer loop
      vertex -0.000000 -83.335535 -124.720442
      vertex -0.000000 -70.709511 -132.288190
      vertex 6.930744 -70.369025 -132.288190
    endloop
  endfacet
  facet normal 0.025248 -0.513939 -0.857455
    outer loop
      vertex -0.000000 -83.335535 -124.720442
      vertex 6.930744 -70.369025 -132.288190
      vertex 8.168311 -82.934252 -124.720442
    endloop
  endfacet
  facet normal 0.075501 -0.508989 -0.857455
    outer loop
      vertex 8.168311 -82.934252 -124.720442
      vertex 6.930744 -70.369025 -132.288190
      vertex 13.794741 -69.350847 -132.288190
    endloop
  endfacet
  facet normal 0.075501 -0.508989 -0.857455
    outer loop
      vertex 8.168311 -82.934252 -124.720442
      vertex 13.794741 -69.350847 -132.288190
      vertex 16.257956 -81.734266 -124.720442
    endloop
  endfacet
  facet normal 0.125028 -0.499138 -0.857455
    outer loop
      vertex 16.257956 -81.734266 -124.720442
      vertex 13.794741 -69.350847 -132.288190
      vertex 20.525887 -67.664783 -132.288190
    endloop
  endfacet
  facet normal 0.125028 -0.499138 -0.857455
    outer loop
      vertex 16.257956 -81.734266 -124.720442
      vertex 20.525887 -67.664783 -132.288190
      vertex 24.191029 -79.747135 -124.720442
    endloop
  endfacet
  facet normal 0.173350 -0.484480 -0.857455
    outer loop
      vertex 24.191029 -79.747135 -124.720442
      vertex 20.525887 -67.664783 -132.288190
      vertex 27.059358 -65.327070 -132.288190
    endloop
  endfacet
  facet normal 0.173350 -0.484480 -0.857455
    outer loop
      vertex 24.191029 -79.747135 -124.720442
      vertex 27.059358 -65.327070 -132.288190
      vertex 31.891129 -76.991995 -124.720442
    endloop
  endfacet
  facet normal 0.220002 -0.465156 -0.857455
    outer loop
      vertex 31.891129 -76.991995 -124.720442
      vertex 27.059358 -65.327070 -132.288190
      vertex 33.332233 -62.360221 -132.288190
    endloop
  endfacet
  facet normal 0.220002 -0.465156 -0.857455
    outer loop
      vertex 31.891129 -76.991995 -124.720442
      vertex 33.332233 -62.360221 -132.288190
      vertex 39.284099 -73.495380 -124.720442
    endloop
  endfacet
  facet normal 0.264536 -0.441352 -0.857455
    outer loop
      vertex 39.284099 -73.495380 -124.720442
      vertex 33.332233 -62.360221 -132.288190
      vertex 39.284099 -58.792809 -132.288190
    endloop
  endfacet
  facet normal 0.264536 -0.441352 -0.857455
    outer loop
      vertex 39.284099 -73.495380 -124.720442
      vertex 39.284099 -58.792809 -132.288190
      vertex 46.298743 -69.290965 -124.720442
    endloop
  endfacet
  facet normal 0.306522 -0.413297 -0.857455
    outer loop
      vertex 46.298743 -69.290965 -124.720442
      vertex 39.284099 -58.792809 -132.288190
      vertex 44.857639 -54.659191 -132.288190
    endloop
  endfacet
  facet normal 0.306522 -0.413297 -0.857455
    outer loop
      vertex 46.298743 -69.290965 -124.720442
      vertex 44.857639 -54.659191 -132.288190
      vertex 52.867504 -64.419240 -124.720442
    endloop
  endfacet
  facet normal 0.345556 -0.381263 -0.857455
    outer loop
      vertex 52.867504 -64.419240 -124.720442
      vertex 44.857639 -54.659191 -132.288190
      vertex 49.999174 -49.999174 -132.288190
    endloop
  endfacet
  facet normal 0.345556 -0.381263 -0.857455
    outer loop
      vertex 52.867504 -64.419240 -124.720442
      vertex 49.999174 -49.999174 -132.288190
      vertex 58.927122 -58.927122 -124.720442
    endloop
  endfacet
  facet normal 0.381263 -0.345556 -0.857455
    outer loop
      vertex 58.927122 -58.927122 -124.720442
      vertex 49.999174 -49.999174 -132.288190
      vertex 54.659191 -44.857639 -132.288190
    endloop
  endfacet
  facet normal 0.381263 -0.345556 -0.857455
    outer loop
      vertex 58.927122 -58.927122 -124.720442
      vertex 54.659191 -44.857639 -132.288190
      vertex 64.419240 -52.867504 -124.720442
    endloop
  endfacet
  facet normal 0.413297 -0.306522 -0.857455
    outer loop
      vertex 64.419240 -52.867504 -124.720442
      vertex 54.659191 -44.857639 -132.288190
      vertex 58.792809 -39.284099 -132.288190
    endloop
  endfacet
  facet normal 0.413297 -0.306522 -0.857455
    outer loop
      vertex 64.419240 -52.867504 -124.720442
      vertex 58.792809 -39.284099 -132.288190
      vertex 69.290965 -46.298743 -124.720442
    endloop
  endfacet
  facet normal 0.441352 -0.264536 -0.857455
    outer loop
      vertex 69.290965 -46.298743 -124.720442
      vertex 58.792809 -39.284099 -132.288190
      vertex 62.360221 -33.332233 -132.288190
    endloop
  endfacet
  facet normal 0.441352 -0.264536 -0.857455
    outer loop
      vertex 69.290965 -46.298743 -124.720442
      vertex 62.360221 -33.332233 -132.288190
      vertex 73.495380 -39.284099 -124.720442
    endloop
  endfacet
  facet normal 0.465156 -0.220002 -0.857455
    outer loop
      vertex 73.495380 -39.284099 -124.720442
      vertex 62.360221 -33.332233 -132.288190
      vertex 65.327070 -27.059358 -132.288190
    endloop
  endfacet
  facet normal 0.465156 -0.220002 -0.857455
    outer loop
      vertex 73.495380 -39.284099 -124.720442
      vertex 65.327070 -27.059358 -132.288190
      vertex 76.991995 -31.891129 -124.720442
    endloop
  endfacet
  facet normal 0.484480 -0.173350 -0.857455
    outer loop
      vertex 76.991995 -31.891129 -124.720442
      vertex 65.327070 -27.059358 -132.288190
      vertex 67.664783 -20.525887 -132.288190
    endloop
  endfacet
  facet normal 0.484480 -0.173350 -0.857455
    outer loop
      vertex 76.991995 -31.891129 -124.720442
      vertex 67.664783 -20.525887 -132.288190
      vertex 79.747135 -24.191029 -124.720442
    endloop
  endfacet
  facet normal 0.499138 -0.125028 -0.857455
    outer loop
      vertex 79.747135 -24.191029 -124.720442
      vertex 67.664783 -20.525887 -132.288190
      vertex 69.350847 -13.794741 -132.288190
    endloop
  endfacet
  facet normal 0.499138 -0.125028 -0.857455
    outer loop
      vertex 79.747135 -24.191029 -124.720442
      vertex 69.350847 -13.794741 -132.288190
      vertex 81.734266 -16.257956 -124.720442
    endloop
  endfacet
  facet normal 0.508989 -0.075501 -0.857455
    outer loop
      vertex 81.734266 -16.257956 -124.720442
      vertex 69.350847 -13.794741 -132.288190
      vertex 70.369025 -6.930744 -132.288190
    endloop
  endfacet
  facet normal 0.508989 -0.075501 -0.857455
    outer loop
      vertex 81.734266 -16.257956 -124.720442
      vertex 70.369025 -6.930744 -132.288190
      vertex 82.934252 -8.168311 -124.720442
    endloop
  endfacet
  facet normal 0.513939 -0.025248 -0.857455
    outer loop
      vertex 82.934252 -8.168311 -124.720442
      vertex 70.369025 -6.930744 -132.288190
      vertex 70.709511 -0.000000 -132.288190
    endloop
  endfacet
  facet normal 0.513939 -0.025248 -0.857455
    outer loop
      vertex 82.934252 -8.168311 -124.720442
      vertex 70.709511 -0.000000 -132.288190
      vertex 83.335535 -0.000000 -124.720442
    endloop
  endfacet
  facet normal 0.427461 0.021000 -0.903790
    outer loop
      vertex 70.709511 0.000000 -132.288190
      vertex 57.402515 0.000000 -138.581930
      vertex 57.126106 5.626430 -138.581930
    endloop
  endfacet
  facet normal 0.427461 0.021000 -0.903790
    outer loop
      vertex 70.709511 0.000000 -132.288190
      vertex 57.126106 5.626430 -138.581930
      vertex 70.369025 6.930744 -132.288190
    endloop
  endfacet
  facet normal 0.423344 0.062797 -0.903790
    outer loop
      vertex 70.369025 6.930744 -132.288190
      vertex 57.126106 5.626430 -138.581930
      vertex 56.299542 11.198675 -138.581930
    endloop
  endfacet
  facet normal 0.423344 0.062797 -0.903790
    outer loop
      vertex 70.369025 6.930744 -132.288190
      vertex 56.299542 11.198675 -138.581930
      vertex 69.350847 13.794741 -132.288190
    endloop
  endfacet
  facet normal 0.415150 0.103990 -0.903790
    outer loop
      vertex 69.350847 13.794741 -132.288190
      vertex 56.299542 11.198675 -138.581930
      vertex 54.930782 16.663070 -138.581930
    endloop
  endfacet
  facet normal 0.415150 0.103990 -0.903790
    outer loop
      vertex 69.350847 13.794741 -132.288190
      vertex 54.930782 16.663070 -138.581930
      vertex 67.664783 20.525887 -132.288190
    endloop
  endfacet
  facet normal 0.402959 0.144181 -0.903790
    outer loop
      vertex 67.664783 20.525887 -132.288190
      vertex 54.930782 16.663070 -138.581930
      vertex 53.033009 21.966991 -138.581930
    endloop
  endfacet
  facet normal 0.402959 0.144181 -0.903790
    outer loop
      vertex 67.664783 20.525887 -132.288190
      vertex 53.033009 21.966991 -138.581930
      vertex 65.327070 27.059358 -132.288190
    endloop
  endfacet
  facet normal 0.386886 0.182983 -0.903790
    outer loop
      vertex 65.327070 27.059358 -132.288190
      vertex 53.033009 21.966991 -138.581930
      vertex 50.624498 27.059358 -138.581930
    endloop
  endfacet
  facet normal 0.386886 0.182983 -0.903790
    outer loop
      vertex 65.327070 27.059358 -132.288190
      vertex 50.624498 27.059358 -138.581930
      vertex 62.360221 33.332233 -132.288190
    endloop
  endfacet
  facet normal 0.367088 0.220024 -0.903790
    outer loop
      vertex 62.360221 33.332233 -132.288190
      vertex 50.624498 27.059358 -138.581930
      vertex 47.728447 31.891129 -138.581930
    endloop
  endfacet
  facet normal 0.367088 0.220024 -0.903790
    outer loop
      vertex 62.360221 33.332233 -132.288190
      vertex 47.728447 31.891129 -138.581930
      vertex 58.792809 39.284099 -132.288190
    endloop
  endfacet
  facet normal 0.343754 0.254945 -0.903790
    outer loop
      vertex 58.792809 39.284099 -132.288190
      vertex 47.728447 31.891129 -138.581930
      vertex 44.372744 36.415770 -138.581930
    endloop
  endfacet
  facet normal 0.343754 0.254945 -0.903790
    outer loop
      vertex 58.792809 39.284099 -132.288190
      vertex 44.372744 36.415770 -138.581930
      vertex 54.659191 44.857639 -132.288190
    endloop
  endfacet
  facet normal 0.317110 0.287411 -0.903790
    outer loop
      vertex 54.659191 44.857639 -132.288190
      vertex 44.372744 36.415770 -138.581930
      vertex 40.589708 40.589708 -138.581930
    endloop
  endfacet
  facet normal 0.317110 0.287411 -0.903790
    outer loop
      vertex 54.659191 44.857639 -132.288190
      vertex 40.589708 40.589708 -138.581930
      vertex 49.999174 49.999174 -132.288190
    endloop
  endfacet
  facet normal 0.287411 0.317110 -0.903790
    outer loop
      vertex 49.999174 49.999174 -132.288190
      vertex 40.589708 40.589708 -138.581930
      vertex 36.415770 44.372744 -138.581930
    endloop
  endfacet
  facet normal 0.287411 0.317110 -0.903790
    outer loop
      vertex 49.999174 49.999174 -132.288190
      vertex 36.415770 44.372744 -138.581930
      vertex 44.857639 54.659191 -132.288190
    endloop
  endfacet
  facet normal 0.254945 0.343754 -0.903790
    outer loop
      vertex 44.857639 54.659191 -132.288190
      vertex 36.415770 44.372744 -138.581930
      vertex 31.891129 47.728447 -138.581930
    endloop
  endfacet
  facet normal 0.254945 0.343754 -0.903790
    outer loop
      vertex 44.857639 54.659191 -132.288190
      vertex 31.891129 47.728447 -138.581930
      vertex 39.284099 58.792809 -132.288190
    endloop
  endfacet
  facet normal 0.220024 0.367088 -0.903790
    outer loop
      vertex 39.284099 58.792809 -132.288190
      vertex 31.891129 47.728447 -138.581930
      vertex 27.059358 50.624498 -138.581930
    endloop
  endfacet
  facet normal 0.220024 0.367088 -0.903790
    outer loop
      vertex 39.284099 58.792809 -132.288190
      vertex 27.059358 50.624498 -138.581930
      vertex 33.332233 62.360221 -132.288190
    endloop
  endfacet
  facet normal 0.182983 0.386886 -0.903790
    outer loop
      vertex 33.332233 62.360221 -132.288190
      vertex 27.059358 50.624498 -138.581930
      vertex 21.966991 53.033009 -138.581930
    endloop
  endfacet
  facet normal 0.182983 0.386886 -0.903790
    outer loop
      vertex 33.332233 62.360221 -132.288190
      vertex 21.966991 53.033009 -138.581930
      vertex 27.059358 65.327070 -132.288190
    endloop
  endfacet
  facet normal 0.144181 0.402959 -0.903790
    outer loop
      vertex 27.059358 65.327070 -132.288190
      vertex 21.966991 53.033009 -138.581930
      vertex 16.663070 54.930782 -138.581930
    endloop
  endfacet
  facet normal 0.144181 0.402959 -0.903790
    outer loop
      vertex 27.059358 65.327070 -132.288190
      vertex 16.663070 54.930782 -138.581930
      vertex 20.525887 67.664783 -132.288190
    endloop
  endfacet
  facet normal 0.103990 0.415150 -0.903790
    outer loop
      vertex 20.525887 67.664783 -132.288190
      vertex 16.663070 54.930782 -138.581930
      vertex 11.198675 56.299542 -138.581930
    endloop
  endfacet
  facet normal 0.103990 0.415150 -0.903790
    outer loop
      vertex 20.525887 67.664783 -132.288190
      vertex 11.198675 56.299542 -138.581930
      vertex 13.794741 69.350847 -132.288190
    endloop
  endfacet
  facet normal 0.062797 0.423344 -0.903790
    outer loop
      vertex 13.794741 69.350847 -132.288190
      vertex 11.198675 56.299542 -138.581930
      vertex 5.626430 57.126106 -138.581930
    endloop
  endfacet
  facet normal 0.062797 0.423344 -0.903790
    outer loop
      vertex 13.794741 69.350847 -132.288190
      vertex 5.626430 57.126106 -138.581930
      vertex 6.930744 70.369025 -132.288190
    endloop
  endfacet
  facet normal 0.021000 0.427461 -0.903790
    outer loop
      vertex 6.930744 70.369025 -132.288190
      vertex 5.626430 57.126106 -138.581930
      vertex 0.000000 57.402515 -138.581930
    endloop
  endfacet
  facet normal 0.021000 0.427461 -0.903790
    outer loop
      vertex 6.930744 70.369025 -132.288190
      vertex 0.000000 57.402515 -138.581930
      vertex 0.000000 70.709511 -132.288190
    endloop
  endfacet
  facet normal -0.021000 0.427461 -0.903790
    outer loop
      vertex 0.000000 70.709511 -132.288190
      vertex 0.000000 57.402515 -138.581930
      vertex -5.626430 57.126106 -138.581930
    endloop
  endfacet
  facet normal -0.021000 0.427461 -0.903790
    outer loop
      vertex 0.000000 70.709511 -132.288190
      vertex -5.626430 57.126106 -138.581930
      vertex -6.930744 70.369025 -132.288190
    endloop
  endfacet
  facet normal -0.062797 0.423344 -0.903790
    outer loop
      vertex -6.930744 70.369025 -132.288190
      vertex -5.626430 57.126106 -138.581930
      vertex -11.198675 56.299542 -138.581930
    endloop
  endfacet
  facet normal -0.062797 0.423344 -0.903790
    outer loop
      vertex -6.930744 70.369025 -132.288190
      vertex -11.198675 56.299542 -138.581930
      vertex -13.794741 69.350847 -132.288190
    endloop
  endfacet
  facet normal -0.103990 0.415150 -0.903790
    outer loop
      vertex -13.794741 69.350847 -132.288190
      vertex -11.198675 56.299542 -138.581930
      vertex -16.663070 54.930782 -138.581930
    endloop
  endfacet
  facet normal -0.103990 0.415150 -0.903790
    outer loop
      vertex -13.794741 69.350847 -132.288190
      vertex -16.663070 54.930782 -138.581930
      vertex -20.525887 67.664783 -132.288190
    endloop
  endfacet
  facet normal -0.144181 0.402959 -0.903790
    outer loop
      vertex -20.525887 67.664783 -132.288190
      vertex -16.663070 54.930782 -138.581930
      vertex -21.966991 53.033009 -138.581930
    endloop
  endfacet
  facet normal -0.144181 0.402959 -0.903790
    outer loop
      vertex -20.525887 67.664783 -132.288190
      vertex -21.966991 53.033009 -138.581930
      vertex -27.059358 65.327070 -132.288190
    endloop
  endfacet
  facet normal -0.182983 0.386886 -0.903790
    outer loop
      vertex -27.059358 65.327070 -132.288190
      vertex -21.966991 53.033009 -138.581930
      vertex -27.059358 50.624498 -138.581930
    endloop
  endfacet
  facet normal -0.182983 0.386886 -0.903790
    outer loop
      vertex -27.059358 65.327070 -132.288190
      vertex -27.059358 50.624498 -138.581930
      vertex -33.332233 62.360221 -132.288190
    endloop
  endfacet
  facet normal -0.220024 0.367088 -0.903790
    outer loop
      vertex -33.332233 62.360221 -132.288190
      vertex -27.059358 50.624498 -138.581930
      vertex -31.891129 47.728447 -138.581930
    endloop
  endfacet
  facet normal -0.220024 0.367088 -0.903790
    outer loop
      vertex -33.332233 62.360221 -132.288190
      vertex -31.891129 47.728447 -138.581930
      vertex -39.284099 58.792809 -132.288190
    endloop
  endfacet
  facet normal -0.254945 0.343754 -0.903790
    outer loop
      vertex -39.284099 58.792809 -132.288190
      vertex -31.891129 47.728447 -138.581930
      vertex -36.415770 44.372744 -138.581930
    endloop
  endfacet
  facet normal -0.254945 0.343754 -0.903790
    outer loop
      vertex -39.284099 58.792809 -132.288190
      vertex -36.415770 44.372744 -138.581930
      vertex -44.857639 54.659191 -132.288190
    endloop
  endfacet
  facet normal -0.287411 0.317110 -0.903790
    outer loop
      vertex -44.857639 54.659191 -132.288190
      vertex -36.415770 44.372744 -138.581930
      vertex -40.589708 40.589708 -138.581930
    endloop
  endfacet
  facet normal -0.287411 0.317110 -0.903790
    outer loop
      vertex -44.857639 54.659191 -132.288190
      vertex -40.589708 40.589708 -138.581930
      vertex -49.999174 49.999174 -132.288190
    endloop
  endfacet
  facet normal -0.317110 0.287411 -0.903790
    outer loop
      vertex -49.999174 49.999174 -132.288190
      vertex -40.589708 40.589708 -138.581930
      vertex -44.372744 36.415770 -138.581930
    endloop
  endfacet
  facet normal -0.317110 0.287411 -0.903790
    outer loop
      vertex -49.999174 49.999174 -132.288190
      vertex -44.372744 36.415770 -138.581930
      vertex -54.659191 44.857639 -132.288190
    endloop
  endfacet
  facet normal -0.343754 0.254945 -0.903790
    outer loop
      vertex -54.659191 44.857639 -132.288190
      vertex -44.372744 36.415770 -138.581930
      vertex -47.728447 31.891129 -138.581930
    endloop
  endfacet
  facet normal -0.343754 0.254945 -0.903790
    outer loop
      vertex -54.659191 44.857639 -132.288190
      vertex -47.728447 31.891129 -138.581930
      vertex -58.792809 39.284099 -132.288190
    endloop
  endfacet
  facet normal -0.367088 0.220024 -0.903790
    outer loop
      vertex -58.792809 39.284099 -132.288190
      vertex -47.728447 31.891129 -138.581930
      vertex -50.624498 27.059358 -138.581930
    endloop
  endfacet
  facet normal -0.367088 0.220024 -0.903790
    outer loop
      vertex -58.792809 39.284099 -132.288190
      vertex -50.624498 27.059358 -138.581930
      vertex -62.360221 33.332233 -132.288190
    endloop
  endfacet
  facet normal -0.386886 0.182983 -0.903790
    outer loop
      vertex -62.360221 33.332233 -132.288190
      vertex -50.624498 27.059358 -138.581930
      vertex -53.033009 21.966991 -138.581930
    endloop
  endfacet
  facet normal -0.386886 0.182983 -0.903790
    outer loop
      vertex -62.360221 33.332233 -132.288190
      vertex -53.033009 21.966991 -138.581930
      vertex -65.327070 27.059358 -132.288190
    endloop
  endfacet
  facet normal -0.402959 0.144181 -0.903790
    outer loop
      vertex -65.327070 27.059358 -132.288190
      vertex -53.033009 21.966991 -138.581930
      vertex -54.930782 16.663070 -138.581930
    endloop
  endfacet
  facet normal -0.402959 0.144181 -0.903790
    outer loop
      vertex -65.327070 27.059358 -132.288190
      vertex -54.930782 16.663070 -138.581930
      vertex -67.664783 20.525887 -132.288190
    endloop
  endfacet
  facet normal -0.415150 0.103990 -0.903790
    outer loop
      vertex -67.664783 20.525887 -132.288190
      vertex -54.930782 16.663070 -138.581930
      vertex -56.299542 11.198675 -138.581930
    endloop
  endfacet
  facet normal -0.415150 0.103990 -0.903790
    outer loop
      vertex -67.664783 20.525887 -132.288190
      vertex -56.299542 11.198675 -138.581930
      vertex -69.350847 13.794741 -132.288190
    endloop
  endfacet
  facet normal -0.423344 0.062797 -0.903790
    outer loop
      vertex -69.350847 13.794741 -132.288190
      vertex -56.299542 11.198675 -138.581930
      vertex -57.126106 5.626430 -138.581930
    endloop
  endfacet
  facet normal -0.423344 0.062797 -0.903790
    outer loop
      vertex -69.350847 13.794741 -132.288190
      vertex -57.126106 5.626430 -138.581930
      vertex -70.369025 6.930744 -132.288190
    endloop
  endfacet
  facet normal -0.427461 0.021000 -0.903790
    outer loop
      vertex -70.369025 6.930744 -132.288190
      vertex -57.126106 5.626430 -138.581930
      vertex -57.402515 0.000000 -138.581930
    endloop
  endfacet
  facet normal -0.427461 0.021000 -0.903790
    outer loop
      vertex -70.369025 6.930744 -132.288190
      vertex -57.402515 0.000000 -138.581930
      vertex -70.709511 0.000000 -132.288190
    endloop
  endfacet
  facet normal -0.427461 -0.021000 -0.903790
    outer loop
      vertex -70.709511 0.000000 -132.288190
      vertex -57.402515 0.000000 -138.581930
      vertex -57.126106 -5.626430 -138.581930
    endloop
  endfacet
  facet normal -0.427461 -0.021000 -0.903790
    outer loop
      vertex -70.709511 0.000000 -132.288190
      vertex -57.126106 -5.626430 -138.581930
      vertex -70.369025 -6.930744 -132.288190
    endloop
  endfacet
  facet normal -0.423344 -0.062797 -0.903790
    outer loop
      vertex -70.369025 -6.930744 -132.288190
      vertex -57.126106 -5.626430 -138.581930
      vertex -56.299542 -11.198675 -138.581930
    endloop
  endfacet
  facet normal -0.423344 -0.062797 -0.903790
    outer loop
      vertex -70.369025 -6.930744 -132.288190
      vertex -56.299542 -11.198675 -138.581930
      vertex -69.350847 -13.794741 -132.288190
    endloop
  endfacet
  facet normal -0.415150 -0.103990 -0.903790
    outer loop
      vertex -69.350847 -13.794741 -132.288190
      vertex -56.299542 -11.198675 -138.581930
      vertex -54.930782 -16.663070 -138.581930
    endloop
  endfacet
  facet normal -0.415150 -0.103990 -0.903790
    outer loop
      vertex -69.350847 -13.794741 -132.288190
      vertex -54.930782 -16.663070 -138.581930
      vertex -67.664783 -20.525887 -132.288190
    endloop
  endfacet
  facet normal -0.402959 -0.144181 -0.903790
    outer loop
      vertex -67.664783 -20.525887 -132.288190
      vertex -54.930782 -16.663070 -138.581930
      vertex -53.033009 -21.966991 -138.581930
    endloop
  endfacet
  facet normal -0.402959 -0.144181 -0.903790
    outer loop
      vertex -67.664783 -20.525887 -132.288190
      vertex -53.033009 -21.966991 -138.581930
      vertex -65.327070 -27.059358 -132.288190
    endloop
  endfacet
  facet normal -0.386886 -0.182983 -0.903790
    outer loop
      vertex -65.327070 -27.059358 -132.288190
      vertex -53.033009 -21.966991 -138.581930
      vertex -50.624498 -27.059358 -138.581930
    endloop
  endfacet
  facet normal -0.386886 -0.182983 -0.903790
    outer loop
      vertex -65.327070 -27.059358 -132.288190
      vertex -50.624498 -27.059358 -138.581930
      vertex -62.360221 -33.332233 -132.288190
    endloop
  endfacet
  facet normal -0.367088 -0.220024 -0.903790
    outer loop
      vertex -62.360221 -33.332233 -132.288190
      vertex -50.624498 -27.059358 -138.581930
      vertex -47.728447 -31.891129 -138.581930
    endloop
  endfacet
  facet normal -0.367088 -0.220024 -0.903790
    outer loop
      vertex -62.360221 -33.332233 -132.288190
      vertex -47.728447 -31.891129 -138.581930
      vertex -58.792809 -39.284099 -132.288190
    endloop
  endfacet
  facet normal -0.343754 -0.254945 -0.903790
    outer loop
      vertex -58.792809 -39.284099 -132.288190
      vertex -47.728447 -31.891129 -138.581930
      vertex -44.372744 -36.415770 -138.581930
    endloop
  endfacet
  facet normal -0.343754 -0.254945 -0.903790
    outer loop
      vertex -58.792809 -39.284099 -132.288190
      vertex -44.372744 -36.415770 -138.581930
      vertex -54.659191 -44.857639 -132.288190
    endloop
  endfacet
  facet normal -0.317110 -0.287411 -0.903790
    outer loop
      vertex -54.659191 -44.857639 -132.288190
      vertex -44.372744 -36.415770 -138.581930
      vertex -40.589708 -40.589708 -138.581930
    endloop
  endfacet
  facet normal -0.317110 -0.287411 -0.903790
    outer loop
      vertex -54.659191 -44.857639 -132.288190
      vertex -40.589708 -40.589708 -138.581930
      vertex -49.999174 -49.999174 -132.288190
    endloop
  endfacet
  facet normal -0.287411 -0.317110 -0.903790
    outer loop
      vertex -49.999174 -49.999174 -132.288190
      vertex -40.589708 -40.589708 -138.581930
      vertex -36.415770 -44.372744 -138.581930
    endloop
  endfacet
  facet normal -0.287411 -0.317110 -0.903790
    outer loop
      vertex -49.999174 -49.999174 -132.288190
      vertex -36.415770 -44.372744 -138.581930
      vertex -44.857639 -54.659191 -132.288190
    endloop
  endfacet
  facet normal -0.254945 -0.343754 -0.903790
    outer loop
      vertex -44.857639 -54.659191 -132.288190
      vertex -36.415770 -44.372744 -138.581930
      vertex -31.891129 -47.728447 -138.581930
    endloop
  endfacet
  facet normal -0.254945 -0.343754 -0.903790
    outer loop
      vertex -44.857639 -54.659191 -132.288190
      vertex -31.891129 -47.728447 -138.581930
      vertex -39.284099 -58.792809 -132.288190
    endloop
  endfacet
  facet normal -0.220024 -0.367088 -0.903790
    outer loop
      vertex -39.284099 -58.792809 -132.288190
      vertex -31.891129 -47.728447 -138.581930
      vertex -27.059358 -50.624498 -138.581930
    endloop
  endfacet
  facet normal -0.220024 -0.367088 -0.903790
    outer loop
      vertex -39.284099 -58.792809 -132.288190
      vertex -27.059358 -50.624498 -138.581930
      vertex -33.332233 -62.360221 -132.288190
    endloop
  endfacet
  facet normal -0.182983 -0.386886 -0.903790
    outer loop
      vertex -33.332233 -62.360221 -132.288190
      vertex -27.059358 -50.624498 -138.581930
      vertex -21.966991 -53.033009 -138.581930
    endloop
  endfacet
  facet normal -0.182983 -0.386886 -0.903790
    outer loop
      vertex -33.332233 -62.360221 -132.288190
      vertex -21.966991 -53.033009 -138.581930
      vertex -27.059358 -65.327070 -132.288190
    endloop
  endfacet
  facet normal -0.144181 -0.402959 -0.903790
    outer loop
      vertex -27.059358 -65.327070 -132.288190
      vertex -21.966991 -53.033009 -138.581930
      vertex -16.663070 -54.930782 -138.581930
    endloop
  endfacet
  facet normal -0.144181 -0.402959 -0.903790
    outer loop
      vertex -27.059358 -65.327070 -132.288190
      vertex -16.663070 -54.930782 -138.581930
      vertex -20.525887 -67.664783 -132.288190
    endloop
  endfacet
  facet normal -0.103990 -0.415150 -0.903790
    outer loop
      vertex -20.525887 -67.664783 -132.288190
      vertex -16.663070 -54.930782 -138.581930
      vertex -11.198675 -56.299542 -138.581930
    endloop
  endfacet
  facet normal -0.103990 -0.415150 -0.903790
    outer loop
      vertex -20.525887 -67.664783 -132.288190
      vertex -11.198675 -56.299542 -138.581930
      vertex -13.794741 -69.350847 -132.288190
    endloop
  endfacet
  facet normal -0.062797 -0.423344 -0.903790
    outer loop
      vertex -13.794741 -69.350847 -132.288190
      vertex -11.198675 -56.299542 -138.581930
      vertex -5.626430 -57.126106 -138.581930
    endloop
  endfacet
  facet normal -0.062797 -0.423344 -0.903790
    outer loop
      vertex -13.794741 -69.350847 -132.288190
      vertex -5.626430 -57.126106 -138.581930
      vertex -6.930744 -70.369025 -132.288190
    endloop
  endfacet
  facet normal -0.021000 -0.427461 -0.903790
    outer loop
      vertex -6.930744 -70.369025 -132.288190
      vertex -5.626430 -57.126106 -138.581930
      vertex -0.000000 -57.402515 -138.581930
    endloop
  endfacet
  facet normal -0.021000 -0.427461 -0.903790
    outer loop
      vertex -6.930744 -70.369025 -132.288190
      vertex -0.000000 -57.402515 -138.581930
      vertex -0.000000 -70.709511 -132.288190
    endloop
  endfacet
  facet normal 0.021000 -0.427461 -0.903790
    outer loop
      vertex -0.000000 -70.709511 -132.288190
      vertex -0.000000 -57.402515 -138.581930
      vertex 5.626430 -57.126106 -138.581930
    endloop
  endfacet
  facet normal 0.021000 -0.427461 -0.903790
    outer loop
      vertex -0.000000 -70.709511 -132.288190
      vertex 5.626430 -57.126106 -138.581930
      vertex 6.930744 -70.369025 -132.288190
    endloop
  endfacet
  facet normal 0.062797 -0.423344 -0.903790
    outer loop
      vertex 6.930744 -70.369025 -132.288190
      vertex 5.626430 -57.126106 -138.581930
      vertex 11.198675 -56.299542 -138.581930
    endloop
  endfacet
  facet normal 0.062797 -0.423344 -0.903790
    outer loop
      vertex 6.930744 -70.369025 -132.288190
      vertex 11.198675 -56.299542 -138.581930
      vertex 13.794741 -69.350847 -132.288190
    endloop
  endfacet
  facet normal 0.103990 -0.415150 -0.903790
    outer loop
      vertex 13.794741 -69.350847 -132.288190
      vertex 11.198675 -56.299542 -138.581930
      vertex 16.663070 -54.930782 -138.581930
    endloop
  endfacet
  facet normal 0.103990 -0.415150 -0.903790
    outer loop
      vertex 13.794741 -69.350847 -132.288190
      vertex 16.663070 -54.930782 -138.581930
      vertex 20.525887 -67.664783 -132.288190
    endloop
  endfacet
  facet normal 0.144181 -0.402959 -0.903790
    outer loop
      vertex 20.525887 -67.664783 -132.288190
      vertex 16.663070 -54.930782 -138.581930
      vertex 21.966991 -53.033009 -138.581930
    endloop
  endfacet
  facet normal 0.144181 -0.402959 -0.903790
    outer loop
      vertex 20.525887 -67.664783 -132.288190
      vertex 21.966991 -53.033009 -138.581930
      vertex 27.059358 -65.327070 -132.288190
    endloop
  endfacet
  facet normal 0.182983 -0.386886 -0.903790
    outer loop
      vertex 27.059358 -65.327070 -132.288190
      vertex 21.966991 -53.033009 -138.581930
      vertex 27.059358 -50.624498 -138.581930
    endloop
  endfacet
  facet normal 0.182983 -0.386886 -0.903790
    outer loop
      vertex 27.059358 -65.327070 -132.288190
      vertex 27.059358 -50.624498 -138.581930
      vertex 33.332233 -62.360221 -132.288190
    endloop
  endfacet
  facet normal 0.220024 -0.367088 -0.903790
    outer loop
      vertex 33.332233 -62.360221 -132.288190
      vertex 27.059358 -50.624498 -138.581930
      vertex 31.891129 -47.728447 -138.581930
    endloop
  endfacet
  facet normal 0.220024 -0.367088 -0.903790
    outer loop
      vertex 33.332233 -62.360221 -132.288190
      vertex 31.891129 -47.728447 -138.581930
      vertex 39.284099 -58.792809 -132.288190
    endloop
  endfacet
  facet normal 0.254945 -0.343754 -0.903790
    outer loop
      vertex 39.284099 -58.792809 -132.288190
      vertex 31.891129 -47.728447 -138.581930
      vertex 36.415770 -44.372744 -138.581930
    endloop
  endfacet
  facet normal 0.254945 -0.343754 -0.903790
    outer loop
      vertex 39.284099 -58.792809 -132.288190
      vertex 36.415770 -44.372744 -138.581930
      vertex 44.857639 -54.659191 -132.288190
    endloop
  endfacet
  facet normal 0.287411 -0.317110 -0.903790
    outer loop
      vertex 44.857639 -54.659191 -132.288190
      vertex 36.415770 -44.372744 -138.581930
      vertex 40.589708 -40.589708 -138.581930
    endloop
  endfacet
  facet normal 0.287411 -0.317110 -0.903790
    outer loop
      vertex 44.857639 -54.659191 -132.288190
      vertex 40.589708 -40.589708 -138.581930
      vertex 49.999174 -49.999174 -132.288190
    endloop
  endfacet
  facet normal 0.317110 -0.287411 -0.903790
    outer loop
      vertex 49.999174 -49.999174 -132.288190
      vertex 40.589708 -40.589708 -138.581930
      vertex 44.372744 -36.415770 -138.581930
    endloop
  endfacet
  facet normal 0.317110 -0.287411 -0.903790
    outer loop
      vertex 49.999174 -49.999174 -132.288190
      vertex 44.372744 -36.415770 -138.581930
      vertex 54.659191 -44.857639 -132.288190
    endloop
  endfacet
  facet normal 0.343754 -0.254945 -0.903790
    outer loop
      vertex 54.659191 -44.857639 -132.288190
      vertex 44.372744 -36.415770 -138.581930
      vertex 47.728447 -31.891129 -138.581930
    endloop
  endfacet
  facet normal 0.343754 -0.254945 -0.903790
    outer loop
      vertex 54.659191 -44.857639 -132.288190
      vertex 47.728447 -31.891129 -138.581930
      vertex 58.792809 -39.284099 -132.288190
    endloop
  endfacet
  facet normal 0.367088 -0.220024 -0.903790
    outer loop
      vertex 58.792809 -39.284099 -132.288190
      vertex 47.728447 -31.891129 -138.581930
      vertex 50.624498 -27.059358 -138.581930
    endloop
  endfacet
  facet normal 0.367088 -0.220024 -0.903790
    outer loop
      vertex 58.792809 -39.284099 -132.288190
      vertex 50.624498 -27.059358 -138.581930
      vertex 62.360221 -33.332233 -132.288190
    endloop
  endfacet
  facet normal 0.386886 -0.182983 -0.903790
    outer loop
      vertex 62.360221 -33.332233 -132.288190
      vertex 50.624498 -27.059358 -138.581930
      vertex 53.033009 -21.966991 -138.581930
    endloop
  endfacet
  facet normal 0.386886 -0.182983 -0.903790
    outer loop
      vertex 62.360221 -33.332233 -132.288190
      vertex 53.033009 -21.966991 -138.581930
      vertex 65.327070 -27.059358 -132.288190
    endloop
  endfacet
  facet normal 0.402959 -0.144181 -0.903790
    outer loop
      vertex 65.327070 -27.059358 -132.288190
      vertex 53.033009 -21.966991 -138.581930
      vertex 54.930782 -16.663070 -138.581930
    endloop
  endfacet
  facet normal 0.402959 -0.144181 -0.903790
    outer loop
      vertex 65.327070 -27.059358 -132.288190
      vertex 54.930782 -16.663070 -138.581930
      vertex 67.664783 -20.525887 -132.288190
    endloop
  endfacet
  facet normal 0.415150 -0.103990 -0.903790
    outer loop
      vertex 67.664783 -20.525887 -132.288190
      vertex 54.930782 -16.663070 -138.581930
      vertex 56.299542 -11.198675 -138.581930
    endloop
  endfacet
  facet normal 0.415150 -0.103990 -0.903790
    outer loop
      vertex 67.664783 -20.525887 -132.288190
      vertex 56.299542 -11.198675 -138.581930
      vertex 69.350847 -13.794741 -132.288190
    endloop
  endfacet
  facet normal 0.423344 -0.062797 -0.903790
    outer loop
      vertex 69.350847 -13.794741 -132.288190
      vertex 56.299542 -11.198675 -138.581930
      vertex 57.126106 -5.626430 -138.581930
    endloop
  endfacet
  facet normal 0.423344 -0.062797 -0.903790
    outer loop
      vertex 69.350847 -13.794741 -132.288190
      vertex 57.126106 -5.626430 -138.581930
      vertex 70.369025 -6.930744 -132.288190
    endloop
  endfacet
  facet normal 0.427461 -0.021000 -0.903790
    outer loop
      vertex 70.369025 -6.930744 -132.288190
      vertex 57.126106 -5.626430 -138.581930
      vertex 57.402515 -0.000000 -138.581930
    endloop
  endfacet
  facet normal 0.427461 -0.021000 -0.903790
    outer loop
      vertex 70.369025 -6.930744 -132.288190
      vertex 57.402515 -0.000000 -138.581930
      vertex 70.709511 -0.000000 -132.288190
    endloop
  endfacet
  facet normal 0.336844 0.016548 -0.941415
    outer loop
      vertex 57.402515 0.000000 -138.581930
      vertex 43.542702 0.000000 -143.541050
      vertex 43.333032 4.267931 -143.541050
    endloop
  endfacet
  facet normal 0.336844 0.016548 -0.941415
    outer loop
      vertex 57.402515 0.000000 -138.581930
      vertex 43.333032 4.267931 -143.541050
      vertex 57.126106 5.626430 -138.581930
    endloop
  endfacet
  facet normal 0.333600 0.049485 -0.941415
    outer loop
      vertex 57.126106 5.626430 -138.581930
      vertex 43.333032 4.267931 -143.541050
      vertex 42.706041 8.494760 -143.541050
    endloop
  endfacet
  facet normal 0.333600 0.049485 -0.941415
    outer loop
      vertex 57.126106 5.626430 -138.581930
      vertex 42.706041 8.494760 -143.541050
      vertex 56.299542 11.198675 -138.581930
    endloop
  endfacet
  facet normal 0.327143 0.081945 -0.941415
    outer loop
      vertex 56.299542 11.198675 -138.581930
      vertex 42.706041 8.494760 -143.541050
      vertex 41.667767 12.639779 -143.541050
    endloop
  endfacet
  facet normal 0.327143 0.081945 -0.941415
    outer loop
      vertex 56.299542 11.198675 -138.581930
      vertex 41.667767 12.639779 -143.541050
      vertex 54.930782 16.663070 -138.581930
    endloop
  endfacet
  facet normal 0.317536 0.113616 -0.941415
    outer loop
      vertex 54.930782 16.663070 -138.581930
      vertex 41.667767 12.639779 -143.541050
      vertex 40.228211 16.663070 -143.541050
    endloop
  endfacet
  facet normal 0.317536 0.113616 -0.941415
    outer loop
      vertex 54.930782 16.663070 -138.581930
      vertex 40.228211 16.663070 -143.541050
      vertex 53.033009 21.966991 -138.581930
    endloop
  endfacet
  facet normal 0.304870 0.144193 -0.941415
    outer loop
      vertex 53.033009 21.966991 -138.581930
      vertex 40.228211 16.663070 -143.541050
      vertex 38.401234 20.525887 -143.541050
    endloop
  endfacet
  facet normal 0.304870 0.144193 -0.941415
    outer loop
      vertex 53.033009 21.966991 -138.581930
      vertex 38.401234 20.525887 -143.541050
      vertex 50.624498 27.059358 -138.581930
    endloop
  endfacet
  facet normal 0.289269 0.173381 -0.941415
    outer loop
      vertex 50.624498 27.059358 -138.581930
      vertex 38.401234 20.525887 -143.541050
      vertex 36.204433 24.191029 -143.541050
    endloop
  endfacet
  facet normal 0.289269 0.173381 -0.941415
    outer loop
      vertex 50.624498 27.059358 -138.581930
      vertex 36.204433 24.191029 -143.541050
      vertex 47.728447 31.891129 -138.581930
    endloop
  endfacet
  facet normal 0.270882 0.200900 -0.941415
    outer loop
      vertex 47.728447 31.891129 -138.581930
      vertex 36.204433 24.191029 -143.541050
      vertex 33.658963 27.623197 -143.541050
    endloop
  endfacet
  facet normal 0.270882 0.200900 -0.941415
    outer loop
      vertex 47.728447 31.891129 -138.581930
      vertex 33.658963 27.623197 -143.541050
      vertex 44.372744 36.415770 -138.581930
    endloop
  endfacet
  facet normal 0.249886 0.226483 -0.941415
    outer loop
      vertex 44.372744 36.415770 -138.581930
      vertex 33.658963 27.623197 -143.541050
      vertex 30.789340 30.789340 -143.541050
    endloop
  endfacet
  facet normal 0.249886 0.226483 -0.941415
    outer loop
      vertex 44.372744 36.415770 -138.581930
      vertex 30.789340 30.789340 -143.541050
      vertex 40.589708 40.589708 -138.581930
    endloop
  endfacet
  facet normal 0.226483 0.249886 -0.941415
    outer loop
      vertex 40.589708 40.589708 -138.581930
      vertex 30.789340 30.789340 -143.541050
      vertex 27.623197 33.658963 -143.541050
    endloop
  endfacet
  facet normal 0.226483 0.249886 -0.941415
    outer loop
      vertex 40.589708 40.589708 -138.581930
      vertex 27.623197 33.658963 -143.541050
      vertex 36.415770 44.372744 -138.581930
    endloop
  endfacet
  facet normal 0.200900 0.270882 -0.941415
    outer loop
      vertex 36.415770 44.372744 -138.581930
      vertex 27.623197 33.658963 -143.541050
      vertex 24.191029 36.204433 -143.541050
    endloop
  endfacet
  facet normal 0.200900 0.270882 -0.941415
    outer loop
      vertex 36.415770 44.372744 -138.581930
      vertex 24.191029 36.204433 -143.541050
      vertex 31.891129 47.728447 -138.581930
    endloop
  endfacet
  facet normal 0.173381 0.289269 -0.941415
    outer loop
      vertex 31.891129 47.728447 -138.581930
      vertex 24.191029 36.204433 -143.541050
      vertex 20.525887 38.401234 -143.541050
    endloop
  endfacet
  facet normal 0.173381 0.289269 -0.941415
    outer loop
      vertex 31.891129 47.728447 -138.581930
      vertex 20.525887 38.401234 -143.541050
      vertex 27.059358 50.624498 -138.581930
    endloop
  endfacet
  facet normal 0.144193 0.304870 -0.941415
    outer loop
      vertex 27.059358 50.624498 -138.581930
      vertex 20.525887 38.401234 -143.541050
      vertex 16.663070 40.228211 -143.541050
    endloop
  endfacet
  facet normal 0.144193 0.304870 -0.941415
    outer loop
      vertex 27.059358 50.624498 -138.581930
      vertex 16.663070 40.228211 -143.541050
      vertex 21.966991 53.033009 -138.581930
    endloop
  endfacet
  facet normal 0.113616 0.317536 -0.941415
    outer loop
      vertex 21.966991 53.033009 -138.581930
      vertex 16.663070 40.228211 -143.541050
      vertex 12.639779 41.667767 -143.541050
    endloop
  endfacet
  facet normal 0.113616 0.317536 -0.941415
    outer loop
      vertex 21.966991 53.033009 -138.581930
      vertex 12.639779 41.667767 -143.541050
      vertex 16.663070 54.930782 -138.581930
    endloop
  endfacet
  facet normal 0.081945 0.327143 -0.941415
    outer loop
      vertex 16.663070 54.930782 -138.581930
      vertex 12.639779 41.667767 -143.541050
      vertex 8.494760 42.706041 -143.541050
    endloop
  endfacet
  facet normal 0.081945 0.327143 -0.941415
    outer loop
      vertex 16.663070 54.930782 -138.581930
      vertex 8.494760 42.706041 -143.541050
      vertex 11.198675 56.299542 -138.581930
    endloop
  endfacet
  facet normal 0.049485 0.333600 -0.941415
    outer loop
      vertex 11.198675 56.299542 -138.581930
      vertex 8.494760 42.706041 -143.541050
      vertex 4.267931 43.333032 -143.541050
    endloop
  endfacet
  facet normal 0.049485 0.333600 -0.941415
    outer loop
      vertex 11.198675 56.299542 -138.581930
      vertex 4.267931 43.333032 -143.541050
      vertex 5.626430 57.126106 -138.581930
    endloop
  endfacet
  facet normal 0.016548 0.336844 -0.941415
    outer loop
      vertex 5.626430 57.126106 -138.581930
      vertex 4.267931 43.333032 -143.541050
      vertex 0.000000 43.542702 -143.541050
    endloop
  endfacet
  facet normal 0.016548 0.336844 -0.941415
    outer loop
      vertex 5.626430 57.126106 -138.581930
      vertex 0.000000 43.542702 -143.541050
      vertex 0.000000 57.402515 -138.581930
    endloop
  endfacet
  facet normal -0.016548 0.336844 -0.941415
    outer loop
      vertex 0.000000 57.402515 -138.581930
      vertex 0.000000 43.542702 -143.541050
      vertex -4.267931 43.333032 -143.541050
    endloop
  endfacet
  facet normal -0.016548 0.336844 -0.941415
    outer loop
      vertex 0.000000 57.402515 -138.581930
      vertex -4.267931 43.333032 -143.541050
      vertex -5.626430 57.126106 -138.581930
    endloop
  endfacet
  facet normal -0.049485 0.333600 -0.941415
    outer loop
      vertex -5.626430 57.126106 -138.581930
      vertex -4.267931 43.333032 -143.541050
      vertex -8.494760 42.706041 -143.541050
    endloop
  endfacet
  facet normal -0.049485 0.333600 -0.941415
    outer loop
      vertex -5.626430 57.126106 -138.581930
      vertex -8.494760 42.706041 -143.541050
      vertex -11.198675 56.299542 -138.581930
    endloop
  endfacet
  facet normal -0.081945 0.327143 -0.941415
    outer loop
      vertex -11.198675 56.299542 -138.581930
      vertex -8.494760 42.706041 -143.541050
      vertex -12.639779 41.667767 -143.541050
    endloop
  endfacet
  facet normal -0.081945 0.327143 -0.941415
    outer loop
      vertex -11.198675 56.299542 -138.581930
      vertex -12.639779 41.667767 -143.541050
      vertex -16.663070 54.930782 -138.581930
    endloop
  endfacet
  facet normal -0.113616 0.317536 -0.941415
    outer loop
      vertex -16.663070 54.930782 -138.581930
      vertex -12.639779 41.667767 -143.541050
      vertex -16.663070 40.228211 -143.541050
    endloop
  endfacet
  facet normal -0.113616 0.317536 -0.941415
    outer loop
      vertex -16.663070 54.930782 -138.581930
      vertex -16.663070 40.228211 -143.541050
      vertex -21.966991 53.033009 -138.581930
    endloop
  endfacet
  facet normal -0.144193 0.304870 -0.941415
    outer loop
      vertex -21.966991 53.033009 -138.581930
      vertex -16.663070 40.228211 -143.541050
      vertex -20.525887 38.401234 -143.541050
    endloop
  endfacet
  facet normal -0.144193 0.304870 -0.941415
    outer loop
      vertex -21.966991 53.033009 -138.581930
      vertex -20.525887 38.401234 -143.541050
      vertex -27.059358 50.624498 -138.581930
    endloop
  endfacet
  facet normal -0.173381 0.289269 -0.941415
    outer loop
      vertex -27.059358 50.624498 -138.581930
      vertex -20.525887 38.401234 -143.541050
      vertex -24.191029 36.204433 -143.541050
    endloop
  endfacet
  facet normal -0.173381 0.289269 -0.941415
    outer loop
      vertex -27.059358 50.624498 -138.581930
      vertex -24.191029 36.204433 -143.541050
      vertex -31.891129 47.728447 -138.581930
    endloop
  endfacet
  facet normal -0.200900 0.270882 -0.941415
    outer loop
      vertex -31.891129 47.728447 -138.581930
      vertex -24.191029 36.204433 -143.541050
      vertex -27.623197 33.658963 -143.541050
    endloop
  endfacet
  facet normal -0.200900 0.270882 -0.941415
    outer loop
      vertex -31.891129 47.728447 -138.581930
      vertex -27.623197 33.658963 -143.541050
      vertex -36.415770 44.372744 -138.581930
    endloop
  endfacet
  facet normal -0.226483 0.249886 -0.941415
    outer loop
      vertex -36.415770 44.372744 -138.581930
      vertex -27.623197 33.658963 -143.541050
      vertex -30.789340 30.789340 -143.541050
    endloop
  endfacet
  facet normal -0.226483 0.249886 -0.941415
    outer loop
      vertex -36.415770 44.372744 -138.581930
      vertex -30.789340 30.789340 -143.541050
      vertex -40.589708 40.589708 -138.581930
    endloop
  endfacet
  facet normal -0.249886 0.226483 -0.941415
    outer loop
      vertex -40.589708 40.589708 -138.581930
      vertex -30.789340 30.789340 -143.541050
      vertex -33.658963 27.623197 -143.541050
    endloop
  endfacet
  facet normal -0.249886 0.226483 -0.941415
    outer loop
      vertex -40.589708 40.589708 -138.581930
      vertex -33.658963 27.623197 -143.541050
      vertex -44.372744 36.415770 -138.581930
    endloop
  endfacet
  facet normal -0.270882 0.200900 -0.941415
    outer loop
      vertex -44.372744 36.415770 -138.581930
      vertex -33.658963 27.623197 -143.541050
      vertex -36.204433 24.191029 -143.541050
    endloop
  endfacet
  facet normal -0.270882 0.200900 -0.941415
    outer loop
      vertex -44.372744 36.415770 -138.581930
      vertex -36.204433 24.191029 -143.541050
      vertex -47.728447 31.891129 -138.581930
    endloop
  endfacet
  facet normal -0.289269 0.173381 -0.941415
    outer loop
      vertex -47.728447 31.891129 -138.581930
      vertex -36.204433 24.191029 -143.541050
      vertex -38.401234 20.525887 -143.541050
    endloop
  endfacet
  facet normal -0.289269 0.173381 -0.941415
    outer loop
      vertex -47.728447 31.891129 -138.581930
      vertex -38.401234 20.525887 -143.541050
      vertex -50.624498 27.059358 -138.581930
    endloop
  endfacet
  facet normal -0.304870 0.144193 -0.941415
    outer loop
      vertex -50.624498 27.059358 -138.581930
      vertex -38.401234 20.525887 -143.541050
      vertex -40.228211 16.663070 -143.541050
    endloop
  endfacet
  facet normal -0.304870 0.144193 -0.941415
    outer loop
      vertex -50.624498 27.059358 -138.581930
      vertex -40.228211 16.663070 -143.541050
      vertex -53.033009 21.966991 -138.581930
    endloop
  endfacet
  facet normal -0.317536 0.113616 -0.941415
    outer loop
      vertex -53.033009 21.966991 -138.581930
      vertex -40.228211 16.663070 -143.541050
      vertex -41.667767 12.639779 -143.541050
    endloop
  endfacet
  facet normal -0.317536 0.113616 -0.941415
    outer loop
      vertex -53.033009 21.966991 -138.581930
      vertex -41.667767 12.639779 -143.541050
      vertex -54.930782 16.663070 -138.581930
    endloop
  endfacet
  facet normal -0.327143 0.081945 -0.941415
    outer loop
      vertex -54.930782 16.663070 -138.581930
      vertex -41.667767 12.639779 -143.541050
      vertex -42.706041 8.494760 -143.541050
    endloop
  endfacet
  facet normal -0.327143 0.081945 -0.941415
    outer loop
      vertex -54.930782 16.663070 -138.581930
      vertex -42.706041 8.494760 -143.541050
      vertex -56.299542 11.198675 -138.581930
    endloop
  endfacet
  facet normal -0.333600 0.049485 -0.941415
    outer loop
      vertex -56.299542 11.198675 -138.581930
      vertex -42.706041 8.494760 -143.541050
      vertex -43.333032 4.267931 -143.541050
    endloop
  endfacet
  facet normal -0.333600 0.049485 -0.941415
    outer loop
      vertex -56.299542 11.198675 -138.581930
      vertex -43.333032 4.267931 -143.541050
      vertex -57.126106 5.626430 -138.581930
    endloop
  endfacet
  facet normal -0.336844 0.016548 -0.941415
    outer loop
      vertex -57.126106 5.626430 -138.581930
      vertex -43.333032 4.267931 -143.541050
      vertex -43.542702 0.000000 -143.541050
    endloop
  endfacet
  facet normal -0.336844 0.016548 -0.941415
    outer loop
      vertex -57.126106 5.626430 -138.581930
      vertex -43.542702 0.000000 -143.541050
      vertex -57.402515 0.000000 -138.581930
    endloop
  endfacet
  facet normal -0.336844 -0.016548 -0.941415
    outer loop
      vertex -57.402515 0.000000 -138.581930
      vertex -43.542702 0.000000 -143.541050
      vertex -43.333032 -4.267931 -143.541050
    endloop
  endfacet
  facet normal -0.336844 -0.016548 -0.941415
    outer loop
      vertex -57.402515 0.000000 -138.581930
      vertex -43.333032 -4.267931 -143.541050
      vertex -57.126106 -5.626430 -138.581930
    endloop
  endfacet
  facet normal -0.333600 -0.049485 -0.941415
    outer loop
      vertex -57.126106 -5.626430 -138.581930
      vertex -43.333032 -4.267931 -143.541050
      vertex -42.706041 -8.494760 -143.541050
    endloop
  endfacet
  facet normal -0.333600 -0.049485 -0.941415
    outer loop
      vertex -57.126106 -5.626430 -138.581930
      vertex -42.706041 -8.494760 -143.541050
      vertex -56.299542 -11.198675 -138.581930
    endloop
  endfacet
  facet normal -0.327143 -0.081945 -0.941415
    outer loop
      vertex -56.299542 -11.198675 -138.581930
      vertex -42.706041 -8.494760 -143.541050
      vertex -41.667767 -12.639779 -143.541050
    endloop
  endfacet
  facet normal -0.327143 -0.081945 -0.941415
    outer loop
      vertex -56.299542 -11.198675 -138.581930
      vertex -41.667767 -12.639779 -143.541050
      vertex -54.930782 -16.663070 -138.581930
    endloop
  endfacet
  facet normal -0.317536 -0.113616 -0.941415
    outer loop
      vertex -54.930782 -16.663070 -138.581930
      vertex -41.667767 -12.639779 -143.541050
      vertex -40.228211 -16.663070 -143.541050
    endloop
  endfacet
  facet normal -0.317536 -0.113616 -0.941415
    outer loop
      vertex -54.930782 -16.663070 -138.581930
      vertex -40.228211 -16.663070 -143.541050
      vertex -53.033009 -21.966991 -138.581930
    endloop
  endfacet
  facet normal -0.304870 -0.144193 -0.941415
    outer loop
      vertex -53.033009 -21.966991 -138.581930
      vertex -40.228211 -16.663070 -143.541050
      vertex -38.401234 -20.525887 -143.541050
    endloop
  endfacet
  facet normal -0.304870 -0.144193 -0.941415
    outer loop
      vertex -53.033009 -21.966991 -138.581930
      vertex -38.401234 -20.525887 -143.541050
      vertex -50.624498 -27.059358 -138.581930
    endloop
  endfacet
  facet normal -0.289269 -0.173381 -0.941415
    outer loop
      vertex -50.624498 -27.059358 -138.581930
      vertex -38.401234 -20.525887 -143.541050
      vertex -36.204433 -24.191029 -143.541050
    endloop
  endfacet
  facet normal -0.289269 -0.173381 -0.941415
    outer loop
      vertex -50.624498 -27.059358 -138.581930
      vertex -36.204433 -24.191029 -143.541050
      vertex -47.728447 -31.891129 -138.581930
    endloop
  endfacet
  facet normal -0.270882 -0.200900 -0.941415
    outer loop
      vertex -47.728447 -31.891129 -138.581930
      vertex -36.204433 -24.191029 -143.541050
      vertex -33.658963 -27.623197 -143.541050
    endloop
  endfacet
  facet normal -0.270882 -0.200900 -0.941415
    outer loop
      vertex -47.728447 -31.891129 -138.581930
      vertex -33.658963 -27.623197 -143.541050
      vertex -44.372744 -36.415770 -138.581930
    endloop
  endfacet
  facet normal -0.249886 -0.226483 -0.941415
    outer loop
      vertex -44.372744 -36.415770 -138.581930
      vertex -33.658963 -27.623197 -143.541050
      vertex -30.789340 -30.789340 -143.541050
    endloop
  endfacet
  facet normal -0.249886 -0.226483 -0.941415
    outer loop
      vertex -44.372744 -36.415770 -138.581930
      vertex -30.789340 -30.789340 -143.541050
      vertex -40.589708 -40.589708 -138.581930
    endloop
  endfacet
  facet normal -0.226483 -0.249886 -0.941415
    outer loop
      vertex -40.589708 -40.589708 -138.581930
      vertex -30.789340 -30.789340 -143.541050
      vertex -27.623197 -33.658963 -143.541050
    endloop
  endfacet
  facet normal -0.226483 -0.249886 -0.941415
    outer loop
      vertex -40.589708 -40.589708 -138.581930
      vertex -27.623197 -33.658963 -143.541050
      vertex -36.415770 -44.372744 -138.581930
    endloop
  endfacet
  facet normal -0.200900 -0.270882 -0.941415
    outer loop
      vertex -36.415770 -44.372744 -138.581930
      vertex -27.623197 -33.658963 -143.541050
      vertex -24.191029 -36.204433 -143.541050
    endloop
  endfacet
  facet normal -0.200900 -0.270882 -0.941415
    outer loop
      vertex -36.415770 -44.372744 -138.581930
      vertex -24.191029 -36.204433 -143.541050
      vertex -31.891129 -47.728447 -138.581930
    endloop
  endfacet
  facet normal -0.173381 -0.289269 -0.941415
    outer loop
      vertex -31.891129 -47.728447 -138.581930
      vertex -24.191029 -36.204433 -143.541050
      vertex -20.525887 -38.401234 -143.541050
    endloop
  endfacet
  facet normal -0.173381 -0.289269 -0.941415
    outer loop
      vertex -31.891129 -47.728447 -138.581930
      vertex -20.525887 -38.401234 -143.541050
      vertex -27.059358 -50.624498 -138.581930
    endloop
  endfacet
  facet normal -0.144193 -0.304870 -0.941415
    outer loop
      vertex -27.059358 -50.624498 -138.581930
      vertex -20.525887 -38.401234 -143.541050
      vertex -16.663070 -40.228211 -143.541050
    endloop
  endfacet
  facet normal -0.144193 -0.304870 -0.941415
    outer loop
      vertex -27.059358 -50.624498 -138.581930
      vertex -16.663070 -40.228211 -143.541050
      vertex -21.966991 -53.033009 -138.581930
    endloop
  endfacet
  facet normal -0.113616 -0.317536 -0.941415
    outer loop
      vertex -21.966991 -53.033009 -138.581930
      vertex -16.663070 -40.228211 -143.541050
      vertex -12.639779 -41.667767 -143.541050
    endloop
  endfacet
  facet normal -0.113616 -0.317536 -0.941415
    outer loop
      vertex -21.966991 -53.033009 -138.581930
      vertex -12.639779 -41.667767 -143.541050
      vertex -16.663070 -54.930782 -138.581930
    endloop
  endfacet
  facet normal -0.081945 -0.327143 -0.941415
    outer loop
      vertex -16.663070 -54.930782 -138.581930
      vertex -12.639779 -41.667767 -143.541050
      vertex -8.494760 -42.706041 -143.541050
    endloop
  endfacet
  facet normal -0.081945 -0.327143 -0.941415
    outer loop
      vertex -16.663070 -54.930782 -138.581930
      vertex -8.494760 -42.706041 -143.541050
      vertex -11.198675 -56.299542 -138.581930
    endloop
  endfacet
  facet normal -0.049485 -0.333600 -0.941415
    outer loop
      vertex -11.198675 -56.299542 -138.581930
      vertex -8.494760 -42.706041 -143.541050
      vertex -4.267931 -43.333032 -143.541050
    endloop
  endfacet
  facet normal -0.049485 -0.333600 -0.941415
    outer loop
      vertex -11.198675 -56.299542 -138.581930
      vertex -4.267931 -43.333032 -143.541050
      vertex -5.626430 -57.126106 -138.581930
    endloop
  endfacet
  facet normal -0.016548 -0.336844 -0.941415
    outer loop
      vertex -5.626430 -57.126106 -138.581930
      vertex -4.267931 -43.333032 -143.541050
      vertex -0.000000 -43.542702 -143.541050
    endloop
  endfacet
  facet normal -0.016548 -0.336844 -0.941415
    outer loop
      vertex -5.626430 -57.126106 -138.581930
      vertex -0.000000 -43.542702 -143.541050
      vertex -0.000000 -57.402515 -138.581930
    endloop
  endfacet
  facet normal 0.016548 -0.336844 -0.941415
    outer loop
      vertex -0.000000 -57.402515 -138.581930
      vertex -0.000000 -43.542702 -143.541050
      vertex 4.267931 -43.333032 -143.541050
    endloop
  endfacet
  facet normal 0.016548 -0.336844 -0.941415
    outer loop
      vertex -0.000000 -57.402515 -138.581930
      vertex 4.267931 -43.333032 -143.541050
      vertex 5.626430 -57.126106 -138.581930
    endloop
  endfacet
  facet normal 0.049485 -0.333600 -0.941415
    outer loop
      vertex 5.626430 -57.126106 -138.581930
      vertex 4.267931 -43.333032 -143.541050
      vertex 8.494760 -42.706041 -143.541050
    endloop
  endfacet
  facet normal 0.049485 -0.333600 -0.941415
    outer loop
      vertex 5.626430 -57.126106 -138.581930
      vertex 8.494760 -42.706041 -143.541050
      vertex 11.198675 -56.299542 -138.581930
    endloop
  endfacet
  facet normal 0.081945 -0.327143 -0.941415
    outer loop
      vertex 11.198675 -56.299542 -138.581930
      vertex 8.494760 -42.706041 -143.541050
      vertex 12.639779 -41.667767 -143.541050
    endloop
  endfacet
  facet normal 0.081945 -0.327143 -0.941415
    outer loop
      vertex 11.198675 -56.299542 -138.581930
      vertex 12.639779 -41.667767 -143.541050
      vertex 16.663070 -54.930782 -138.581930
    endloop
  endfacet
  facet normal 0.113616 -0.317536 -0.941415
    outer loop
      vertex 16.663070 -54.930782 -138.581930
      vertex 12.639779 -41.667767 -143.541050
      vertex 16.663070 -40.228211 -143.541050
    endloop
  endfacet
  facet normal 0.113616 -0.317536 -0.941415
    outer loop
      vertex 16.663070 -54.930782 -138.581930
      vertex 16.663070 -40.228211 -143.541050
      vertex 21.966991 -53.033009 -138.581930
    endloop
  endfacet
  facet normal 0.144193 -0.304870 -0.941415
    outer loop
      vertex 21.966991 -53.033009 -138.581930
      vertex 16.663070 -40.228211 -143.541050
      vertex 20.525887 -38.401234 -143.541050
    endloop
  endfacet
  facet normal 0.144193 -0.304870 -0.941415
    outer loop
      vertex 21.966991 -53.033009 -138.581930
      vertex 20.525887 -38.401234 -143.541050
      vertex 27.059358 -50.624498 -138.581930
    endloop
  endfacet
  facet normal 0.173381 -0.289269 -0.941415
    outer loop
      vertex 27.059358 -50.624498 -138.581930
      vertex 20.525887 -38.401234 -143.541050
      vertex 24.191029 -36.204433 -143.541050
    endloop
  endfacet
  facet normal 0.173381 -0.289269 -0.941415
    outer loop
      vertex 27.059358 -50.624498 -138.581930
      vertex 24.191029 -36.204433 -143.541050
      vertex 31.891129 -47.728447 -138.581930
    endloop
  endfacet
  facet normal 0.200900 -0.270882 -0.941415
    outer loop
      vertex 31.891129 -47.728447 -138.581930
      vertex 24.191029 -36.204433 -143.541050
      vertex 27.623197 -33.658963 -143.541050
    endloop
  endfacet
  facet normal 0.200900 -0.270882 -0.941415
    outer loop
      vertex 31.891129 -47.728447 -138.581930
      vertex 27.623197 -33.658963 -143.541050
      vertex 36.415770 -44.372744 -138.581930
    endloop
  endfacet
  facet normal 0.226483 -0.249886 -0.941415
    outer loop
      vertex 36.415770 -44.372744 -138.581930
      vertex 27.623197 -33.658963 -143.541050
      vertex 30.789340 -30.789340 -143.541050
    endloop
  endfacet
  facet normal 0.226483 -0.249886 -0.941415
    outer loop
      vertex 36.415770 -44.372744 -138.581930
      vertex 30.789340 -30.789340 -143.541050
      vertex 40.589708 -40.589708 -138.581930
    endloop
  endfacet
  facet normal 0.249886 -0.226483 -0.941415
    outer loop
      vertex 40.589708 -40.589708 -138.581930
      vertex 30.789340 -30.789340 -143.541050
      vertex 33.658963 -27.623197 -143.541050
    endloop
  endfacet
  facet normal 0.249886 -0.226483 -0.941415
    outer loop
      vertex 40.589708 -40.589708 -138.581930
      vertex 33.658963 -27.623197 -143.541050
      vertex 44.372744 -36.415770 -138.581930
    endloop
  endfacet
  facet normal 0.270882 -0.200900 -0.941415
    outer loop
      vertex 44.372744 -36.415770 -138.581930
      vertex 33.658963 -27.623197 -143.541050
      vertex 36.204433 -24.191029 -143.541050
    endloop
  endfacet
  facet normal 0.270882 -0.200900 -0.941415
    outer loop
      vertex 44.372744 -36.415770 -138.581930
      vertex 36.204433 -24.191029 -143.541050
      vertex 47.728447 -31.891129 -138.581930
    endloop
  endfacet
  facet normal 0.289269 -0.173381 -0.941415
    outer loop
      vertex 47.728447 -31.891129 -138.581930
      vertex 36.204433 -24.191029 -143.541050
      vertex 38.401234 -20.525887 -143.541050
    endloop
  endfacet
  facet normal 0.289269 -0.173381 -0.941415
    outer loop
      vertex 47.728447 -31.891129 -138.581930
      vertex 38.401234 -20.525887 -143.541050
      vertex 50.624498 -27.059358 -138.581930
    endloop
  endfacet
  facet normal 0.304870 -0.144193 -0.941415
    outer loop
      vertex 50.624498 -27.059358 -138.581930
      vertex 38.401234 -20.525887 -143.541050
      vertex 40.228211 -16.663070 -143.541050
    endloop
  endfacet
  facet normal 0.304870 -0.144193 -0.941415
    outer loop
      vertex 50.624498 -27.059358 -138.581930
      vertex 40.228211 -16.663070 -143.541050
      vertex 53.033009 -21.966991 -138.581930
    endloop
  endfacet
  facet normal 0.317536 -0.113616 -0.941415
    outer loop
      vertex 53.033009 -21.966991 -138.581930
      vertex 40.228211 -16.663070 -143.541050
      vertex 41.667767 -12.639779 -143.541050
    endloop
  endfacet
  facet normal 0.317536 -0.113616 -0.941415
    outer loop
      vertex 53.033009 -21.966991 -138.581930
      vertex 41.667767 -12.639779 -143.541050
      vertex 54.930782 -16.663070 -138.581930
    endloop
  endfacet
  facet normal 0.327143 -0.081945 -0.941415
    outer loop
      vertex 54.930782 -16.663070 -138.581930
      vertex 41.667767 -12.639779 -143.541050
      vertex 42.706041 -8.494760 -143.541050
    endloop
  endfacet
  facet normal 0.327143 -0.081945 -0.941415
    outer loop
      vertex 54.930782 -16.663070 -138.581930
      vertex 42.706041 -8.494760 -143.541050
      vertex 56.299542 -11.198675 -138.581930
    endloop
  endfacet
  facet normal 0.333600 -0.049485 -0.941415
    outer loop
      vertex 56.299542 -11.198675 -138.581930
      vertex 42.706041 -8.494760 -143.541050
      vertex 43.333032 -4.267931 -143.541050
    endloop
  endfacet
  facet normal 0.333600 -0.049485 -0.941415
    outer loop
      vertex 56.299542 -11.198675 -138.581930
      vertex 43.333032 -4.267931 -143.541050
      vertex 57.126106 -5.626430 -138.581930
    endloop
  endfacet
  facet normal 0.336844 -0.016548 -0.941415
    outer loop
      vertex 57.126106 -5.626430 -138.581930
      vertex 43.333032 -4.267931 -143.541050
      vertex 43.542702 -0.000000 -143.541050
    endloop
  endfacet
  facet normal 0.336844 -0.016548 -0.941415
    outer loop
      vertex 57.126106 -5.626430 -138.581930
      vertex 43.542702 -0.000000 -143.541050
      vertex 57.402515 -0.000000 -138.581930
    endloop
  endfacet
  facet normal 0.242963 0.011936 -0.969962
    outer loop
      vertex 43.542702 0.000000 -143.541050
      vertex 29.263548 0.000000 -147.117792
      vertex 29.122636 2.868329 -147.117792
    endloop
  endfacet
  facet normal 0.242963 0.011936 -0.969962
    outer loop
      vertex 43.542702 0.000000 -143.541050
      vertex 29.122636 2.868329 -147.117792
      vertex 43.333032 4.267931 -143.541050
    endloop
  endfacet
  facet normal 0.240623 0.035693 -0.969962
    outer loop
      vertex 43.333032 4.267931 -143.541050
      vertex 29.122636 2.868329 -147.117792
      vertex 28.701257 5.709035 -147.117792
    endloop
  endfacet
  facet normal 0.240623 0.035693 -0.969962
    outer loop
      vertex 43.333032 4.267931 -143.541050
      vertex 28.701257 5.709035 -147.117792
      vertex 42.706041 8.494760 -143.541050
    endloop
  endfacet
  facet normal 0.235966 0.059106 -0.969962
    outer loop
      vertex 42.706041 8.494760 -143.541050
      vertex 28.701257 5.709035 -147.117792
      vertex 28.003470 8.494760 -147.117792
    endloop
  endfacet
  facet normal 0.235966 0.059106 -0.969962
    outer loop
      vertex 42.706041 8.494760 -143.541050
      vertex 28.003470 8.494760 -147.117792
      vertex 41.667767 12.639779 -143.541050
    endloop
  endfacet
  facet normal 0.229036 0.081950 -0.969962
    outer loop
      vertex 41.667767 12.639779 -143.541050
      vertex 28.003470 8.494760 -147.117792
      vertex 27.035993 11.198675 -147.117792
    endloop
  endfacet
  facet normal 0.229036 0.081950 -0.969962
    outer loop
      vertex 41.667767 12.639779 -143.541050
      vertex 27.035993 11.198675 -147.117792
      vertex 40.228211 16.663070 -143.541050
    endloop
  endfacet
  facet normal 0.219901 0.104005 -0.969962
    outer loop
      vertex 40.228211 16.663070 -143.541050
      vertex 27.035993 11.198675 -147.117792
      vertex 25.808146 13.794741 -147.117792
    endloop
  endfacet
  facet normal 0.219901 0.104005 -0.969962
    outer loop
      vertex 40.228211 16.663070 -143.541050
      vertex 25.808146 13.794741 -147.117792
      vertex 38.401234 20.525887 -143.541050
    endloop
  endfacet
  facet normal 0.208648 0.125059 -0.969962
    outer loop
      vertex 38.401234 20.525887 -143.541050
      vertex 25.808146 13.794741 -147.117792
      vertex 24.331751 16.257956 -147.117792
    endloop
  endfacet
  facet normal 0.208648 0.125059 -0.969962
    outer loop
      vertex 38.401234 20.525887 -143.541050
      vertex 24.331751 16.257956 -147.117792
      vertex 36.204433 24.191029 -143.541050
    endloop
  endfacet
  facet normal 0.195385 0.144907 -0.969962
    outer loop
      vertex 36.204433 24.191029 -143.541050
      vertex 24.331751 16.257956 -147.117792
      vertex 22.621029 18.564599 -147.117792
    endloop
  endfacet
  facet normal 0.195385 0.144907 -0.969962
    outer loop
      vertex 36.204433 24.191029 -143.541050
      vertex 22.621029 18.564599 -147.117792
      vertex 33.658963 27.623197 -143.541050
    endloop
  endfacet
  facet normal 0.180241 0.163361 -0.969962
    outer loop
      vertex 33.658963 27.623197 -143.541050
      vertex 22.621029 18.564599 -147.117792
      vertex 20.692453 20.692453 -147.117792
    endloop
  endfacet
  facet normal 0.180241 0.163361 -0.969962
    outer loop
      vertex 33.658963 27.623197 -143.541050
      vertex 20.692453 20.692453 -147.117792
      vertex 30.789340 30.789340 -143.541050
    endloop
  endfacet
  facet normal 0.163361 0.180241 -0.969962
    outer loop
      vertex 30.789340 30.789340 -143.541050
      vertex 20.692453 20.692453 -147.117792
      vertex 18.564599 22.621029 -147.117792
    endloop
  endfacet
  facet normal 0.163361 0.180241 -0.969962
    outer loop
      vertex 30.789340 30.789340 -143.541050
      vertex 18.564599 22.621029 -147.117792
      vertex 27.623197 33.658963 -143.541050
    endloop
  endfacet
  facet normal 0.144907 0.195385 -0.969962
    outer loop
      vertex 27.623197 33.658963 -143.541050
      vertex 18.564599 22.621029 -147.117792
      vertex 16.257956 24.331751 -147.117792
    endloop
  endfacet
  facet normal 0.144907 0.195385 -0.969962
    outer loop
      vertex 27.623197 33.658963 -143.541050
      vertex 16.257956 24.331751 -147.117792
      vertex 24.191029 36.204433 -143.541050
    endloop
  endfacet
  facet normal 0.125059 0.208648 -0.969962
    outer loop
      vertex 24.191029 36.204433 -143.541050
      vertex 16.257956 24.331751 -147.117792
      vertex 13.794741 25.808146 -147.117792
    endloop
  endfacet
  facet normal 0.125059 0.208648 -0.969962
    outer loop
      vertex 24.191029 36.204433 -143.541050
      vertex 13.794741 25.808146 -147.117792
      vertex 20.525887 38.401234 -143.541050
    endloop
  endfacet
  facet normal 0.104005 0.219901 -0.969962
    outer loop
      vertex 20.525887 38.401234 -143.541050
      vertex 13.794741 25.808146 -147.117792
      vertex 11.198675 27.035993 -147.117792
    endloop
  endfacet
  facet normal 0.104005 0.219901 -0.969962
    outer loop
      vertex 20.525887 38.401234 -143.541050
      vertex 11.198675 27.035993 -147.117792
      vertex 16.663070 40.228211 -143.541050
    endloop
  endfacet
  facet normal 0.081950 0.229036 -0.969962
    outer loop
      vertex 16.663070 40.228211 -143.541050
      vertex 11.198675 27.035993 -147.117792
      vertex 8.494760 28.003470 -147.117792
    endloop
  endfacet
  facet normal 0.081950 0.229036 -0.969962
    outer loop
      vertex 16.663070 40.228211 -143.541050
      vertex 8.494760 28.003470 -147.117792
      vertex 12.639779 41.667767 -143.541050
    endloop
  endfacet
  facet normal 0.059106 0.235966 -0.969962
    outer loop
      vertex 12.639779 41.667767 -143.541050
      vertex 8.494760 28.003470 -147.117792
      vertex 5.709035 28.701257 -147.117792
    endloop
  endfacet
  facet normal 0.059106 0.235966 -0.969962
    outer loop
      vertex 12.639779 41.667767 -143.541050
      vertex 5.709035 28.701257 -147.117792
      vertex 8.494760 42.706041 -143.541050
    endloop
  endfacet
  facet normal 0.035693 0.240623 -0.969962
    outer loop
      vertex 8.494760 42.706041 -143.541050
      vertex 5.709035 28.701257 -147.117792
      vertex 2.868329 29.122636 -147.117792
    endloop
  endfacet
  facet normal 0.035693 0.240623 -0.969962
    outer loop
      vertex 8.494760 42.706041 -143.541050
      vertex 2.868329 29.122636 -147.117792
      vertex 4.267931 43.333032 -143.541050
    endloop
  endfacet
  facet normal 0.011936 0.242963 -0.969962
    outer loop
      vertex 4.267931 43.333032 -143.541050
      vertex 2.868329 29.122636 -147.117792
      vertex 0.000000 29.263548 -147.117792
    endloop
  endfacet
  facet normal 0.011936 0.242963 -0.969962
    outer loop
      vertex 4.267931 43.333032 -143.541050
      vertex 0.000000 29.263548 -147.117792
      vertex 0.000000 43.542702 -143.541050
    endloop
  endfacet
  facet normal -0.011936 0.242963 -0.969962
    outer loop
      vertex 0.000000 43.542702 -143.541050
      vertex 0.000000 29.263548 -147.117792
      vertex -2.868329 29.122636 -147.117792
    endloop
  endfacet
  facet normal -0.011936 0.242963 -0.969962
    outer loop
      vertex 0.000000 43.542702 -143.541050
      vertex -2.868329 29.122636 -147.117792
      vertex -4.267931 43.333032 -143.541050
    endloop
  endfacet
  facet normal -0.035693 0.240623 -0.969962
    outer loop
      vertex -4.267931 43.333032 -143.541050
      vertex -2.868329 29.122636 -147.117792
      vertex -5.709035 28.701257 -147.117792
    endloop
  endfacet
  facet normal -0.035693 0.240623 -0.969962
    outer loop
      vertex -4.267931 43.333032 -143.541050
      vertex -5.709035 28.701257 -147.117792
      vertex -8.494760 42.706041 -143.541050
    endloop
  endfacet
  facet normal -0.059106 0.235966 -0.969962
    outer loop
      vertex -8.494760 42.706041 -143.541050
      vertex -5.709035 28.701257 -147.117792
      vertex -8.494760 28.003470 -147.117792
    endloop
  endfacet
  facet normal -0.059106 0.235966 -0.969962
    outer loop
      vertex -8.494760 42.706041 -143.541050
      vertex -8.494760 28.003470 -147.117792
      vertex -12.639779 41.667767 -143.541050
    endloop
  endfacet
  facet normal -0.081950 0.229036 -0.969962
    outer loop
      vertex -12.639779 41.667767 -143.541050
      vertex -8.494760 28.003470 -147.117792
      vertex -11.198675 27.035993 -147.117792
    endloop
  endfacet
  facet normal -0.081950 0.229036 -0.969962
    outer loop
      vertex -12.639779 41.667767 -143.541050
      vertex -11.198675 27.035993 -147.117792
      vertex -16.663070 40.228211 -143.541050
    endloop
  endfacet
  facet normal -0.104005 0.219901 -0.969962
    outer loop
      vertex -16.663070 40.228211 -143.541050
      vertex -11.198675 27.035993 -147.117792
      vertex -13.794741 25.808146 -147.117792
    endloop
  endfacet
  facet normal -0.104005 0.219901 -0.969962
    outer loop
      vertex -16.663070 40.228211 -143.541050
      vertex -13.794741 25.808146 -147.117792
      vertex -20.525887 38.401234 -143.541050
    endloop
  endfacet
  facet normal -0.125059 0.208648 -0.969962
    outer loop
      vertex -20.525887 38.401234 -143.541050
      vertex -13.794741 25.808146 -147.117792
      vertex -16.257956 24.331751 -147.117792
    endloop
  endfacet
  facet normal -0.125059 0.208648 -0.969962
    outer loop
      vertex -20.525887 38.401234 -143.541050
      vertex -16.257956 24.331751 -147.117792
      vertex -24.191029 36.204433 -143.541050
    endloop
  endfacet
  facet normal -0.144907 0.195385 -0.969962
    outer loop
      vertex -24.191029 36.204433 -143.541050
      vertex -16.257956 24.331751 -147.117792
      vertex -18.564599 22.621029 -147.117792
    endloop
  endfacet
  facet normal -0.144907 0.195385 -0.969962
    outer loop
      vertex -24.191029 36.204433 -143.541050
      vertex -18.564599 22.621029 -147.117792
      vertex -27.623197 33.658963 -143.541050
    endloop
  endfacet
  facet normal -0.163361 0.180241 -0.969962
    outer loop
      vertex -27.623197 33.658963 -143.541050
      vertex -18.564599 22.621029 -147.117792
      vertex -20.692453 20.692453 -147.117792
    endloop
  endfacet
  facet normal -0.163361 0.180241 -0.969962
    outer loop
      vertex -27.623197 33.658963 -143.541050
      vertex -20.692453 20.692453 -147.117792
      vertex -30.789340 30.789340 -143.541050
    endloop
  endfacet
  facet normal -0.180241 0.163361 -0.969962
    outer loop
      vertex -30.789340 30.789340 -143.541050
      vertex -20.692453 20.692453 -147.117792
      vertex -22.621029 18.564599 -147.117792
    endloop
  endfacet
  facet normal -0.180241 0.163361 -0.969962
    outer loop
      vertex -30.789340 30.789340 -143.541050
      vertex -22.621029 18.564599 -147.117792
      vertex -33.658963 27.623197 -143.541050
    endloop
  endfacet
  facet normal -0.195385 0.144907 -0.969962
    outer loop
      vertex -33.658963 27.623197 -143.541050
      vertex -22.621029 18.564599 -147.117792
      vertex -24.331751 16.257956 -147.117792
    endloop
  endfacet
  facet normal -0.195385 0.144907 -0.969962
    outer loop
      vertex -33.658963 27.623197 -143.541050
      vertex -24.331751 16.257956 -147.117792
      vertex -36.204433 24.191029 -143.541050
    endloop
  endfacet
  facet normal -0.208648 0.125059 -0.969962
    outer loop
      vertex -36.204433 24.191029 -143.541050
      vertex -24.331751 16.257956 -147.117792
      vertex -25.808146 13.794741 -147.117792
    endloop
  endfacet
  facet normal -0.208648 0.125059 -0.969962
    outer loop
      vertex -36.204433 24.191029 -143.541050
      vertex -25.808146 13.794741 -147.117792
      vertex -38.401234 20.525887 -143.541050
    endloop
  endfacet
  facet normal -0.219901 0.104005 -0.969962
    outer loop
      vertex -38.401234 20.525887 -143.541050
      vertex -25.808146 13.794741 -147.117792
      vertex -27.035993 11.198675 -147.117792
    endloop
  endfacet
  facet normal -0.219901 0.104005 -0.969962
    outer loop
      vertex -38.401234 20.525887 -143.541050
      vertex -27.035993 11.198675 -147.117792
      vertex -40.228211 16.663070 -143.541050
    endloop
  endfacet
  facet normal -0.229036 0.081950 -0.969962
    outer loop
      vertex -40.228211 16.663070 -143.541050
      vertex -27.035993 11.198675 -147.117792
      vertex -28.003470 8.494760 -147.117792
    endloop
  endfacet
  facet normal -0.229036 0.081950 -0.969962
    outer loop
      vertex -40.228211 16.663070 -143.541050
      vertex -28.003470 8.494760 -147.117792
      vertex -41.667767 12.639779 -143.541050
    endloop
  endfacet
  facet normal -0.235966 0.059106 -0.969962
    outer loop
      vertex -41.667767 12.639779 -143.541050
      vertex -28.003470 8.494760 -147.117792
      vertex -28.701257 5.709035 -147.117792
    endloop
  endfacet
  facet normal -0.235966 0.059106 -0.969962
    outer loop
      vertex -41.667767 12.639779 -143.541050
      vertex -28.701257 5.709035 -147.117792
      vertex -42.706041 8.494760 -143.541050
    endloop
  endfacet
  facet normal -0.240623 0.035693 -0.969962
    outer loop
      vertex -42.706041 8.494760 -143.541050
      vertex -28.701257 5.709035 -147.117792
      vertex -29.122636 2.868329 -147.117792
    endloop
  endfacet
  facet normal -0.240623 0.035693 -0.969962
    outer loop
      vertex -42.706041 8.494760 -143.541050
      vertex -29.122636 2.868329 -147.117792
      vertex -43.333032 4.267931 -143.541050
    endloop
  endfacet
  facet normal -0.242963 0.011936 -0.969962
    outer loop
      vertex -43.333032 4.267931 -143.541050
      vertex -29.122636 2.868329 -147.117792
      vertex -29.263548 0.000000 -147.117792
    endloop
  endfacet
  facet normal -0.242963 0.011936 -0.969962
    outer loop
      vertex -43.333032 4.267931 -143.541050
      vertex -29.263548 0.000000 -147.117792
      vertex -43.542702 0.000000 -143.541050
    endloop
  endfacet
  facet normal -0.242963 -0.011936 -0.969962
    outer loop
      vertex -43.542702 0.000000 -143.541050
      vertex -29.263548 0.000000 -147.117792
      vertex -29.122636 -2.868329 -147.117792
    endloop
  endfacet
  facet normal -0.242963 -0.011936 -0.969962
    outer loop
      vertex -43.542702 0.000000 -143.541050
      vertex -29.122636 -2.868329 -147.117792
      vertex -43.333032 -4.267931 -143.541050
    endloop
  endfacet
  facet normal -0.240623 -0.035693 -0.969962
    outer loop
      vertex -43.333032 -4.267931 -143.541050
      vertex -29.122636 -2.868329 -147.117792
      vertex -28.701257 -5.709035 -147.117792
    endloop
  endfacet
  facet normal -0.240623 -0.035693 -0.969962
    outer loop
      vertex -43.333032 -4.267931 -143.541050
      vertex -28.701257 -5.709035 -147.117792
      vertex -42.706041 -8.494760 -143.541050
    endloop
  endfacet
  facet normal -0.235966 -0.059106 -0.969962
    outer loop
      vertex -42.706041 -8.494760 -143.541050
      vertex -28.701257 -5.709035 -147.117792
      vertex -28.003470 -8.494760 -147.117792
    endloop
  endfacet
  facet normal -0.235966 -0.059106 -0.969962
    outer loop
      vertex -42.706041 -8.494760 -143.541050
      vertex -28.003470 -8.494760 -147.117792
      vertex -41.667767 -12.639779 -143.541050
    endloop
  endfacet
  facet normal -0.229036 -0.081950 -0.969962
    outer loop
      vertex -41.667767 -12.639779 -143.541050
      vertex -28.003470 -8.494760 -147.117792
      vertex -27.035993 -11.198675 -147.117792
    endloop
  endfacet
  facet normal -0.229036 -0.081950 -0.969962
    outer loop
      vertex -41.667767 -12.639779 -143.541050
      vertex -27.035993 -11.198675 -147.117792
      vertex -40.228211 -16.663070 -143.541050
    endloop
  endfacet
  facet normal -0.219901 -0.104005 -0.969962
    outer loop
      vertex -40.228211 -16.663070 -143.541050
      vertex -27.035993 -11.198675 -147.117792
      vertex -25.808146 -13.794741 -147.117792
    endloop
  endfacet
  facet normal -0.219901 -0.104005 -0.969962
    outer loop
      vertex -40.228211 -16.663070 -143.541050
      vertex -25.808146 -13.794741 -147.117792
      vertex -38.401234 -20.525887 -143.541050
    endloop
  endfacet
  facet normal -0.208648 -0.125059 -0.969962
    outer loop
      vertex -38.401234 -20.525887 -143.541050
      vertex -25.808146 -13.794741 -147.117792
      vertex -24.331751 -16.257956 -147.117792
    endloop
  endfacet
  facet normal -0.208648 -0.125059 -0.969962
    outer loop
      vertex -38.401234 -20.525887 -143.541050
      vertex -24.331751 -16.257956 -147.117792
      vertex -36.204433 -24.191029 -143.541050
    endloop
  endfacet
  facet normal -0.195385 -0.144907 -0.969962
    outer loop
      vertex -36.204433 -24.191029 -143.541050
      vertex -24.331751 -16.257956 -147.117792
      vertex -22.621029 -18.564599 -147.117792
    endloop
  endfacet
  facet normal -0.195385 -0.144907 -0.969962
    outer loop
      vertex -36.204433 -24.191029 -143.541050
      vertex -22.621029 -18.564599 -147.117792
      vertex -33.658963 -27.623197 -143.541050
    endloop
  endfacet
  facet normal -0.180241 -0.163361 -0.969962
    outer loop
      vertex -33.658963 -27.623197 -143.541050
      vertex -22.621029 -18.564599 -147.117792
      vertex -20.692453 -20.692453 -147.117792
    endloop
  endfacet
  facet normal -0.180241 -0.163361 -0.969962
    outer loop
      vertex -33.658963 -27.623197 -143.541050
      vertex -20.692453 -20.692453 -147.117792
      vertex -30.789340 -30.789340 -143.541050
    endloop
  endfacet
  facet normal -0.163361 -0.180241 -0.969962
    outer loop
      vertex -30.789340 -30.789340 -143.541050
      vertex -20.692453 -20.692453 -147.117792
      vertex -18.564599 -22.621029 -147.117792
    endloop
  endfacet
  facet normal -0.163361 -0.180241 -0.969962
    outer loop
      vertex -30.789340 -30.789340 -143.541050
      vertex -18.564599 -22.621029 -147.117792
      vertex -27.623197 -33.658963 -143.541050
    endloop
  endfacet
  facet normal -0.144907 -0.195385 -0.969962
    outer loop
      vertex -27.623197 -33.658963 -143.541050
      vertex -18.564599 -22.621029 -147.117792
      vertex -16.257956 -24.331751 -147.117792
    endloop
  endfacet
  facet normal -0.144907 -0.195385 -0.969962
    outer loop
      vertex -27.623197 -33.658963 -143.541050
      vertex -16.257956 -24.331751 -147.117792
      vertex -24.191029 -36.204433 -143.541050
    endloop
  endfacet
  facet normal -0.125059 -0.208648 -0.969962
    outer loop
      vertex -24.191029 -36.204433 -143.541050
      vertex -16.257956 -24.331751 -147.117792
      vertex -13.794741 -25.808146 -147.117792
    endloop
  endfacet
  facet normal -0.125059 -0.208648 -0.969962
    outer loop
      vertex -24.191029 -36.204433 -143.541050
      vertex -13.794741 -25.808146 -147.117792
      vertex -20.525887 -38.401234 -143.541050
    endloop
  endfacet
  facet normal -0.104005 -0.219901 -0.969962
    outer loop
      vertex -20.525887 -38.401234 -143.541050
      vertex -13.794741 -25.808146 -147.117792
      vertex -11.198675 -27.035993 -147.117792
    endloop
  endfacet
  facet normal -0.104005 -0.219901 -0.969962
    outer loop
      vertex -20.525887 -38.401234 -143.541050
      vertex -11.198675 -27.035993 -147.117792
      vertex -16.663070 -40.228211 -143.541050
    endloop
  endfacet
  facet normal -0.081950 -0.229036 -0.969962
    outer loop
      vertex -16.663070 -40.228211 -143.541050
      vertex -11.198675 -27.035993 -147.117792
      vertex -8.494760 -28.003470 -147.117792
    endloop
  endfacet
  facet normal -0.081950 -0.229036 -0.969962
    outer loop
      vertex -16.663070 -40.228211 -143.541050
      vertex -8.494760 -28.003470 -147.117792
      vertex -12.639779 -41.667767 -143.541050
    endloop
  endfacet
  facet normal -0.059106 -0.235966 -0.969962
    outer loop
      vertex -12.639779 -41.667767 -143.541050
      vertex -8.494760 -28.003470 -147.117792
      vertex -5.709035 -28.701257 -147.117792
    endloop
  endfacet
  facet normal -0.059106 -0.235966 -0.969962
    outer loop
      vertex -12.639779 -41.667767 -143.541050
      vertex -5.709035 -28.701257 -147.117792
      vertex -8.494760 -42.706041 -143.541050
    endloop
  endfacet
  facet normal -0.035693 -0.240623 -0.969962
    outer loop
      vertex -8.494760 -42.706041 -143.541050
      vertex -5.709035 -28.701257 -147.117792
      vertex -2.868329 -29.122636 -147.117792
    endloop
  endfacet
  facet normal -0.035693 -0.240623 -0.969962
    outer loop
      vertex -8.494760 -42.706041 -143.541050
      vertex -2.868329 -29.122636 -147.117792
      vertex -4.267931 -43.333032 -143.541050
    endloop
  endfacet
  facet normal -0.011936 -0.242963 -0.969962
    outer loop
      vertex -4.267931 -43.333032 -143.541050
      vertex -2.868329 -29.122636 -147.117792
      vertex -0.000000 -29.263548 -147.117792
    endloop
  endfacet
  facet normal -0.011936 -0.242963 -0.969962
    outer loop
      vertex -4.267931 -43.333032 -143.541050
      vertex -0.000000 -29.263548 -147.117792
      vertex -0.000000 -43.542702 -143.541050
    endloop
  endfacet
  facet normal 0.011936 -0.242963 -0.969962
    outer loop
      vertex -0.000000 -43.542702 -143.541050
      vertex -0.000000 -29.263548 -147.117792
      vertex 2.868329 -29.122636 -147.117792
    endloop
  endfacet
  facet normal 0.011936 -0.242963 -0.969962
    outer loop
      vertex -0.000000 -43.542702 -143.541050
      vertex 2.868329 -29.122636 -147.117792
      vertex 4.267931 -43.333032 -143.541050
    endloop
  endfacet
  facet normal 0.035693 -0.240623 -0.969962
    outer loop
      vertex 4.267931 -43.333032 -143.541050
      vertex 2.868329 -29.122636 -147.117792
      vertex 5.709035 -28.701257 -147.117792
    endloop
  endfacet
  facet normal 0.035693 -0.240623 -0.969962
    outer loop
      vertex 4.267931 -43.333032 -143.541050
      vertex 5.709035 -28.701257 -147.117792
      vertex 8.494760 -42.706041 -143.541050
    endloop
  endfacet
  facet normal 0.059106 -0.235966 -0.969962
    outer loop
      vertex 8.494760 -42.706041 -143.541050
      vertex 5.709035 -28.701257 -147.117792
      vertex 8.494760 -28.003470 -147.117792
    endloop
  endfacet
  facet normal 0.059106 -0.235966 -0.969962
    outer loop
      vertex 8.494760 -42.706041 -143.541050
      vertex 8.494760 -28.003470 -147.117792
      vertex 12.639779 -41.667767 -143.541050
    endloop
  endfacet
  facet normal 0.081950 -0.229036 -0.969962
    outer loop
      vertex 12.639779 -41.667767 -143.541050
      vertex 8.494760 -28.003470 -147.117792
      vertex 11.198675 -27.035993 -147.117792
    endloop
  endfacet
  facet normal 0.081950 -0.229036 -0.969962
    outer loop
      vertex 12.639779 -41.667767 -143.541050
      vertex 11.198675 -27.035993 -147.117792
      vertex 16.663070 -40.228211 -143.541050
    endloop
  endfacet
  facet normal 0.104005 -0.219901 -0.969962
    outer loop
      vertex 16.663070 -40.228211 -143.541050
      vertex 11.198675 -27.035993 -147.117792
      vertex 13.794741 -25.808146 -147.117792
    endloop
  endfacet
  facet normal 0.104005 -0.219901 -0.969962
    outer loop
      vertex 16.663070 -40.228211 -143.541050
      vertex 13.794741 -25.808146 -147.117792
      vertex 20.525887 -38.401234 -143.541050
    endloop
  endfacet
  facet normal 0.125059 -0.208648 -0.969962
    outer loop
      vertex 20.525887 -38.401234 -143.541050
      vertex 13.794741 -25.808146 -147.117792
      vertex 16.257956 -24.331751 -147.117792
    endloop
  endfacet
  facet normal 0.125059 -0.208648 -0.969962
    outer loop
      vertex 20.525887 -38.401234 -143.541050
      vertex 16.257956 -24.331751 -147.117792
      vertex 24.191029 -36.204433 -143.541050
    endloop
  endfacet
  facet normal 0.144907 -0.195385 -0.969962
    outer loop
      vertex 24.191029 -36.204433 -143.541050
      vertex 16.257956 -24.331751 -147.117792
      vertex 18.564599 -22.621029 -147.117792
    endloop
  endfacet
  facet normal 0.144907 -0.195385 -0.969962
    outer loop
      vertex 24.191029 -36.204433 -143.541050
      vertex 18.564599 -22.621029 -147.117792
      vertex 27.623197 -33.658963 -143.541050
    endloop
  endfacet
  facet normal 0.163361 -0.180241 -0.969962
    outer loop
      vertex 27.623197 -33.658963 -143.541050
      vertex 18.564599 -22.621029 -147.117792
      vertex 20.692453 -20.692453 -147.117792
    endloop
  endfacet
  facet normal 0.163361 -0.180241 -0.969962
    outer loop
      vertex 27.623197 -33.658963 -143.541050
      vertex 20.692453 -20.692453 -147.117792
      vertex 30.789340 -30.789340 -143.541050
    endloop
  endfacet
  facet normal 0.180241 -0.163361 -0.969962
    outer loop
      vertex 30.789340 -30.789340 -143.541050
      vertex 20.692453 -20.692453 -147.117792
      vertex 22.621029 -18.564599 -147.117792
    endloop
  endfacet
  facet normal 0.180241 -0.163361 -0.969962
    outer loop
      vertex 30.789340 -30.789340 -143.541050
      vertex 22.621029 -18.564599 -147.117792
      vertex 33.658963 -27.623197 -143.541050
    endloop
  endfacet
  facet normal 0.195385 -0.144907 -0.969962
    outer loop
      vertex 33.658963 -27.623197 -143.541050
      vertex 22.621029 -18.564599 -147.117792
      vertex 24.331751 -16.257956 -147.117792
    endloop
  endfacet
  facet normal 0.195385 -0.144907 -0.969962
    outer loop
      vertex 33.658963 -27.623197 -143.541050
      vertex 24.331751 -16.257956 -147.117792
      vertex 36.204433 -24.191029 -143.541050
    endloop
  endfacet
  facet normal 0.208648 -0.125059 -0.969962
    outer loop
      vertex 36.204433 -24.191029 -143.541050
      vertex 24.331751 -16.257956 -147.117792
      vertex 25.808146 -13.794741 -147.117792
    endloop
  endfacet
  facet normal 0.208648 -0.125059 -0.969962
    outer loop
      vertex 36.204433 -24.191029 -143.541050
      vertex 25.808146 -13.794741 -147.117792
      vertex 38.401234 -20.525887 -143.541050
    endloop
  endfacet
  facet normal 0.219901 -0.104005 -0.969962
    outer loop
      vertex 38.401234 -20.525887 -143.541050
      vertex 25.808146 -13.794741 -147.117792
      vertex 27.035993 -11.198675 -147.117792
    endloop
  endfacet
  facet normal 0.219901 -0.104005 -0.969962
    outer loop
      vertex 38.401234 -20.525887 -143.541050
      vertex 27.035993 -11.198675 -147.117792
      vertex 40.228211 -16.663070 -143.541050
    endloop
  endfacet
  facet normal 0.229036 -0.081950 -0.969962
    outer loop
      vertex 40.228211 -16.663070 -143.541050
      vertex 27.035993 -11.198675 -147.117792
      vertex 28.003470 -8.494760 -147.117792
    endloop
  endfacet
  facet normal 0.229036 -0.081950 -0.969962
    outer loop
      vertex 40.228211 -16.663070 -143.541050
      vertex 28.003470 -8.494760 -147.117792
      vertex 41.667767 -12.639779 -143.541050
    endloop
  endfacet
  facet normal 0.235966 -0.059106 -0.969962
    outer loop
      vertex 41.667767 -12.639779 -143.541050
      vertex 28.003470 -8.494760 -147.117792
      vertex 28.701257 -5.709035 -147.117792
    endloop
  endfacet
  facet normal 0.235966 -0.059106 -0.969962
    outer loop
      vertex 41.667767 -12.639779 -143.541050
      vertex 28.701257 -5.709035 -147.117792
      vertex 42.706041 -8.494760 -143.541050
    endloop
  endfacet
  facet normal 0.240623 -0.035693 -0.969962
    outer loop
      vertex 42.706041 -8.494760 -143.541050
      vertex 28.701257 -5.709035 -147.117792
      vertex 29.122636 -2.868329 -147.117792
    endloop
  endfacet
  facet normal 0.240623 -0.035693 -0.969962
    outer loop
      vertex 42.706041 -8.494760 -143.541050
      vertex 29.122636 -2.868329 -147.117792
      vertex 43.333032 -4.267931 -143.541050
    endloop
  endfacet
  facet normal 0.242963 -0.011936 -0.969962
    outer loop
      vertex 43.333032 -4.267931 -143.541050
      vertex 29.122636 -2.868329 -147.117792
      vertex 29.263548 -0.000000 -147.117792
    endloop
  endfacet
  facet normal 0.242963 -0.011936 -0.969962
    outer loop
      vertex 43.333032 -4.267931 -143.541050
      vertex 29.263548 -0.000000 -147.117792
      vertex 43.542702 -0.000000 -143.541050
    endloop
  endfacet
  facet normal 0.146727 0.007208 -0.989151
    outer loop
      vertex 29.263548 0.000000 -147.117792
      vertex 14.702571 0.000000 -149.277709
      vertex 14.631774 1.441104 -149.277709
    endloop
  endfacet
  facet normal 0.146727 0.007208 -0.989151
    outer loop
      vertex 29.263548 0.000000 -147.117792
      vertex 14.631774 1.441104 -149.277709
      vertex 29.122636 2.868329 -147.117792
    endloop
  endfacet
  facet normal 0.145314 0.021555 -0.989151
    outer loop
      vertex 29.122636 2.868329 -147.117792
      vertex 14.631774 1.441104 -149.277709
      vertex 14.420065 2.868329 -149.277709
    endloop
  endfacet
  facet normal 0.145314 0.021555 -0.989151
    outer loop
      vertex 29.122636 2.868329 -147.117792
      vertex 14.420065 2.868329 -149.277709
      vertex 28.701257 5.709035 -147.117792
    endloop
  endfacet
  facet normal 0.142501 0.035695 -0.989151
    outer loop
      vertex 28.701257 5.709035 -147.117792
      vertex 14.420065 2.868329 -149.277709
      vertex 14.069483 4.267931 -149.277709
    endloop
  endfacet
  facet normal 0.142501 0.035695 -0.989151
    outer loop
      vertex 28.701257 5.709035 -147.117792
      vertex 14.069483 4.267931 -149.277709
      vertex 28.003470 8.494760 -147.117792
    endloop
  endfacet
  facet normal 0.138316 0.049490 -0.989151
    outer loop
      vertex 28.003470 8.494760 -147.117792
      vertex 14.069483 4.267931 -149.277709
      vertex 13.583404 5.626430 -149.277709
    endloop
  endfacet
  facet normal 0.138316 0.049490 -0.989151
    outer loop
      vertex 28.003470 8.494760 -147.117792
      vertex 13.583404 5.626430 -149.277709
      vertex 27.035993 11.198675 -147.117792
    endloop
  endfacet
  facet normal 0.132799 0.062809 -0.989151
    outer loop
      vertex 27.035993 11.198675 -147.117792
      vertex 13.583404 5.626430 -149.277709
      vertex 12.966510 6.930744 -149.277709
    endloop
  endfacet
  facet normal 0.132799 0.062809 -0.989151
    outer loop
      vertex 27.035993 11.198675 -147.117792
      vertex 12.966510 6.930744 -149.277709
      vertex 25.808146 13.794741 -147.117792
    endloop
  endfacet
  facet normal 0.126003 0.075524 -0.989151
    outer loop
      vertex 25.808146 13.794741 -147.117792
      vertex 12.966510 6.930744 -149.277709
      vertex 12.224741 8.168311 -149.277709
    endloop
  endfacet
  facet normal 0.126003 0.075524 -0.989151
    outer loop
      vertex 25.808146 13.794741 -147.117792
      vertex 12.224741 8.168311 -149.277709
      vertex 24.331751 16.257956 -147.117792
    endloop
  endfacet
  facet normal 0.117994 0.087510 -0.989151
    outer loop
      vertex 24.331751 16.257956 -147.117792
      vertex 12.224741 8.168311 -149.277709
      vertex 11.365241 9.327212 -149.277709
    endloop
  endfacet
  facet normal 0.117994 0.087510 -0.989151
    outer loop
      vertex 24.331751 16.257956 -147.117792
      vertex 11.365241 9.327212 -149.277709
      vertex 22.621029 18.564599 -147.117792
    endloop
  endfacet
  facet normal 0.108848 0.098654 -0.989151
    outer loop
      vertex 22.621029 18.564599 -147.117792
      vertex 11.365241 9.327212 -149.277709
      vertex 10.396288 10.396288 -149.277709
    endloop
  endfacet
  facet normal 0.108848 0.098654 -0.989151
    outer loop
      vertex 22.621029 18.564599 -147.117792
      vertex 10.396288 10.396288 -149.277709
      vertex 20.692453 20.692453 -147.117792
    endloop
  endfacet
  facet normal 0.098654 0.108848 -0.989151
    outer loop
      vertex 20.692453 20.692453 -147.117792
      vertex 10.396288 10.396288 -149.277709
      vertex 9.327212 11.365241 -149.277709
    endloop
  endfacet
  facet normal 0.098654 0.108848 -0.989151
    outer loop
      vertex 20.692453 20.692453 -147.117792
      vertex 9.327212 11.365241 -149.277709
      vertex 18.564599 22.621029 -147.117792
    endloop
  endfacet
  facet normal 0.087510 0.117994 -0.989151
    outer loop
      vertex 18.564599 22.621029 -147.117792
      vertex 9.327212 11.365241 -149.277709
      vertex 8.168311 12.224741 -149.277709
    endloop
  endfacet
  facet normal 0.087510 0.117994 -0.989151
    outer loop
      vertex 18.564599 22.621029 -147.117792
      vertex 8.168311 12.224741 -149.277709
      vertex 16.257956 24.331751 -147.117792
    endloop
  endfacet
  facet normal 0.075524 0.126003 -0.989151
    outer loop
      vertex 16.257956 24.331751 -147.117792
      vertex 8.168311 12.224741 -149.277709
      vertex 6.930744 12.966510 -149.277709
    endloop
  endfacet
  facet normal 0.075524 0.126003 -0.989151
    outer loop
      vertex 16.257956 24.331751 -147.117792
      vertex 6.930744 12.966510 -149.277709
      vertex 13.794741 25.808146 -147.117792
    endloop
  endfacet
  facet normal 0.062809 0.132799 -0.989151
    outer loop
      vertex 13.794741 25.808146 -147.117792
      vertex 6.930744 12.966510 -149.277709
      vertex 5.626430 13.583404 -149.277709
    endloop
  endfacet
  facet normal 0.062809 0.132799 -0.989151
    outer loop
      vertex 13.794741 25.808146 -147.117792
      vertex 5.626430 13.583404 -149.277709
      vertex 11.198675 27.035993 -147.117792
    endloop
  endfacet
  facet normal 0.049490 0.138316 -0.989151
    outer loop
      vertex 11.198675 27.035993 -147.117792
      vertex 5.626430 13.583404 -149.277709
      vertex 4.267931 14.069483 -149.277709
    endloop
  endfacet
  facet normal 0.049490 0.138316 -0.989151
    outer loop
      vertex 11.198675 27.035993 -147.117792
      vertex 4.267931 14.069483 -149.277709
      vertex 8.494760 28.003470 -147.117792
    endloop
  endfacet
  facet normal 0.035695 0.142501 -0.989151
    outer loop
      vertex 8.494760 28.003470 -147.117792
      vertex 4.267931 14.069483 -149.277709
      vertex 2.868329 14.420065 -149.277709
    endloop
  endfacet
  facet normal 0.035695 0.142501 -0.989151
    outer loop
      vertex 8.494760 28.003470 -147.117792
      vertex 2.868329 14.420065 -149.277709
      vertex 5.709035 28.701257 -147.117792
    endloop
  endfacet
  facet normal 0.021555 0.145314 -0.989151
    outer loop
      vertex 5.709035 28.701257 -147.117792
      vertex 2.868329 14.420065 -149.277709
      vertex 1.441104 14.631774 -149.277709
    endloop
  endfacet
  facet normal 0.021555 0.145314 -0.989151
    outer loop
      vertex 5.709035 28.701257 -147.117792
      vertex 1.441104 14.631774 -149.277709
      vertex 2.868329 29.122636 -147.117792
    endloop
  endfacet
  facet normal 0.007208 0.146727 -0.989151
    outer loop
      vertex 2.868329 29.122636 -147.117792
      vertex 1.441104 14.631774 -149.277709
      vertex 0.000000 14.702571 -149.277709
    endloop
  endfacet
  facet normal 0.007208 0.146727 -0.989151
    outer loop
      vertex 2.868329 29.122636 -147.117792
      vertex 0.000000 14.702571 -149.277709
      vertex 0.000000 29.263548 -147.117792
    endloop
  endfacet
  facet normal -0.007208 0.146727 -0.989151
    outer loop
      vertex 0.000000 29.263548 -147.117792
      vertex 0.000000 14.702571 -149.277709
      vertex -1.441104 14.631774 -149.277709
    endloop
  endfacet
  facet normal -0.007208 0.146727 -0.989151
    outer loop
      vertex 0.000000 29.263548 -147.117792
      vertex -1.441104 14.631774 -149.277709
      vertex -2.868329 29.122636 -147.117792
    endloop
  endfacet
  facet normal -0.021555 0.145314 -0.989151
    outer loop
      vertex -2.868329 29.122636 -147.117792
      vertex -1.441104 14.631774 -149.277709
      vertex -2.868329 14.420065 -149.277709
    endloop
  endfacet
  facet normal -0.021555 0.145314 -0.989151
    outer loop
      vertex -2.868329 29.122636 -147.117792
      vertex -2.868329 14.420065 -149.277709
      vertex -5.709035 28.701257 -147.117792
    endloop
  endfacet
  facet normal -0.035695 0.142501 -0.989151
    outer loop
      vertex -5.709035 28.701257 -147.117792
      vertex -2.868329 14.420065 -149.277709
      vertex -4.267931 14.069483 -149.277709
    endloop
  endfacet
  facet normal -0.035695 0.142501 -0.989151
    outer loop
      vertex -5.709035 28.701257 -147.117792
      vertex -4.267931 14.069483 -149.277709
      vertex -8.494760 28.003470 -147.117792
    endloop
  endfacet
  facet normal -0.049490 0.138316 -0.989151
    outer loop
      vertex -8.494760 28.003470 -147.117792
      vertex -4.267931 14.069483 -149.277709
      vertex -5.626430 13.583404 -149.277709
    endloop
  endfacet
  facet normal -0.049490 0.138316 -0.989151
    outer loop
      vertex -8.494760 28.003470 -147.117792
      vertex -5.626430 13.583404 -149.277709
      vertex -11.198675 27.035993 -147.117792
    endloop
  endfacet
  facet normal -0.062809 0.132799 -0.989151
    outer loop
      vertex -11.198675 27.035993 -147.117792
      vertex -5.626430 13.583404 -149.277709
      vertex -6.930744 12.966510 -149.277709
    endloop
  endfacet
  facet normal -0.062809 0.132799 -0.989151
    outer loop
      vertex -11.198675 27.035993 -147.117792
      vertex -6.930744 12.966510 -149.277709
      vertex -13.794741 25.808146 -147.117792
    endloop
  endfacet
  facet normal -0.075524 0.126003 -0.989151
    outer loop
      vertex -13.794741 25.808146 -147.117792
      vertex -6.930744 12.966510 -149.277709
      vertex -8.168311 12.224741 -149.277709
    endloop
  endfacet
  facet normal -0.075524 0.126003 -0.989151
    outer loop
      vertex -13.794741 25.808146 -147.117792
      vertex -8.168311 12.224741 -149.277709
      vertex -16.257956 24.331751 -147.117792
    endloop
  endfacet
  facet normal -0.087510 0.117994 -0.989151
    outer loop
      vertex -16.257956 24.331751 -147.117792
      vertex -8.168311 12.224741 -149.277709
      vertex -9.327212 11.365241 -149.277709
    endloop
  endfacet
  facet normal -0.087510 0.117994 -0.989151
    outer loop
      vertex -16.257956 24.331751 -147.117792
      vertex -9.327212 11.365241 -149.277709
      vertex -18.564599 22.621029 -147.117792
    endloop
  endfacet
  facet normal -0.098654 0.108848 -0.989151
    outer loop
      vertex -18.564599 22.621029 -147.117792
      vertex -9.327212 11.365241 -149.277709
      vertex -10.396288 10.396288 -149.277709
    endloop
  endfacet
  facet normal -0.098654 0.108848 -0.989151
    outer loop
      vertex -18.564599 22.621029 -147.117792
      vertex -10.396288 10.396288 -149.277709
      vertex -20.692453 20.692453 -147.117792
    endloop
  endfacet
  facet normal -0.108848 0.098654 -0.989151
    outer loop
      vertex -20.692453 20.692453 -147.117792
      vertex -10.396288 10.396288 -149.277709
      vertex -11.365241 9.327212 -149.277709
    endloop
  endfacet
  facet normal -0.108848 0.098654 -0.989151
    outer loop
      vertex -20.692453 20.692453 -147.117792
      vertex -11.365241 9.327212 -149.277709
      vertex -22.621029 18.564599 -147.117792
    endloop
  endfacet
  facet normal -0.117994 0.087510 -0.989151
    outer loop
      vertex -22.621029 18.564599 -147.117792
      vertex -11.365241 9.327212 -149.277709
      vertex -12.224741 8.168311 -149.277709
    endloop
  endfacet
  facet normal -0.117994 0.087510 -0.989151
    outer loop
      vertex -22.621029 18.564599 -147.117792
      vertex -12.224741 8.168311 -149.277709
      vertex -24.331751 16.257956 -147.117792
    endloop
  endfacet
  facet normal -0.126003 0.075524 -0.989151
    outer loop
      vertex -24.331751 16.257956 -147.117792
      vertex -12.224741 8.168311 -149.277709
      vertex -12.966510 6.930744 -149.277709
    endloop
  endfacet
  facet normal -0.126003 0.075524 -0.989151
    outer loop
      vertex -24.331751 16.257956 -147.117792
      vertex -12.966510 6.930744 -149.277709
      vertex -25.808146 13.794741 -147.117792
    endloop
  endfacet
  facet normal -0.132799 0.062809 -0.989151
    outer loop
      vertex -25.808146 13.794741 -147.117792
      vertex -12.966510 6.930744 -149.277709
      vertex -13.583404 5.626430 -149.277709
    endloop
  endfacet
  facet normal -0.132799 0.062809 -0.989151
    outer loop
      vertex -25.808146 13.794741 -147.117792
      vertex -13.583404 5.626430 -149.277709
      vertex -27.035993 11.198675 -147.117792
    endloop
  endfacet
  facet normal -0.138316 0.049490 -0.989151
    outer loop
      vertex -27.035993 11.198675 -147.117792
      vertex -13.583404 5.626430 -149.277709
      vertex -14.069483 4.267931 -149.277709
    endloop
  endfacet
  facet normal -0.138316 0.049490 -0.989151
    outer loop
      vertex -27.035993 11.198675 -147.117792
      vertex -14.069483 4.267931 -149.277709
      vertex -28.003470 8.494760 -147.117792
    endloop
  endfacet
  facet normal -0.142501 0.035695 -0.989151
    outer loop
      vertex -28.003470 8.494760 -147.117792
      vertex -14.069483 4.267931 -149.277709
      vertex -14.420065 2.868329 -149.277709
    endloop
  endfacet
  facet normal -0.142501 0.035695 -0.989151
    outer loop
      vertex -28.003470 8.494760 -147.117792
      vertex -14.420065 2.868329 -149.277709
      vertex -28.701257 5.709035 -147.117792
    endloop
  endfacet
  facet normal -0.145314 0.021555 -0.989151
    outer loop
      vertex -28.701257 5.709035 -147.117792
      vertex -14.420065 2.868329 -149.277709
      vertex -14.631774 1.441104 -149.277709
    endloop
  endfacet
  facet normal -0.145314 0.021555 -0.989151
    outer loop
      vertex -28.701257 5.709035 -147.117792
      vertex -14.631774 1.441104 -149.277709
      vertex -29.122636 2.868329 -147.117792
    endloop
  endfacet
  facet normal -0.146727 0.007208 -0.989151
    outer loop
      vertex -29.122636 2.868329 -147.117792
      vertex -14.631774 1.441104 -149.277709
      vertex -14.702571 0.000000 -149.277709
    endloop
  endfacet
  facet normal -0.146727 0.007208 -0.989151
    outer loop
      vertex -29.122636 2.868329 -147.117792
      vertex -14.702571 0.000000 -149.277709
      vertex -29.263548 0.000000 -147.117792
    endloop
  endfacet
  facet normal -0.146727 -0.007208 -0.989151
    outer loop
      vertex -29.263548 0.000000 -147.117792
      vertex -14.702571 0.000000 -149.277709
      vertex -14.631774 -1.441104 -149.277709
    endloop
  endfacet
  facet normal -0.146727 -0.007208 -0.989151
    outer loop
      vertex -29.263548 0.000000 -147.117792
      vertex -14.631774 -1.441104 -149.277709
      vertex -29.122636 -2.868329 -147.117792
    endloop
  endfacet
  facet normal -0.145314 -0.021555 -0.989151
    outer loop
      vertex -29.122636 -2.868329 -147.117792
      vertex -14.631774 -1.441104 -149.277709
      vertex -14.420065 -2.868329 -149.277709
    endloop
  endfacet
  facet normal -0.145314 -0.021555 -0.989151
    outer loop
      vertex -29.122636 -2.868329 -147.117792
      vertex -14.420065 -2.868329 -149.277709
      vertex -28.701257 -5.709035 -147.117792
    endloop
  endfacet
  facet normal -0.142501 -0.035695 -0.989151
    outer loop
      vertex -28.701257 -5.709035 -147.117792
      vertex -14.420065 -2.868329 -149.277709
      vertex -14.069483 -4.267931 -149.277709
    endloop
  endfacet
  facet normal -0.142501 -0.035695 -0.989151
    outer loop
      vertex -28.701257 -5.709035 -147.117792
      vertex -14.069483 -4.267931 -149.277709
      vertex -28.003470 -8.494760 -147.117792
    endloop
  endfacet
  facet normal -0.138316 -0.049490 -0.989151
    outer loop
      vertex -28.003470 -8.494760 -147.117792
      vertex -14.069483 -4.267931 -149.277709
      vertex -13.583404 -5.626430 -149.277709
    endloop
  endfacet
  facet normal -0.138316 -0.049490 -0.989151
    outer loop
      vertex -28.003470 -8.494760 -147.117792
      vertex -13.583404 -5.626430 -149.277709
      vertex -27.035993 -11.198675 -147.117792
    endloop
  endfacet
  facet normal -0.132799 -0.062809 -0.989151
    outer loop
      vertex -27.035993 -11.198675 -147.117792
      vertex -13.583404 -5.626430 -149.277709
      vertex -12.966510 -6.930744 -149.277709
    endloop
  endfacet
  facet normal -0.132799 -0.062809 -0.989151
    outer loop
      vertex -27.035993 -11.198675 -147.117792
      vertex -12.966510 -6.930744 -149.277709
      vertex -25.808146 -13.794741 -147.117792
    endloop
  endfacet
  facet normal -0.126003 -0.075524 -0.989151
    outer loop
      vertex -25.808146 -13.794741 -147.117792
      vertex -12.966510 -6.930744 -149.277709
      vertex -12.224741 -8.168311 -149.277709
    endloop
  endfacet
  facet normal -0.126003 -0.075524 -0.989151
    outer loop
      vertex -25.808146 -13.794741 -147.117792
      vertex -12.224741 -8.168311 -149.277709
      vertex -24.331751 -16.257956 -147.117792
    endloop
  endfacet
  facet normal -0.117994 -0.087510 -0.989151
    outer loop
      vertex -24.331751 -16.257956 -147.117792
      vertex -12.224741 -8.168311 -149.277709
      vertex -11.365241 -9.327212 -149.277709
    endloop
  endfacet
  facet normal -0.117994 -0.087510 -0.989151
    outer loop
      vertex -24.331751 -16.257956 -147.117792
      vertex -11.365241 -9.327212 -149.277709
      vertex -22.621029 -18.564599 -147.117792
    endloop
  endfacet
  facet normal -0.108848 -0.098654 -0.989151
    outer loop
      vertex -22.621029 -18.564599 -147.117792
      vertex -11.365241 -9.327212 -149.277709
      vertex -10.396288 -10.396288 -149.277709
    endloop
  endfacet
  facet normal -0.108848 -0.098654 -0.989151
    outer loop
      vertex -22.621029 -18.564599 -147.117792
      vertex -10.396288 -10.396288 -149.277709
      vertex -20.692453 -20.692453 -147.117792
    endloop
  endfacet
  facet normal -0.098654 -0.108848 -0.989151
    outer loop
      vertex -20.692453 -20.692453 -147.117792
      vertex -10.396288 -10.396288 -149.277709
      vertex -9.327212 -11.365241 -149.277709
    endloop
  endfacet
  facet normal -0.098654 -0.108848 -0.989151
    outer loop
      vertex -20.692453 -20.692453 -147.117792
      vertex -9.327212 -11.365241 -149.277709
      vertex -18.564599 -22.621029 -147.117792
    endloop
  endfacet
  facet normal -0.087510 -0.117994 -0.989151
    outer loop
      vertex -18.564599 -22.621029 -147.117792
      vertex -9.327212 -11.365241 -149.277709
      vertex -8.168311 -12.224741 -149.277709
    endloop
  endfacet
  facet normal -0.087510 -0.117994 -0.989151
    outer loop
      vertex -18.564599 -22.621029 -147.117792
      vertex -8.168311 -12.224741 -149.277709
      vertex -16.257956 -24.331751 -147.117792
    endloop
  endfacet
  facet normal -0.075524 -0.126003 -0.989151
    outer loop
      vertex -16.257956 -24.331751 -147.117792
      vertex -8.168311 -12.224741 -149.277709
      vertex -6.930744 -12.966510 -149.277709
    endloop
  endfacet
  facet normal -0.075524 -0.126003 -0.989151
    outer loop
      vertex -16.257956 -24.331751 -147.117792
      vertex -6.930744 -12.966510 -149.277709
      vertex -13.794741 -25.808146 -147.117792
    endloop
  endfacet
  facet normal -0.062809 -0.132799 -0.989151
    outer loop
      vertex -13.794741 -25.808146 -147.117792
      vertex -6.930744 -12.966510 -149.277709
      vertex -5.626430 -13.583404 -149.277709
    endloop
  endfacet
  facet normal -0.062809 -0.132799 -0.989151
    outer loop
      vertex -13.794741 -25.808146 -147.117792
      vertex -5.626430 -13.583404 -149.277709
      vertex -11.198675 -27.035993 -147.117792
    endloop
  endfacet
  facet normal -0.049490 -0.138316 -0.989151
    outer loop
      vertex -11.198675 -27.035993 -147.117792
      vertex -5.626430 -13.583404 -149.277709
      vertex -4.267931 -14.069483 -149.277709
    endloop
  endfacet
  facet normal -0.049490 -0.138316 -0.989151
    outer loop
      vertex -11.198675 -27.035993 -147.117792
      vertex -4.267931 -14.069483 -149.277709
      vertex -8.494760 -28.003470 -147.117792
    endloop
  endfacet
  facet normal -0.035695 -0.142501 -0.989151
    outer loop
      vertex -8.494760 -28.003470 -147.117792
      vertex -4.267931 -14.069483 -149.277709
      vertex -2.868329 -14.420065 -149.277709
    endloop
  endfacet
  facet normal -0.035695 -0.142501 -0.989151
    outer loop
      vertex -8.494760 -28.003470 -147.117792
      vertex -2.868329 -14.420065 -149.277709
      vertex -5.709035 -28.701257 -147.117792
    endloop
  endfacet
  facet normal -0.021555 -0.145314 -0.989151
    outer loop
      vertex -5.709035 -28.701257 -147.117792
      vertex -2.868329 -14.420065 -149.277709
      vertex -1.441104 -14.631774 -149.277709
    endloop
  endfacet
  facet normal -0.021555 -0.145314 -0.989151
    outer loop
      vertex -5.709035 -28.701257 -147.117792
      vertex -1.441104 -14.631774 -149.277709
      vertex -2.868329 -29.122636 -147.117792
    endloop
  endfacet
  facet normal -0.007208 -0.146727 -0.989151
    outer loop
      vertex -2.868329 -29.122636 -147.117792
      vertex -1.441104 -14.631774 -149.277709
      vertex -0.000000 -14.702571 -149.277709
    endloop
  endfacet
  facet normal -0.007208 -0.146727 -0.989151
    outer loop
      vertex -2.868329 -29.122636 -147.117792
      vertex -0.000000 -14.702571 -149.277709
      vertex -0.000000 -29.263548 -147.117792
    endloop
  endfacet
  facet normal 0.007208 -0.146727 -0.989151
    outer loop
      vertex -0.000000 -29.263548 -147.117792
      vertex -0.000000 -14.702571 -149.277709
      vertex 1.441104 -14.631774 -149.277709
    endloop
  endfacet
  facet normal 0.007208 -0.146727 -0.989151
    outer loop
      vertex -0.000000 -29.263548 -147.117792
      vertex 1.441104 -14.631774 -149.277709
      vertex 2.868329 -29.122636 -147.117792
    endloop
  endfacet
  facet normal 0.021555 -0.145314 -0.989151
    outer loop
      vertex 2.868329 -29.122636 -147.117792
      vertex 1.441104 -14.631774 -149.277709
      vertex 2.868329 -14.420065 -149.277709
    endloop
  endfacet
  facet normal 0.021555 -0.145314 -0.989151
    outer loop
      vertex 2.868329 -29.122636 -147.117792
      vertex 2.868329 -14.420065 -149.277709
      vertex 5.709035 -28.701257 -147.117792
    endloop
  endfacet
  facet normal 0.035695 -0.142501 -0.989151
    outer loop
      vertex 5.709035 -28.701257 -147.117792
      vertex 2.868329 -14.420065 -149.277709
      vertex 4.267931 -14.069483 -149.277709
    endloop
  endfacet
  facet normal 0.035695 -0.142501 -0.989151
    outer loop
      vertex 5.709035 -28.701257 -147.117792
      vertex 4.267931 -14.069483 -149.277709
      vertex 8.494760 -28.003470 -147.117792
    endloop
  endfacet
  facet normal 0.049490 -0.138316 -0.989151
    outer loop
      vertex 8.494760 -28.003470 -147.117792
      vertex 4.267931 -14.069483 -149.277709
      vertex 5.626430 -13.583404 -149.277709
    endloop
  endfacet
  facet normal 0.049490 -0.138316 -0.989151
    outer loop
      vertex 8.494760 -28.003470 -147.117792
      vertex 5.626430 -13.583404 -149.277709
      vertex 11.198675 -27.035993 -147.117792
    endloop
  endfacet
  facet normal 0.062809 -0.132799 -0.989151
    outer loop
      vertex 11.198675 -27.035993 -147.117792
      vertex 5.626430 -13.583404 -149.277709
      vertex 6.930744 -12.966510 -149.277709
    endloop
  endfacet
  facet normal 0.062809 -0.132799 -0.989151
    outer loop
      vertex 11.198675 -27.035993 -147.117792
      vertex 6.930744 -12.966510 -149.277709
      vertex 13.794741 -25.808146 -147.117792
    endloop
  endfacet
  facet normal 0.075524 -0.126003 -0.989151
    outer loop
      vertex 13.794741 -25.808146 -147.117792
      vertex 6.930744 -12.966510 -149.277709
      vertex 8.168311 -12.224741 -149.277709
    endloop
  endfacet
  facet normal 0.075524 -0.126003 -0.989151
    outer loop
      vertex 13.794741 -25.808146 -147.117792
      vertex 8.168311 -12.224741 -149.277709
      vertex 16.257956 -24.331751 -147.117792
    endloop
  endfacet
  facet normal 0.087510 -0.117994 -0.989151
    outer loop
      vertex 16.257956 -24.331751 -147.117792
      vertex 8.168311 -12.224741 -149.277709
      vertex 9.327212 -11.365241 -149.277709
    endloop
  endfacet
  facet normal 0.087510 -0.117994 -0.989151
    outer loop
      vertex 16.257956 -24.331751 -147.117792
      vertex 9.327212 -11.365241 -149.277709
      vertex 18.564599 -22.621029 -147.117792
    endloop
  endfacet
  facet normal 0.098654 -0.108848 -0.989151
    outer loop
      vertex 18.564599 -22.621029 -147.117792
      vertex 9.327212 -11.365241 -149.277709
      vertex 10.396288 -10.396288 -149.277709
    endloop
  endfacet
  facet normal 0.098654 -0.108848 -0.989151
    outer loop
      vertex 18.564599 -22.621029 -147.117792
      vertex 10.396288 -10.396288 -149.277709
      vertex 20.692453 -20.692453 -147.117792
    endloop
  endfacet
  facet normal 0.108848 -0.098654 -0.989151
    outer loop
      vertex 20.692453 -20.692453 -147.117792
      vertex 10.396288 -10.396288 -149.277709
      vertex 11.365241 -9.327212 -149.277709
    endloop
  endfacet
  facet normal 0.108848 -0.098654 -0.989151
    outer loop
      vertex 20.692453 -20.692453 -147.117792
      vertex 11.365241 -9.327212 -149.277709
      vertex 22.621029 -18.564599 -147.117792
    endloop
  endfacet
  facet normal 0.117994 -0.087510 -0.989151
    outer loop
      vertex 22.621029 -18.564599 -147.117792
      vertex 11.365241 -9.327212 -149.277709
      vertex 12.224741 -8.168311 -149.277709
    endloop
  endfacet
  facet normal 0.117994 -0.087510 -0.989151
    outer loop
      vertex 22.621029 -18.564599 -147.117792
      vertex 12.224741 -8.168311 -149.277709
      vertex 24.331751 -16.257956 -147.117792
    endloop
  endfacet
  facet normal 0.126003 -0.075524 -0.989151
    outer loop
      vertex 24.331751 -16.257956 -147.117792
      vertex 12.224741 -8.168311 -149.277709
      vertex 12.966510 -6.930744 -149.277709
    endloop
  endfacet
  facet normal 0.126003 -0.075524 -0.989151
    outer loop
      vertex 24.331751 -16.257956 -147.117792
      vertex 12.966510 -6.930744 -149.277709
      vertex 25.808146 -13.794741 -147.117792
    endloop
  endfacet
  facet normal 0.132799 -0.062809 -0.989151
    outer loop
      vertex 25.808146 -13.794741 -147.117792
      vertex 12.966510 -6.930744 -149.277709
      vertex 13.583404 -5.626430 -149.277709
    endloop
  endfacet
  facet normal 0.132799 -0.062809 -0.989151
    outer loop
      vertex 25.808146 -13.794741 -147.117792
      vertex 13.583404 -5.626430 -149.277709
      vertex 27.035993 -11.198675 -147.117792
    endloop
  endfacet
  facet normal 0.138316 -0.049490 -0.989151
    outer loop
      vertex 27.035993 -11.198675 -147.117792
      vertex 13.583404 -5.626430 -149.277709
      vertex 14.069483 -4.267931 -149.277709
    endloop
  endfacet
  facet normal 0.138316 -0.049490 -0.989151
    outer loop
      vertex 27.035993 -11.198675 -147.117792
      vertex 14.069483 -4.267931 -149.277709
      vertex 28.003470 -8.494760 -147.117792
    endloop
  endfacet
  facet normal 0.142501 -0.035695 -0.989151
    outer loop
      vertex 28.003470 -8.494760 -147.117792
      vertex 14.069483 -4.267931 -149.277709
      vertex 14.420065 -2.868329 -149.277709
    endloop
  endfacet
  facet normal 0.142501 -0.035695 -0.989151
    outer loop
      vertex 28.003470 -8.494760 -147.117792
      vertex 14.420065 -2.868329 -149.277709
      vertex 28.701257 -5.709035 -147.117792
    endloop
  endfacet
  facet normal 0.145314 -0.021555 -0.989151
    outer loop
      vertex 28.701257 -5.709035 -147.117792
      vertex 14.420065 -2.868329 -149.277709
      vertex 14.631774 -1.441104 -149.277709
    endloop
  endfacet
  facet normal 0.145314 -0.021555 -0.989151
    outer loop
      vertex 28.701257 -5.709035 -147.117792
      vertex 14.631774 -1.441104 -149.277709
      vertex 29.122636 -2.868329 -147.117792
    endloop
  endfacet
  facet normal 0.146727 -0.007208 -0.989151
    outer loop
      vertex 29.122636 -2.868329 -147.117792
      vertex 14.631774 -1.441104 -149.277709
      vertex 14.702571 -0.000000 -149.277709
    endloop
  endfacet
  facet normal 0.146727 -0.007208 -0.989151
    outer loop
      vertex 29.122636 -2.868329 -147.117792
      vertex 14.702571 -0.000000 -149.277709
      vertex 29.263548 -0.000000 -147.117792
    endloop
  endfacet
  facet normal 0.000000 0.000000 -0.000000
    outer loop
      vertex 14.702571 0.000000 -149.277709
      vertex 0.000000 0.000000 -150.000000
      vertex 0.000000 0.000000 -150.000000
    endloop
  endfacet
  facet normal 0.000000 0.000000 -0.000000
    outer loop
      vertex 14.631774 1.441104 -149.277709
      vertex 0.000000 0.000000 -150.000000
      vertex 0.000000 0.000000 -150.000000
    endloop
  endfacet
  facet normal 0.000000 0.000000 -0.000000
    outer loop
      vertex 14.420065 2.868329 -149.277709
      vertex 0.000000 0.000000 -150.000000
      vertex 0.000000 0.000000 -150.000000
    endloop
  endfacet
  facet normal 0.000000 0.000000 -0.000000
    outer loop
      vertex 14.069483 4.267931 -149.277709
      vertex 0.000000 0.000000 -150.000000
      vertex 0.000000 0.000000 -150.000000
    endloop
  endfacet
  facet normal 0.000000 0.000000 -0.000000
    outer loop
      vertex 13.583404 5.626430 -149.277709
      vertex 0.000000 0.000000 -150.000000
      vertex 0.000000 0.000000 -150.000000
    endloop
  endfacet
  facet normal 0.000000 0.000000 0.000000
    outer loop
      vertex 12.966510 6.930744 -149.277709
      vertex 0.000000 0.000000 -150.000000
      vertex 0.000000 0.000000 -150.000000
    endloop
  endfacet
  facet normal 0.000000 0.000000 -0.000000
    outer loop
      vertex 12.224741 8.168311 -149.277709
      vertex 0.000000 0.000000 -150.000000
      vertex 0.000000 0.000000 -150.000000
    endloop
  endfacet
  facet normal 0.000000 0.000000 -0.000000
    outer loop
      vertex 11.365241 9.327212 -149.277709
      vertex 0.000000 0.000000 -150.000000
      vertex 0.000000 0.000000 -150.000000
    endloop
  endfacet
  facet normal 0.000000 0.000000 -0.000000
    outer loop
      vertex 10.396288 10.396288 -149.277709
      vertex 0.000000 0.000000 -150.000000
      vertex 0.000000 0.000000 -150.000000
    endloop
  endfacet
  facet normal 0.000000 0.000000 -0.000000
    outer loop
      vertex 9.327212 11.365241 -149.277709
      vertex 0.000000 0.000000 -150.000000
      vertex 0.000000 0.000000 -150.000000
    endloop
  endfacet
  facet normal 0.000000 0.000000 -0.000000
    outer loop
      vertex 8.168311 12.224741 -149.277709
      vertex 0.000000 0.000000 -150.000000
      vertex 0.000000 0.000000 -150.000000
    endloop
  endfacet
  facet normal 0.000000 0.000000 -0.000000
    outer loop
      vertex 6.930744 12.966510 -149.277709
      vertex 0.000000 0.000000 -150.000000
      vertex 0.000000 0.000000 -150.000000
    endloop
  endfacet
  facet normal 0.000000 0.000000 -0.000000
    outer loop
      vertex 5.626430 13.583404 -149.277709
      vertex 0.000000 0.000000 -150.000000
      vertex 0.000000 0.000000 -150.000000
    endloop
  endfacet
  facet normal 0.000000 0.000000 -0.000000
    outer loop
      vertex 4.267931 14.069483 -149.277709
      vertex 0.000000 0.000000 -150.000000
      vertex 0.000000 0.000000 -150.000000
    endloop
  endfacet
  facet normal 0.000000 0.000000 -0.000000
    outer loop
      vertex 2.868329 14.420065 -149.277709
      vertex 0.000000 0.000000 -150.000000
      vertex 0.000000 0.000000 -150.000000
    endloop
  endfacet
  facet normal 0.000000 0.000000 -0.000000
    outer loop
      vertex 1.441104 14.631774 -149.277709
      vertex 0.000000 0.000000 -150.000000
      vertex 0.000000 0.000000 -150.000000
    endloop
  endfacet
  facet normal 0.000000 0.000000 -0.000000
    outer loop
      vertex 0.000000 14.702571 -149.277709
      vertex 0.000000 0.000000 -150.000000
      vertex -0.000000 0.000000 -150.000000
    endloop
  endfacet
  facet normal 0.000000 0.000000 -0.000000
    outer loop
      vertex -1.441104 14.631774 -149.277709
      vertex -0.000000 0.000000 -150.000000
      vertex -0.000000 0.000000 -150.000000
    endloop
  endfacet
  facet normal 0.000000 0.000000 -0.000000
    outer loop
      vertex -2.868329 14.420065 -149.277709
      vertex -0.000000 0.000000 -150.000000
      vertex -0.000000 0.000000 -150.000000
    endloop
  endfacet
  facet normal 0.000000 0.000000 -0.000000
    outer loop
      vertex -4.267931 14.069483 -149.277709
      vertex -0.000000 0.000000 -150.000000
      vertex -0.000000 0.000000 -150.000000
    endloop
  endfacet
  facet normal 0.000000 0.000000 -0.000000
    outer loop
      vertex -5.626430 13.583404 -149.277709
      vertex -0.000000 0.000000 -150.000000
      vertex -0.000000 0.000000 -150.000000
    endloop
  endfacet
  facet normal 0.000000 0.000000 -0.000000
    outer loop
      vertex -6.930744 12.966510 -149.277709
      vertex -0.000000 0.000000 -150.000000
      vertex -0.000000 0.000000 -150.000000
    endloop
  endfacet
  facet normal 0.000000 0.000000 -0.000000
    outer loop
      vertex -8.168311 12.224741 -149.277709
      vertex -0.000000 0.000000 -150.000000
      vertex -0.000000 0.000000 -150.000000
    endloop
  endfacet
  facet normal 0.000000 0.000000 -0.000000
    outer loop
      vertex -9.327212 11.365241 -149.277709
      vertex -0.000000 0.000000 -150.000000
      vertex -0.000000 0.000000 -150.000000
    endloop
  endfacet
  facet normal 0.000000 0.000000 -0.000000
    outer loop
      vertex -10.396288 10.396288 -149.277709
      vertex -0.000000 0.000000 -150.000000
      vertex -0.000000 0.000000 -150.000000
    endloop
  endfacet
  facet normal -0.000000 0.000000 -0.000000
    outer loop
      vertex -11.365241 9.327212 -149.277709
      vertex -0.000000 0.000000 -150.000000
      vertex -0.000000 0.000000 -150.000000
    endloop
  endfacet
  facet normal -0.000000 0.000000 -0.000000
    outer loop
      vertex -12.224741 8.168311 -149.277709
      vertex -0.000000 0.000000 -150.000000
      vertex -0.000000 0.000000 -150.000000
    endloop
  endfacet
  facet normal -0.000000 0.000000 -0.000000
    outer loop
      vertex -12.966510 6.930744 -149.277709
      vertex -0.000000 0.000000 -150.000000
      vertex -0.000000 0.000000 -150.000000
    endloop
  endfacet
  facet normal -0.000000 0.000000 -0.000000
    outer loop
      vertex -13.583404 5.626430 -149.277709
      vertex -0.000000 0.000000 -150.000000
      vertex -0.000000 0.000000 -150.000000
    endloop
  endfacet
  facet normal -0.000000 0.000000 -0.000000
    outer loop
      vertex -14.069483 4.267931 -149.277709
      vertex -0.000000 0.000000 -150.000000
      vertex -0.000000 0.000000 -150.000000
    endloop
  endfacet
  facet normal -0.000000 0.000000 -0.000000
    outer loop
      vertex -14.420065 2.868329 -149.277709
      vertex -0.000000 0.000000 -150.000000
      vertex -0.000000 0.000000 -150.000000
    endloop
  endfacet
  facet normal -0.000000 0.000000 -0.000000
    outer loop
      vertex -14.631774 1.441104 -149.277709
      vertex -0.000000 0.000000 -150.000000
      vertex -0.000000 0.000000 -150.000000
    endloop
  endfacet
  facet normal -0.000000 0.000000 -0.000000
    outer loop
      vertex -14.702571 0.000000 -149.277709
      vertex -0.000000 0.000000 -150.000000
      vertex -0.000000 -0.000000 -150.000000
    endloop
  endfacet
  facet normal -0.000000 0.000000 -0.000000
    outer loop
      vertex -14.631774 -1.441104 -149.277709
      vertex -0.000000 -0.000000 -150.000000
      vertex -0.000000 -0.000000 -150.000000
    endloop
  endfacet
  facet normal -0.000000 0.000000 -0.000000
    outer loop
      vertex -14.420065 -2.868329 -149.277709
      vertex -0.000000 -0.000000 -150.000000
      vertex -0.000000 -0.000000 -150.000000
    endloop
  endfacet
  facet normal -0.000000 0.000000 -0.000000
    outer loop
      vertex -14.069483 -4.267931 -149.277709
      vertex -0.000000 -0.000000 -150.000000
      vertex -0.000000 -0.000000 -150.000000
    endloop
  endfacet
  facet normal -0.000000 -0.000000 -0.000000
    outer loop
      vertex -13.583404 -5.626430 -149.277709
      vertex -0.000000 -0.000000 -150.000000
      vertex -0.000000 -0.000000 -150.000000
    endloop
  endfacet
  facet normal -0.000000 0.000000 0.000000
    outer loop
      vertex -12.966510 -6.930744 -149.277709
      vertex -0.000000 -0.000000 -150.000000
      vertex -0.000000 -0.000000 -150.000000
    endloop
  endfacet
  facet normal -0.000000 -0.000000 -0.000000
    outer loop
      vertex -12.224741 -8.168311 -149.277709
      vertex -0.000000 -0.000000 -150.000000
      vertex -0.000000 -0.000000 -150.000000
    endloop
  endfacet
  facet normal 0.000000 0.000000 -0.000000
    outer loop
      vertex -11.365241 -9.327212 -149.277709
      vertex -0.000000 -0.000000 -150.000000
      vertex -0.000000 -0.000000 -150.000000
    endloop
  endfacet
  facet normal -0.000000 0.000000 -0.000000
    outer loop
      vertex -10.396288 -10.396288 -149.277709
      vertex -0.000000 -0.000000 -150.000000
      vertex -0.000000 -0.000000 -150.000000
    endloop
  endfacet
  facet normal -0.000000 -0.000000 -0.000000
    outer loop
      vertex -9.327212 -11.365241 -149.277709
      vertex -0.000000 -0.000000 -150.000000
      vertex -0.000000 -0.000000 -150.000000
    endloop
  endfacet
  facet normal 0.000000 -0.000000 -0.000000
    outer loop
      vertex -8.168311 -12.224741 -149.277709
      vertex -0.000000 -0.000000 -150.000000
      vertex -0.000000 -0.000000 -150.000000
    endloop
  endfacet
  facet normal 0.000000 -0.000000 -0.000000
    outer loop
      vertex -6.930744 -12.966510 -149.277709
      vertex -0.000000 -0.000000 -150.000000
      vertex -0.000000 -0.000000 -150.000000
    endloop
  endfacet
  facet normal 0.000000 -0.000000 -0.000000
    outer loop
      vertex -5.626430 -13.583404 -149.277709
      vertex -0.000000 -0.000000 -150.000000
      vertex -0.000000 -0.000000 -150.000000
    endloop
  endfacet
  facet normal 0.000000 -0.000000 -0.000000
    outer loop
      vertex -4.267931 -14.069483 -149.277709
      vertex -0.000000 -0.000000 -150.000000
      vertex -0.000000 -0.000000 -150.000000
    endloop
  endfacet
  facet normal 0.000000 -0.000000 -0.000000
    outer loop
      vertex -2.868329 -14.420065 -149.277709
      vertex -0.000000 -0.000000 -150.000000
      vertex -0.000000 -0.000000 -150.000000
    endloop
  endfacet
  facet normal 0.000000 -0.000000 -0.000000
    outer loop
      vertex -1.441104 -14.631774 -149.277709
      vertex -0.000000 -0.000000 -150.000000
      vertex -0.000000 -0.000000 -150.000000
    endloop
  endfacet
  facet normal 0.000000 -0.000000 -0.000000
    outer loop
      vertex -0.000000 -14.702571 -149.277709
      vertex -0.000000 -0.000000 -150.000000
      vertex 0.000000 -0.000000 -150.000000
    endloop
  endfacet
  facet normal 0.000000 -0.000000 -0.000000
    outer loop
      vertex 1.441104 -14.631774 -149.277709
      vertex 0.000000 -0.000000 -150.000000
      vertex 0.000000 -0.000000 -150.000000
    endloop
  endfacet
  facet normal 0.000000 -0.000000 -0.000000
    outer loop
      vertex 2.868329 -14.420065 -149.277709
      vertex 0.000000 -0.000000 -150.000000
      vertex 0.000000 -0.000000 -150.000000
    endloop
  endfacet
  facet normal 0.000000 -0.000000 -0.000000
    outer loop
      vertex 4.267931 -14.069483 -149.277709
      vertex 0.000000 -0.000000 -150.000000
      vertex 0.000000 -0.000000 -150.000000
    endloop
  endfacet
  facet normal 0.000000 -0.000000 -0.000000
    outer loop
      vertex 5.626430 -13.583404 -149.277709
      vertex 0.000000 -0.000000 -150.000000
      vertex 0.000000 -0.000000 -150.000000
    endloop
  endfacet
  facet normal 0.000000 -0.000000 -0.000000
    outer loop
      vertex 6.930744 -12.966510 -149.277709
      vertex 0.000000 -0.000000 -150.000000
      vertex 0.000000 -0.000000 -150.000000
    endloop
  endfacet
  facet normal 0.000000 -0.000000 -0.000000
    outer loop
      vertex 8.168311 -12.224741 -149.277709
      vertex 0.000000 -0.000000 -150.000000
      vertex 0.000000 -0.000000 -150.000000
    endloop
  endfacet
  facet normal 0.000000 0.000000 -0.000000
    outer loop
      vertex 9.327212 -11.365241 -149.277709
      vertex 0.000000 -0.000000 -150.000000
      vertex 0.000000 -0.000000 -150.000000
    endloop
  endfacet
  facet normal 0.000000 -0.000000 -0.000000
    outer loop
      vertex 10.396288 -10.396288 -149.277709
      vertex 0.000000 -0.000000 -150.000000
      vertex 0.000000 -0.000000 -150.000000
    endloop
  endfacet
  facet normal 0.000000 -0.000000 -0.000000
    outer loop
      vertex 11.365241 -9.327212 -149.277709
      vertex 0.000000 -0.000000 -150.000000
      vertex 0.000000 -0.000000 -150.000000
    endloop
  endfacet
  facet normal 0.000000 0.000000 -0.000000
    outer loop
      vertex 12.224741 -8.168311 -149.277709
      vertex 0.000000 -0.000000 -150.000000
      vertex 0.000000 -0.000000 -150.000000
    endloop
  endfacet
  facet normal 0.000000 -0.000000 -0.000000
    outer loop
      vertex 12.966510 -6.930744 -149.277709
      vertex 0.000000 -0.000000 -150.000000
      vertex 0.000000 -0.000000 -150.000000
    endloop
  endfacet
  facet normal 0.000000 0.000000 -0.000000
    outer loop
      vertex 13.583404 -5.626430 -149.277709
      vertex 0.000000 -0.000000 -150.000000
      vertex 0.000000 -0.000000 -150.000000
    endloop
  endfacet
  facet normal 0.000000 0.000000 -0.000000
    outer loop
      vertex 14.069483 -4.267931 -149.277709
      vertex 0.000000 -0.000000 -150.000000
      vertex 0.000000 -0.000000 -150.000000
    endloop
  endfacet
  facet normal 0.000000 0.000000 -0.000000
    outer loop
      vertex 14.420065 -2.868329 -149.277709
      vertex 0.000000 -0.000000 -150.000000
      vertex 0.000000 -0.000000 -150.000000
    endloop
  endfacet
  facet normal 0.000000 0.000000 -0.000000
    outer loop
      vertex 14.631774 -1.441104 -149.277709
      vertex 0.000000 -0.000000 -150.000000
      vertex 0.000000 -0.000000 -150.000000
    endloop
  endfacet
endsolid sphere_r150
